# Object Export From Tinkercad Server 2015

mtllib obj.mtl

o obj_0
v 79.9 		-39.34 		42.572
v 79.9 		-39.34 		33.572
v 79.9 		-19.403 		33.572
v 79.9 		-19.403 		42.572
v 79.9 		20.404 		42.572
v 79.9 		20.404 		33.572
v 79.9 		40.304 		33.572
v 79.9 		40.304 		42.572
v -67.962 		101.297 		0.247
v -69.4835 		101.297 		0.247
v -67.962 		101.1 		0.303
v -6.1183 		96.2156 		32.5904
v 23.903 		98.698 		45.735
v 23.95 		98.698 		45.81
v 23.994 		98.698 		45.892
v 0 		101.1 		0.303
v 24.034 		98.698 		45.981
v 24.072 		98.698 		46.077
v 46.979 		-97.91 		51.195
v 46.771 		-97.91 		51.142
v -64.5067 		100.503 		0.303
v -21.632 		-98.9 		10.339
v -48.7055 		-70.17 		44.6801
v -67.962 		100.503 		0.247
v -45.7057 		-70.17 		44.7323
v -21.632 		-97.91 		10.3327
v -67.998 		100.503 		0.247
v 7.2754 		98.115 		4.301
v -45.7047 		-70.7756 		44.4351
v 46.579 		-97.91 		51.068
v -48.7045 		-70.7302 		44.4053
v 46.402 		-97.91 		50.973
v 46.241 		-97.91 		50.857
v 46.087 		-97.91 		50.73
v -67.962 		100.503 		0.303
v 45.946 		-97.91 		50.588
v 45.816 		-97.91 		50.432
v 7.2754 		97.5485 		4.301
v 45.699 		-97.91 		50.262
v 45.594 		-97.91 		50.077
v 45.501 		-97.91 		49.877
v 45.42 		-97.91 		49.672
v 45.348 		-97.91 		49.457
v -45.7039 		-71.285 		44.1851
v 45.286 		-97.91 		49.232
v -48.7036 		-71.285 		44.133
v 7.2432 		-98.507 		10.339
v 5.3992 		-97.91 		10.339
v -39.218 		85.4544 		6.572
v -8.0505 		-97.91 		10.339
v -45.7015 		-72.318 		43.498
v -48.7013 		-72.318 		43.4458
v -48.6999 		-72.7875 		43.036
v -45.7 		-72.8256 		43.0548
v -45.6988 		-73.253 		42.6818
v -48.6985 		-73.253 		42.6296
v 22.549 		98.698 		47.101
v -22.1289 		-97.91 		10.3325
v 22.56 		98.698 		46.95
v 22.574 		98.698 		46.805
v 22.588 		98.698 		46.665
v -2.996 		97.914 		4.299
v 22.605 		98.698 		46.532
v -2.9959 		97.1776 		4.299
v 5.3992 		-97.91 		10.3453
v 22.626 		98.698 		46.405
v 22.65 		98.698 		46.285
v -6.8091 		95.943 		4.299
v 71.042 		101.1 		0.303
v 22.678 		98.698 		46.171
v 73.079 		101.1 		0.303
v 72.489 		101.1 		0.408
v 72.6515 		101.1 		0.303
v 72.4659 		101.1 		0.4335
v 24.103 		98.698 		46.18
v 15.628 		98.698 		41.594
v 24.132 		98.698 		46.29
v 15.745 		98.698 		41.586
v 24.158 		98.698 		46.405
v 15.862 		98.698 		41.594
v 24.18 		98.698 		46.527
v 15.974 		98.698 		41.616
v 24.2 		98.698 		46.656
v 16.079 		98.698 		41.654
v 24.216 		98.698 		46.79
v 24.23 		98.698 		46.931
v 16.178 		98.698 		41.706
v 24.241 		98.698 		47.079
v 16.271 		98.698 		41.774
v 16.359 		98.698 		41.857
v -21.204 		87.9649 		4.299
v 14.788 		98.698 		42.497
v 24.26 		98.698 		47.91
v 24.257 		98.698 		48.083
v 14.847 		98.698 		42.339
v -21.2021 		88.3286 		4.299
v -21.204 		88.042 		4.299
v 14.911 		98.698 		42.196
v -9.539 		-93.1804 		13.774
v -6.8784 		-93.9425 		14.6664
v -9.539 		-93.0796 		13.774
v 22.534 		98.698 		48.118
v 14.979 		98.698 		42.068
v -18.718 		-90.5519 		11.16
v -18.718 		-90.1033 		11.16
v 22.53 		98.698 		47.942
v 22.529 		98.698 		47.76
v 15.053 		101.1 		41.955
v -22.1075 		-94.7061 		10.3377
v -22.0731 		-89.5913 		10.346
v 22.53 		98.698 		47.587
v 15.132 		101.1 		41.857
v 22.534 		98.698 		47.419
v 15.219 		101.1 		41.774
v -21.632 		-94.9908 		10.3374
v 15.312 		101.1 		41.706
v -45.708 		-65.9678 		45.4144
v -48.7078 		-65.9172 		45.359
v -48.7079 		-66.534 		45.3993
v -45.7081 		-66.534 		45.4514
v 15.411 		101.1 		41.654
v -21.632 		-94.0261 		10.339
v 15.517 		101.1 		41.616
v -45.6988 		-59.816 		42.6818
v -48.6985 		-59.816 		42.6296
v 45.312 		-97.91 		52.743
v -45.7003 		-60.3236 		43.1249
v -48.6999 		-60.2855 		43.0395
v 45.724 		-97.91 		52.813
v 46.156 		-97.91 		52.868
v 46.61 		-97.91 		52.907
v 22.54 		98.698 		47.257
v 47.085 		-97.91 		52.93
v 24.25 		98.698 		47.232
v -39.218 		82.2903 		6.572
v -64.5065 		100.503 		0.103
v -39.218 		82.4998 		6.572
v 24.256 		98.698 		47.392
v -67.998 		100.503 		0.103
v 24.26 		98.698 		47.559
v 24.261 		98.698 		47.732
v -45.203 		80.405 		5.5375
v -45.5732 		80.4404 		5.4735
v -64.5067 		-97.91 		0.303
v 24.252 		98.698 		48.252
v -4.713 		-94.925 		10.339
v -3.8207 		-94.925 		10.339
v -4.713 		-94.6361 		10.339
v 24.245 		98.698 		48.416
v -4.713 		-94.925 		10.3454
v -3.8207 		-94.925 		10.3458
v 24.236 		98.698 		48.575
v 24.225 		98.698 		48.73
v -4.713 		-94.6361 		10.3459
v 24.209 		98.698 		48.878
v 24.189 		98.698 		49.02
v -6.8391 		-93.9478 		10.346
v 22.61 		98.698 		49.046
v 22.591 		98.698 		48.906
v 22.574 		98.698 		48.758
v -45.203 		80.405 		0.303
v 22.56 		98.698 		48.608
v 22.549 		98.698 		48.451
v 22.54 		98.698 		48.288
v -33.3203 		-82.4033 		0.303
v -45.5224 		-78.4526 		0.303
v -45.203 		-77.4661 		0.303
v 1.9 		95.8081 		4.301
v 1.9 		95.2429 		4.301
v 25.784 		98.698 		42.912
v 25.795 		98.698 		42.811
v 25.802 		98.698 		42.706
v 25.804 		98.698 		42.598
v 49.306 		101.1 		49.663
v 49.273 		101.1 		49.591
v 49.241 		101.1 		49.514
v 25.336 		-94.93 		0.303
v 49.214 		101.1 		49.433
v 25.336 		-94.927 		0.303
v 49.191 		101.1 		49.343
v 49.174 		101.1 		49.243
v -2.9954 		93.7008 		4.299
v -2.9955 		94.2232 		4.299
v 27.861 		98.698 		42.617
v 8.198 		98.018 		0.303
v 27.868 		98.698 		42.746
v 8.198 		97.2268 		0.303
v 27.87 		98.698 		42.884
v 25.333 		98.698 		43.989
v 25.39 		98.698 		43.907
v 25.445 		98.698 		43.824
v 25.497 		98.698 		43.739
v 25.544 		98.698 		43.653
v 25.586 		98.698 		43.565
v 25.626 		98.698 		43.475
v 25.662 		98.698 		43.384
v 25.694 		98.698 		43.291
v 25.723 		98.698 		43.197
v 25.748 		98.698 		43.105
v 25.768 		98.698 		43.01
v 5.331 		-94.93 		0.303
v 25.127 		98.698 		45.017
v 5.3675 		-94.93 		0.303
v 25.043 		98.698 		44.934
v 24.958 		98.698 		44.858
v 24.872 		98.698 		44.791
v 24.784 		98.698 		44.732
v 24.694 		98.698 		44.68
v 5.331 		-94.9182 		0.303
v 5.8566 		-95.0884 		0.303
v 5.9079 		-94.93 		0.303
v 5.9095 		-94.925 		15.5573
v 5.2771 		-94.925 		15.557
v 5.9095 		-94.925 		14.74
v 5.9095 		-94.925 		15.3611
v 24.774 		98.698 		44.604
v 24.853 		98.698 		44.528
v 24.929 		98.698 		44.452
v 25.003 		98.698 		44.376
v 25.075 		98.698 		44.3
v 25.145 		98.698 		44.224
v 25.21 		98.698 		44.147
v 25.273 		98.698 		44.069
v 5.9079 		-94.93 		14.74
v 15.628 		101.1 		41.594
v 29.773 		98.698 		42.884
v 15.745 		101.1 		41.586
v -34.2 		10.65 		0.572
v 29.776 		98.698 		42.746
v 29.783 		98.698 		42.617
v -34.2 		10.65 		5.57
v -45.7015 		-60.751 		43.498
v -48.7013 		-60.751 		43.4458
v 49.655 		101.1 		50.018
v -45.7039 		-61.784 		44.1851
v -48.7036 		-61.784 		44.133
v 49.607 		101.1 		49.992
v 48.953 		-97.91 		50.64
v 48.713 		-97.91 		50.855
v 48.442 		-97.91 		51.022
v 48.139 		-97.91 		51.142
v 47.806 		-97.91 		51.213
v 47.442 		-97.91 		51.237
v 47.203 		-97.91 		51.227
v -48.7045 		-62.3437 		44.4079
v -45.7049 		-62.3891 		44.4823
v -45.7057 		-62.898 		44.7323
v -48.7055 		-62.898 		44.6801
v 49.559 		101.1 		49.961
v 47.582 		-97.91 		52.938
v 49.512 		101.1 		49.925
v 48.067 		-97.91 		52.929
v -45.7064 		-63.5374 		44.948
v -48.7062 		-63.4894 		44.8797
v 15.862 		101.1 		41.594
v 48.535 		-97.91 		52.904
v -44.602 		10.65 		5.57
v 49.467 		101.1 		49.885
v -45.707 		-64.075 		45.1293
v -48.7068 		-64.075 		45.0772
v -48.7072 		-64.6876 		45.1984
v -45.7075 		-64.7373 		45.2603
v -45.7079 		-65.294 		45.3704
v 49.423 		101.1 		49.839
v -48.7076 		-65.294 		45.3183
v 5.849 		-95.112 		15.557
v 49.382 		101.1 		49.786
v -45.2 		10.65 		0.572
v 49.343 		101.1 		49.728
v -48.7079 		-36.431 		45.3996
v -45.7081 		-36.431 		45.4517
v -45.708 		-37.1036 		45.4078
v -48.7078 		-37.053 		45.359
v -45.7079 		-37.671 		45.3712
v -48.7076 		-37.671 		45.3191
v 50.044 		101.1 		50.098
v -45.2 		10.65 		5.572
v -45.7074 		-38.3321 		45.2399
v -48.7072 		-38.2824 		45.1977
v -34.7278 		83.9985 		32.5944
v 32.216 		98.698 		42.577
v -44.602 		10.65 		5.572
v 32.222 		98.698 		42.706
v -45.707 		-38.89 		45.1291
v 49.998 		101.1 		50.097
v -48.7068 		-38.89 		45.077
v 32.226 		98.698 		42.846
v -35.6003 		86.6706 		32.5904
v 32.227 		98.698 		42.998
v 49.952 		101.1 		50.094
v 50.9 		-75.123 		0.172
v 49.904 		101.1 		50.088
v -5.2457 		93.5436 		32.5944
v 50.903 		-75.123 		0.303
v 49.856 		101.1 		50.079
v 26.998 		-97.91 		1.498
v 50.903 		98.018 		0.303
v 49.806 		101.1 		50.069
v -45.7057 		-40.067 		44.732
v 15.974 		101.1 		41.616
v 16.079 		101.1 		41.654
v 16.178 		101.1 		41.706
v 7.269 		101.1 		8.794
v 25.712 		98.698 		46.033
v 25.661 		98.698 		45.895
v 25.605 		98.698 		45.764
v 25.549 		98.698 		45.639
v 25.489 		98.698 		45.52
v 25.425 		98.698 		45.407
v 25.357 		98.698 		45.301
v 25.285 		98.698 		45.201
v 25.208 		98.698 		45.108
v 16.271 		101.1 		41.774
v 26.998 		-97.91 		9.499
v 25.998 		-97.91 		9.499
v 31.999 		-97.91 		1.498
v 16.359 		101.1 		41.857
v 50.9 		-95.024 		0.172
v 50.9 		-95.024 		0.303
v 50.9 		-94.927 		0.303
v 25.926 		98.698 		46.984
v 25.904 		98.698 		46.813
v 25.876 		98.698 		46.648
v 25.841 		98.698 		46.485
v 25.802 		98.698 		46.328
v 25.759 		98.698 		46.177
v 14.788 		101.1 		42.497
v 14.847 		101.1 		42.339
v 45.002 		-97.91 		9.499
v 44.002 		-97.91 		9.499
v 14.911 		101.1 		42.196
v 25.896 		98.698 		48.804
v 25.949 		98.698 		48.29
v 25.966 		98.698 		47.732
v 14.979 		101.1 		42.068
v 25.964 		98.698 		47.535
v 25.956 		98.698 		47.345
v 25.944 		98.698 		47.161
v 42.001 		-97.91 		9.499
v 43.002 		-97.91 		9.499
v 20.069 		98.698 		38.809
v 20.069 		101.1 		38.809
v 32.227 		98.698 		47.589
v 32.231 		98.698 		47.914
v 32.243 		98.698 		48.224
v 32.263 		98.698 		48.519
v 32.291 		98.698 		48.799
v 32.327 		98.698 		49.064
v 20.112 		98.698 		38.541
v 20.112 		101.1 		38.541
v 20.169 		98.698 		38.283
v 20.169 		101.1 		38.283
v 29.783 		98.698 		49.134
v 20.238 		98.698 		38.036
v 27.998 		-97.91 		9.499
v 20.238 		101.1 		38.036
v 28.999 		-97.91 		9.499
v 7.29 		-97.91 		1.572
v 5.446 		-97.91 		1.5764
v 29.776 		98.698 		49.015
v 20.316 		98.698 		37.804
v 20.316 		101.1 		37.804
v 29.773 		98.698 		48.886
v 20.408 		98.698 		37.584
v 20.408 		101.1 		37.584
v -48.7055 		-40.067 		44.6799
v 16.485 		98.698 		40.431
v 16.485 		101.1 		40.431
v -45.7039 		-41.182 		44.1849
v -48.7036 		-41.182 		44.1328
v 16.706 		98.698 		40.498
v 16.706 		101.1 		40.498
v -45.7015 		-42.215 		43.4977
v 16.92 		98.698 		40.583
v 16.92 		101.1 		40.583
v -48.7013 		-42.215 		43.4456
v 48.987 		-97.91 		52.863
v -48.6999 		-42.6831 		43.0371
v -45.7 		-42.7212 		43.0559
v -45.6988 		-43.149 		42.6821
v -48.6985 		-43.149 		42.6299
v 49.755 		101.1 		50.056
v 49.705 		101.1 		50.039
v 25.439 		-97.91 		52.938
v -45.7057 		-32.795 		44.732
v -48.7055 		-32.795 		44.6799
v 40.96 		-97.91 		52.938
v -45.707 		-33.972 		45.1291
v -48.7068 		-33.972 		45.077
v 17.751 		-97.91 		44.909
v -48.7072 		-34.5835 		45.1984
v -45.7075 		-34.6332 		45.2604
v 49.32 		98.698 		54.241
v -45.7079 		-35.191 		45.3712
v -48.7076 		-35.191 		45.3191
v 49.18 		98.698 		53.551
v 22.138 		-97.91 		44.336
v -48.7078 		-35.813 		45.3597
v -45.708 		-35.8636 		45.4151
v 22.261 		-97.91 		44.395
v 49.212 		98.698 		53.633
v 22.389 		-97.91 		44.451
v 49.241 		98.698 		53.72
v -45.6988 		-29.713 		42.6821
v -48.6985 		-29.713 		42.6299
v 49.266 		98.698 		53.813
v -45.7003 		-30.2192 		43.1239
v -48.6999 		-30.1811 		43.0385
v 21.506 		-97.91 		44.531
v 17.125 		98.698 		40.688
v 17.125 		101.1 		40.688
v -45.7015 		-30.647 		43.4977
v -48.7013 		-30.647 		43.4456
v 17.871 		-97.91 		45.601
v -45.7039 		-31.681 		44.1849
v -48.7036 		-31.681 		44.1328
v 17.319 		98.698 		40.811
v 17.319 		101.1 		40.811
v 18.018 		-97.91 		46.276
v 17.503 		98.698 		40.954
v 17.503 		101.1 		40.954
v 18.191 		-97.91 		46.922
v 18.393 		-97.91 		47.541
v 18.623 		-97.91 		48.132
v 20.157 		98.698 		40.93
v 20.157 		101.1 		40.93
v 62.9 		-19.403 		42.575
v 62.9 		-19.403 		42.572
v 62.9 		-39.3136 		42.572
v 18.88 		-97.91 		48.694
v 73.079 		-97.91 		0.303
v 20.112 		98.698 		40.745
v 20.112 		101.1 		40.745
v 62.9 		40.3349 		42.572
v 62.9 		20.5 		42.572
v 62.9 		-98.47 		70.312
v 20.076 		98.698 		40.55
v 20.076 		101.1 		40.55
v 62.9 		-97.91 		70.303
v 22.249 		-97.91 		48.703
v 22.113 		-97.91 		48.332
v 21.989 		-97.91 		47.937
v 21.878 		-97.91 		47.518
v 21.778 		-97.91 		47.076
v 21.693 		-97.91 		46.612
v 21.622 		-97.91 		46.125
v 21.568 		-97.91 		45.616
v 21.529 		-97.91 		45.085
v 20.048 		98.698 		40.345
v 20.048 		101.1 		40.345
v 62.9 		98.115 		70.303
v 62.9 		-94.925 		70.303
v 26.998 		-97.498 		1.498
v 19.165 		-97.91 		49.23
v 62.9 		100.503 		70.312
v 20.028 		98.698 		40.132
v 62.9 		100.503 		70.303
v 20.028 		101.1 		40.132
v 22.397 		98.698 		51.151
v 19.478 		-97.91 		49.737
v 20.016 		98.698 		39.908
v 20.016 		101.1 		39.908
v 19.819 		-97.91 		50.213
v 20.189 		-97.91 		50.655
v 23.174 		98.698 		50.166
v 62.9 		20.5 		42.6
v 20.012 		98.698 		39.675
v 31.999 		-97.498 		1.498
v 20.012 		101.1 		39.675
v 62.9 		-19.4 		42.6
v 62.9 		-19.4 		42.575
v 20.018 		98.698 		39.376
v 23.108 		98.698 		50.13
v 20.018 		101.1 		39.376
v 23.046 		98.698 		50.084
v 20.588 		-97.91 		51.062
v 20.037 		98.698 		39.088
v 20.037 		101.1 		39.088
v 21.016 		-97.91 		51.435
v 22.989 		98.698 		50.027
v 21.472 		-97.91 		51.774
v 22.934 		98.698 		49.962
v 21.958 		-97.91 		52.078
v 20.905 		98.698 		36.824
v 20.905 		101.1 		36.824
v 22.883 		98.698 		49.889
v 21.062 		98.698 		36.664
v 21.062 		101.1 		36.664
v 22.836 		98.698 		49.81
v 62.9 		101.1 		58.303
v 21.232 		98.698 		36.516
v 21.232 		101.1 		36.516
v 22.793 		98.698 		49.723
v 21.415 		98.698 		36.382
v 21.415 		101.1 		36.382
v 22.754 		98.698 		49.629
v 21.611 		98.698 		36.26
v 21.611 		101.1 		36.26
v 49.286 		98.698 		53.912
v 6.923 		-97.91 		70.275
v 63.098 		-19.4 		42.575
v 21.82 		98.698 		36.15
v 17.551 		-97.91 		42.734
v 22.719 		98.698 		49.528
v 21.82 		101.1 		36.15
v 49.302 		98.698 		54.016
v 63.098 		20.404 		42.575
v 22.042 		98.698 		36.054
v 22.042 		101.1 		36.054
v 17.591 		-97.91 		43.475
v 22.687 		98.698 		49.42
v 49.313 		98.698 		54.126
v 17.658 		-97.91 		44.201
v 22.275 		98.698 		35.971
v 22.275 		101.1 		35.971
v 22.658 		98.698 		49.303
v 22.633 		98.698 		49.179
v 49.322 		98.698 		54.362
v 74.9 		100.503 		70.312
v 74.9 		-98.47 		70.312
v 21.533 		101.1 		38.648
v 21.533 		98.698 		38.648
v 49.32 		98.698 		54.483
v 70.989 		-97.91 		58.589
v 22.278 		-97.91 		42.665
v 22.16 		-97.91 		42.591
v 72.077 		-97.91 		60.951
v 21.575 		101.1 		38.36
v 21.575 		98.698 		38.36
v 49.313 		98.698 		54.598
v 24.167 		98.698 		49.154
v 21.498 		-97.91 		43.956
v 21.594 		-97.91 		44.016
v 21.645 		101.1 		38.1
v 21.645 		98.698 		38.1
v 21.694 		-97.91 		44.078
v 21.743 		101.1 		37.866
v 49.302 		98.698 		54.708
v 21.743 		98.698 		37.866
v 21.798 		-97.91 		44.141
v 69.9 		-97.91 		55.3934
v 70.006 		-97.91 		55.786
v 21.907 		-97.91 		44.205
v 21.87 		101.1 		37.659
v 49.286 		98.698 		54.812
v 21.87 		98.698 		37.659
v 22.02 		-97.91 		44.27
v 22.024 		101.1 		37.479
v 49.266 		98.698 		54.91
v 22.024 		98.698 		37.479
v 49.241 		98.698 		55.003
v 24.141 		98.698 		49.281
v 24.112 		98.698 		49.401
v 72.6515 		-97.91 		0.303
v 49.212 		98.698 		55.091
v 72.489 		-97.91 		0.408
v 69.9 		-97.91 		64.572
v 24.081 		98.698 		49.514
v 72.4659 		-97.91 		0.4335
v 71.0719 		98.115 		64.572
v 49.18 		98.698 		55.173
v 70.49 		98.115 		64.196
v 24.046 		98.698 		49.619
v 24.007 		98.698 		49.717
v 22.209 		101.1 		37.323
v 22.209 		98.698 		37.323
v 49.32 		101.1 		54.241
v 49.18 		101.1 		53.551
v 20.513 		98.698 		37.376
v 20.513 		101.1 		37.376
v 49.212 		101.1 		53.633
v 20.631 		98.698 		37.18
v 20.631 		101.1 		37.18
v 49.241 		101.1 		53.72
v 20.762 		98.698 		36.996
v 20.762 		101.1 		36.996
v 49.266 		101.1 		53.813
v 7.29 		-98.507 		1.572
v 49.286 		101.1 		53.912
v 22.368 		101.1 		40.082
v 22.368 		98.698 		40.082
v 7.9 		-97.91 		4.299
v 49.302 		101.1 		54.016
v 22.22 		101.1 		40.062
v 22.22 		98.698 		40.062
v 7.2754 		-98.507 		4.299
v 7.2754 		-97.91 		4.299
v 49.313 		101.1 		54.126
v 22.087 		101.1 		40.028
v 22.087 		98.698 		40.028
v 25.998 		-97.91 		4.498
v 26.998 		-97.91 		5.498
v 26.998 		-97.91 		7.499
v 26.998 		-97.91 		8.499
v 21.968 		101.1 		39.981
v 21.968 		98.698 		39.981
v 29.999 		-97.91 		8.499
v 49.322 		101.1 		54.362
v 21.863 		101.1 		39.92
v 21.863 		98.698 		39.92
v 23.964 		98.698 		49.806
v 21.771 		101.1 		39.846
v 21.771 		98.698 		39.846
v 44.002 		-97.91 		8.499
v 26.998 		-97.498 		9.499
v 25.998 		-97.498 		9.499
v 43.002 		-97.91 		8.499
v 43.002 		-97.91 		7.499
v 44.002 		-97.91 		7.499
v 23.916 		98.698 		49.888
v 21.694 		101.1 		39.751
v 21.694 		98.698 		39.751
v 44.002 		-97.91 		5.498
v 43.002 		-97.91 		5.498
v 43.002 		-97.91 		4.498
v 21.631 		101.1 		39.634
v 21.631 		98.698 		39.634
v 21.582 		101.1 		39.497
v 21.582 		98.698 		39.497
v 23.865 		98.698 		49.961
v 21.547 		101.1 		39.339
v 21.547 		98.698 		39.339
v 23.81 		98.698 		50.027
v 21.526 		101.1 		39.161
v 23.754 		98.698 		50.084
v 21.526 		98.698 		39.161
v 45.002 		-97.91 		4.498
v 21.519 		101.1 		38.962
v 21.519 		98.698 		38.962
v 23.693 		98.698 		50.13
v 44.401 		-97.91 		43.936
v 23.628 		98.698 		50.166
v 42.001 		-97.91 		4.498
v 16.438 		101.1 		41.955
v 16.438 		98.698 		41.955
v 35 		-97.91 		5.498
v 34 		-97.91 		5.498
v 16.512 		101.1 		42.068
v 16.512 		98.698 		42.068
v 46.221 		-97.91 		43.936
v 46.515 		-97.91 		43.943
v 46.795 		-97.91 		43.967
v 47.061 		-97.91 		44.006
v 47.315 		-97.91 		44.06
v 47.555 		-97.91 		44.13
v 47.782 		-97.91 		44.216
v 47.995 		-97.91 		44.322
v 48.197 		-97.91 		44.442
v 16.582 		101.1 		42.196
v 39.001 		-97.91 		8.499
v 23.558 		98.698 		50.192
v 48.387 		-97.91 		44.576
v 16.582 		98.698 		42.196
v 48.564 		-97.91 		44.722
v 48.729 		-97.91 		44.882
v 48.882 		-97.91 		45.056
v 24.518 		98.698 		51.154
v 16.647 		101.1 		42.339
v 16.647 		98.698 		42.339
v 23.483 		98.698 		50.207
v 16.708 		101.1 		42.497
v 16.708 		98.698 		42.497
v 23.404 		98.698 		50.213
v 41.001 		-97.91 		8.499
v 49.022 		-97.91 		45.241
v 23.323 		98.698 		50.207
v 23.246 		98.698 		50.192
v 17.678 		98.698 		41.115
v 17.678 		101.1 		41.115
v 37 		-97.91 		5.498
v 36 		-97.91 		5.498
v 17.843 		98.698 		41.296
v 17.843 		101.1 		41.296
v 22.421 		98.698 		42.698
v 22.421 		101.1 		42.698
v 22.52 		98.698 		51.211
v 17.999 		98.698 		41.496
v 17.999 		101.1 		41.496
v 38.001 		-97.91 		4.498
v 18.145 		98.698 		41.714
v 18.145 		101.1 		41.714
v 36 		-97.91 		6.498
v 35 		-97.91 		6.498
v 23.946 		101.1 		42.698
v 23.946 		98.698 		42.698
v 18.278 		98.698 		41.952
v 22.651 		98.698 		51.267
v 18.278 		101.1 		41.952
v 22.785 		98.698 		51.314
v 22.922 		98.698 		51.35
v 23.061 		98.698 		51.375
v 23.204 		98.698 		51.391
v 23.35 		98.698 		51.396
v 23.779 		98.698 		51.369
v 24.168 		98.698 		51.288
v 18.4 		98.698 		42.21
v 24.03 		101.1 		42.702
v 18.4 		101.1 		42.21
v 24.03 		98.698 		42.702
v 31.999 		-97.91 		8.499
v 27.87 		98.698 		51.154
v 24.109 		101.1 		42.714
v 24.109 		98.698 		42.714
v 20.417 		98.698 		41.608
v 20.417 		101.1 		41.608
v 24.182 		101.1 		42.734
v 24.182 		98.698 		42.734
v 32.999 		-97.91 		4.498
v 20.339 		98.698 		41.454
v 24.83 		98.698 		50.965
v 20.339 		101.1 		41.454
v 25.102 		98.698 		50.723
v 25.335 		98.698 		50.426
v 25.528 		98.698 		50.086
v 24.25 		101.1 		42.762
v 25.686 		98.698 		49.702
v 24.25 		98.698 		42.762
v 25.808 		98.698 		49.275
v 20.27 		98.698 		41.29
v 20.27 		101.1 		41.29
v 28.999 		-97.91 		4.498
v 24.313 		101.1 		42.797
v 24.313 		98.698 		42.797
v 20.209 		98.698 		41.115
v 20.209 		101.1 		41.115
v 27.998 		-97.91 		8.499
v 27.998 		-97.91 		7.499
v 24.37 		101.1 		42.841
v 24.37 		98.698 		42.841
v 28.609 		98.698 		52.974
v 28.541 		98.698 		52.995
v 28.474 		98.698 		53.021
v 27.998 		-97.91 		5.498
v 28.412 		98.698 		53.052
v 28.352 		98.698 		53.088
v 28.294 		98.698 		53.128
v 27.998 		-97.91 		4.498
v 24.419 		101.1 		42.898
v 28.238 		98.698 		53.174
v 24.419 		98.698 		42.898
v 28.184 		98.698 		53.223
v 18.512 		98.698 		42.488
v 18.512 		101.1 		42.488
v 24.46 		101.1 		42.964
v 24.46 		98.698 		42.964
v 21.503 		98.698 		42.55
v 21.503 		101.1 		42.55
v 21.347 		98.698 		42.484
v 21.347 		101.1 		42.484
v 28.131 		98.698 		53.278
v 28.085 		98.698 		53.338
v 28.041 		98.698 		53.403
v 28.001 		98.698 		53.474
v 21.201 		98.698 		42.408
v 27.963 		98.698 		53.551
v 21.201 		101.1 		42.408
v 27.928 		98.698 		53.633
v 27.897 		98.698 		53.72
v 27.869 		98.698 		53.813
v 27.847 		98.698 		53.912
v 27.829 		98.698 		54.016
v 27.817 		98.698 		54.126
v 27.809 		98.698 		54.241
v 24.491 		98.698 		43.04
v 21.064 		98.698 		42.323
v 21.064 		101.1 		42.323
v 20.935 		98.698 		42.228
v 20.935 		101.1 		42.228
v 24.514 		98.698 		43.126
v 20.814 		98.698 		42.123
v 20.814 		101.1 		42.123
v 24.527 		98.698 		43.221
v 20.702 		98.698 		42.009
v 20.702 		101.1 		42.009
v 27.807 		98.698 		54.362
v 27.809 		98.698 		54.483
v 27.817 		98.698 		54.598
v 27.829 		98.698 		54.708
v 27.847 		98.698 		54.812
v 24.532 		98.698 		43.326
v 27.869 		98.698 		54.91
v 27.897 		98.698 		55.003
v 27.928 		98.698 		55.091
v 20.599 		98.698 		41.885
v 27.963 		98.698 		55.173
v 20.599 		101.1 		41.885
v 28.001 		98.698 		55.249
v 20.504 		98.698 		41.752
v 24.531 		98.698 		43.382
v 20.504 		101.1 		41.752
v 24.527 		98.698 		43.438
v 28.041 		98.698 		55.32
v 24.521 		98.698 		43.493
v 28.085 		98.698 		55.386
v 28.131 		98.698 		55.445
v 28.184 		98.698 		55.5
v 28.238 		98.698 		55.55
v 28.294 		98.698 		55.595
v 28.352 		98.698 		55.636
v 15.256 		98.698 		40.384
v 28.412 		98.698 		55.671
v 14.783 		98.698 		40.498
v 28.474 		98.698 		55.702
v 14.354 		98.698 		40.688
v 13.968 		98.698 		40.954
v 28.541 		98.698 		55.728
v 28.609 		98.698 		55.75
v 16.255 		98.698 		40.384
v 16.018 		98.698 		40.355
v 15.772 		98.698 		40.345
v 13.626 		98.698 		41.296
v 24.512 		98.698 		43.547
v 13.327 		98.698 		41.714
v 13.074 		98.698 		42.21
v 29.929 		98.698 		49.663
v 24.501 		98.698 		43.601
v 29.895 		98.698 		49.591
v 24.487 		98.698 		43.654
v 15.053 		98.698 		41.955
v 24.474 		98.698 		43.705
v 29.863 		98.698 		49.514
v 15.132 		98.698 		41.857
v 26.998 		-97.91 		2.498
v 29.836 		98.698 		49.433
v 25.998 		-97.91 		2.498
v 15.219 		98.698 		41.774
v 15.312 		98.698 		41.706
v 44.002 		-97.91 		2.498
v 44.002 		-97.498 		9.499
v 15.411 		98.698 		41.654
v 44.002 		-97.91 		3.498
v 43.002 		-97.498 		9.499
v 24.46 		98.698 		43.755
v 15.517 		98.698 		41.616
v 44.002 		-97.91 		1.498
v 24.444 		98.698 		43.803
v 45.002 		-97.498 		9.499
v 24.427 		98.698 		43.85
v 45.002 		-97.91 		2.498
v 24.408 		98.698 		43.895
v 24.388 		98.698 		43.939
v 42.001 		-97.91 		3.498
v 42.001 		-97.498 		9.499
v 24.366 		98.698 		43.976
v 24.342 		98.698 		44.013
v 34 		-97.91 		2.498
v 39.001 		-97.91 		2.498
v 39.001 		-97.91 		3.498
v 39.001 		-97.91 		1.498
v 49.32 		101.1 		54.483
v 49.313 		101.1 		54.598
v 37 		-97.91 		2.498
v 49.302 		101.1 		54.708
v 49.286 		101.1 		54.812
v 38.001 		-97.91 		3.498
v 49.266 		101.1 		54.91
v 49.241 		101.1 		55.003
v 49.212 		101.1 		55.091
v 49.18 		101.1 		55.173
v 31.999 		-97.91 		2.498
v 31.999 		-97.91 		3.498
v 49.151 		98.698 		48.886
v 32.999 		-97.91 		3.498
v 28.999 		-97.498 		9.499
v 28.999 		-97.91 		3.498
v 27.998 		-97.498 		9.499
v 26.998 		-97.91 		3.498
v 29.813 		98.698 		49.343
v 49.144 		98.698 		53.474
v 49.105 		98.698 		53.403
v 29.796 		98.698 		49.243
v 49.144 		98.698 		55.249
v 49.105 		98.698 		55.32
v 30.181 		98.698 		49.961
v 49.161 		98.698 		49.134
v 49.154 		98.698 		49.015
v 30.135 		98.698 		49.925
v 30.089 		98.698 		49.885
v 49.306 		98.698 		49.663
v 30.045 		98.698 		49.839
v 30.004 		98.698 		49.786
v 49.273 		98.698 		49.591
v 49.241 		98.698 		49.514
v 29.965 		98.698 		49.728
v 49.214 		98.698 		49.433
v 49.191 		98.698 		49.343
v 30.666 		98.698 		50.098
v 30.621 		98.698 		50.097
v 49.174 		98.698 		49.243
v 22.56 		98.698 		44.409
v 30.574 		98.698 		50.094
v 22.743 		98.698 		44.359
v 30.527 		98.698 		50.088
v 30.478 		98.698 		50.079
v 22.936 		98.698 		44.324
v 49.655 		98.698 		50.018
v 30.428 		98.698 		50.069
v 23.138 		98.698 		44.302
v 49.607 		98.698 		49.992
v 23.35 		98.698 		44.295
v 49.559 		98.698 		49.961
v 49.512 		98.698 		49.925
v 49.467 		98.698 		49.885
v 23.729 		98.698 		44.295
v 49.423 		98.698 		49.839
v 49.382 		98.698 		49.786
v 23.765 		98.698 		44.296
v 49.343 		98.698 		49.728
v 23.8 		98.698 		44.297
v 50.044 		98.698 		50.098
v 49.998 		98.698 		50.097
v 24.056 		98.698 		44.323
v 49.952 		98.698 		50.094
v 24.037 		98.698 		44.322
v 49.904 		98.698 		50.088
v 49.856 		98.698 		50.079
v 49.806 		98.698 		50.069
v 49.755 		98.698 		50.056
v 24.015 		98.698 		44.32
v 49.705 		98.698 		50.039
v 23.992 		98.698 		44.317
v 23.965 		98.698 		44.314
v 23.835 		98.698 		44.299
v 30.378 		98.698 		50.056
v 30.327 		98.698 		50.039
v 30.277 		98.698 		50.018
v 30.229 		98.698 		49.992
v 49.151 		101.1 		42.884
v 49.151 		98.698 		42.884
v 25.998 		-97.498 		4.498
v 26.998 		-97.498 		7.499
v 32.371 		98.698 		49.314
v 32.423 		98.698 		49.549
v 32.481 		98.698 		49.769
v 32.545 		98.698 		49.974
v 32.616 		98.698 		50.163
v 32.693 		98.698 		50.338
v 49.154 		98.698 		42.746
v 26.998 		-97.498 		8.499
v 49.161 		98.698 		42.617
v 30.811 		98.698 		50.098
v 30.811 		98.698 		51.154
v 26.998 		-97.498 		5.498
v 29.999 		-97.498 		8.499
v 49.154 		101.1 		42.746
v 49.161 		101.1 		42.617
v 29.174 		98.698 		52.974
v 29.106 		98.698 		52.957
v 29.036 		98.698 		52.945
v 28.963 		98.698 		52.938
v 28.889 		98.698 		52.936
v 28.818 		98.698 		52.938
v 28.747 		98.698 		52.945
v 28.677 		98.698 		52.957
v -13.148 		101.1 		8.779
v 29.589 		98.698 		53.223
v 29.537 		98.698 		53.174
v 29.482 		98.698 		53.128
v 29.425 		98.698 		53.088
v 29.366 		98.698 		53.052
v 29.304 		98.698 		53.021
v 43.002 		-97.498 		7.499
v 29.24 		98.698 		52.995
v 44.002 		-97.498 		7.499
v -28.5787 		101.1 		8.7677
v -28.668 		101.1 		8.746
v 44.002 		-97.498 		8.499
v 43.002 		-97.498 		8.499
v -27.1277 		101.1 		8.7687
v 43.002 		-97.498 		4.498
v 44.002 		-97.498 		5.498
v 43.002 		-97.498 		5.498
v 29.942 		98.698 		54.241
v 29.936 		98.698 		54.126
v 29.924 		98.698 		54.016
v 29.909 		98.698 		53.912
v 29.888 		98.698 		53.813
v 29.863 		98.698 		53.72
v 29.835 		98.698 		53.633
v 29.802 		98.698 		53.551
v 29.766 		98.698 		53.474
v 29.727 		98.698 		53.403
v 29.684 		98.698 		53.338
v 29.638 		98.698 		53.278
v 23.869 		98.698 		44.301
v -13.1534 		101.097 		8.779
v 50.188 		98.698 		50.098
v 29.766 		98.698 		55.249
v 29.802 		98.698 		55.173
v 29.835 		98.698 		55.091
v 29.863 		98.698 		55.003
v 45.002 		-97.498 		4.498
v 29.888 		98.698 		54.91
v 29.909 		98.698 		54.812
v 29.924 		98.698 		54.708
v 50.188 		98.698 		51.154
v 29.936 		98.698 		54.598
v 29.942 		98.698 		54.483
v 29.945 		98.698 		54.362
v 23.903 		98.698 		44.305
v 23.936 		98.698 		44.309
v 28.889 		98.698 		55.788
v 28.963 		98.698 		55.785
v 29.036 		98.698 		55.778
v 29.106 		98.698 		55.766
v 29.174 		98.698 		55.75
v 42.001 		-97.498 		4.498
v 50.188 		101.1 		50.098
v 41.001 		-97.498 		8.499
v 50.188 		101.1 		51.154
v 74.3418 		40.3114 		0.572
v -28.668 		88.8738 		8.746
v -28.5126 		88.9242 		8.7837
v -28.5768 		100.7437 		8.7681
v 74.3418 		20.404 		0.572
v 74.3324 		20.404 		0.57
v 35 		-97.498 		5.498
v 34 		-97.498 		5.498
v 35 		-97.498 		6.498
v -24.642 		101.097 		8.779
v 49.695 		-97.91 		48.937
v 49.695 		-95.708 		48.937
v 39.001 		-97.498 		8.499
v 49.745 		-97.91 		48.485
v 49.745 		-95.708 		48.485
v -24.642 		101.097 		8.7706
v -24.642 		94.674 		8.779
v 49.762 		-97.91 		47.997
v 49.762 		-95.708 		47.997
v 49.162 		-97.91 		50.377
v 49.162 		-95.708 		50.377
v 49.345 		-97.91 		50.072
v 49.345 		-95.708 		50.072
v 49.495 		-97.91 		49.73
v 49.495 		-95.708 		49.73
v 28.677 		98.698 		55.766
v 28.747 		98.698 		55.778
v 28.818 		98.698 		55.785
v 4.7562 		99.6952 		8.794
v 49.612 		-97.91 		49.352
v 49.612 		-95.708 		49.352
v 49.422 		-95.708 		52.804
v 49.422 		-97.91 		52.804
v -0.1244 		98.115 		8.779
v 49.84 		-95.708 		52.729
v 49.84 		-97.91 		52.729
v -0.1245 		98.115 		8.7925
v 29.24 		98.698 		55.728
v 29.304 		98.698 		55.702
v 29.366 		98.698 		55.671
v 29.425 		98.698 		55.636
v 29.482 		98.698 		55.595
v 29.537 		98.698 		55.55
v 29.589 		98.698 		55.5
v 29.638 		98.698 		55.445
v 29.684 		98.698 		55.386
v -4.713 		97.0265 		8.779
v -2.996 		97.914 		8.779
v -4.713 		98.115 		8.779
v -2.9959 		97.1853 		8.779
v 29.727 		98.698 		55.32
v 71.0719 		-94.925 		64.572
v 70.49 		-94.925 		64.196
v -4.713 		98.115 		8.7891
v -4.713 		97.0265 		8.7905
v 37 		-97.498 		5.498
v 36 		-97.498 		5.498
v -6.7689 		95.9638 		8.7904
v 36 		-97.498 		6.498
v 69.9 		98.115 		63.5445
v 38.001 		-97.498 		4.498
v 36.216 		98.698 		42.625
v 36.222 		98.698 		42.75
v 36.223 		98.698 		42.884
v 49.151 		-97.91 		45.438
v 49.151 		-95.708 		45.438
v 50.037 		-95.708 		43.343
v 50.037 		-97.91 		43.343
v 49.762 		-97.91 		43.395
v 49.762 		-95.708 		43.395
v 31.999 		-97.498 		8.499
v 38.127 		98.698 		42.955
v 38.129 		98.698 		42.812
v 38.136 		98.698 		42.679
v 50.058 		-95.708 		43.506
v 50.058 		-97.91 		43.506
v 49.664 		-97.91 		46.858
v 39.861 		98.698 		42.603
v 49.664 		-95.708 		46.858
v 39.868 		98.698 		42.692
v 39.879 		98.698 		42.78
v 39.895 		98.698 		42.868
v 39.915 		98.698 		42.954
v 49.609 		-97.91 		46.593
v 49.609 		-95.708 		46.593
v 49.542 		-97.91 		46.336
v 49.542 		-95.708 		46.336
v 32.999 		-97.498 		4.498
v 49.462 		-97.91 		46.095
v 49.462 		-95.708 		46.095
v 40.338 		98.698 		42.994
v 49.371 		-97.91 		45.865
v 49.371 		-95.708 		45.865
v 40.39 		98.698 		42.895
v 49.267 		-97.91 		45.646
v 49.267 		-95.708 		45.646
v 40.445 		98.698 		42.798
v 49.756 		-97.91 		47.7
v 49.756 		-95.708 		47.7
v 40.507 		98.698 		42.701
v -21.204 		88.042 		8.7902
v -21.2021 		88.3364 		8.7899
v 49.737 		-97.91 		47.412
v 49.737 		-95.708 		47.412
v 40.572 		98.698 		42.608
v -21.204 		87.9649 		8.7903
v 49.707 		-97.91 		47.131
v 49.707 		-95.708 		47.131
v 40.166 		98.698 		43.425
v 40.204 		98.698 		43.313
v 24.318 		98.698 		44.049
v 39.94 		98.698 		43.04
v 39.967 		98.698 		43.118
v 39.997 		98.698 		43.191
v 40.033 		98.698 		43.258
v 40.073 		98.698 		43.319
v 40.117 		98.698 		43.375
v 28.999 		-97.498 		4.498
v 24.264 		98.698 		44.119
v 40.245 		98.698 		43.204
v -28.668 		85.6137 		8.746
v -28.4949 		85.6682 		8.788
v -28.4965 		85.9748 		8.7876
v -28.668 		85.9192 		8.746
v 40.29 		98.698 		43.097
v 27.998 		-97.498 		7.499
v 36.223 		98.698 		46.662
v 27.998 		-97.498 		8.499
v 36.222 		98.698 		46.865
v 36.217 		98.698 		47.065
v 27.998 		-97.498 		4.498
v 27.998 		-97.498 		5.498
v 34.131 		98.698 		47.061
v 34.397 		98.698 		49.138
v 74.3324 		-19.403 		0.57
v 74.3418 		-19.403 		0.572
v 34.356 		98.698 		49.029
v 34.319 		98.698 		48.911
v 34.285 		98.698 		48.783
v 34.255 		98.698 		48.648
v 34.228 		98.698 		48.503
v 34.204 		98.698 		48.35
v 34.185 		98.698 		48.188
v 34.168 		98.698 		48.018
v 20.428 		-95.708 		33.823
v 20.428 		-97.91 		33.823
v 1.9 		95.8159 		8.779
v 1.9 		95.2429 		8.779
v 34.155 		98.698 		47.841
v 20.078 		-95.708 		34.126
v 20.078 		-97.91 		34.126
v 34.144 		98.698 		47.657
v 19.748 		-95.708 		34.463
v 19.748 		-97.91 		34.463
v 34.137 		98.698 		47.465
v 19.438 		-95.708 		34.833
v 24.207 		98.698 		44.185
v 19.438 		-97.91 		34.833
v 24.234 		98.698 		44.153
v 19.149 		-95.708 		35.237
v 34.132 		98.698 		47.267
v 19.149 		-97.91 		35.237
v 24.18 		98.698 		44.216
v -2.9955 		94.2309 		8.779
v 18.882 		-95.708 		35.676
v -2.9954 		93.7008 		8.779
v 18.882 		-97.91 		35.676
v 18.638 		-95.708 		36.149
v 24.153 		98.698 		44.245
v 18.638 		-97.91 		36.149
v 18.415 		-95.708 		36.656
v 18.415 		-97.91 		36.656
v 36.21 		98.698 		47.261
v 36.199 		98.698 		47.454
v 36.186 		98.698 		47.644
v 24.126 		98.698 		44.273
v 22.338 		-97.91 		36.174
v 22.338 		-95.708 		36.174
v 36.169 		98.698 		47.831
v 22.203 		-97.91 		36.495
v 22.203 		-95.708 		36.495
v 24.099 		98.698 		44.299
v 36.149 		98.698 		48.013
v 22.078 		-97.91 		36.845
v 22.078 		-95.708 		36.845
v 36.125 		98.698 		48.186
v 24.072 		98.698 		44.324
v 36.097 		98.698 		48.352
v 36.065 		98.698 		48.509
v 36.029 		98.698 		48.659
v 50.315 		-95.708 		43.28
v 50.315 		-97.91 		43.28
v 35.989 		98.698 		48.801
v 50.597 		-95.708 		43.205
v 50.597 		-97.91 		43.205
v 35.945 		98.698 		48.938
v 50.882 		-95.708 		43.12
v 50.882 		-97.91 		43.12
v 35.896 		98.698 		49.065
v -28.668 		-97.91 		8.746
v 50.9 		-95.708 		43.884
v 50.9 		-97.91 		43.884
v 50.627 		-95.708 		43.751
v 50.627 		-97.91 		43.751
v 50.346 		-95.708 		43.624
v 50.346 		-97.91 		43.624
v 50.242 		-95.708 		52.638
v 50.242 		-97.91 		52.638
v -28.668 		-86.8778 		8.746
v 50.626 		-95.708 		52.53
v 50.626 		-97.91 		52.53
v 40.892 		98.698 		47.709
v 40.772 		98.698 		47.745
v 40.662 		98.698 		47.789
v 40.56 		98.698 		47.838
v 40.467 		98.698 		47.893
v 40.38 		98.698 		47.953
v 74.3418 		-39.3058 		0.572
v 40.301 		98.698 		48.017
v 40.23 		98.698 		48.086
v 40.166 		98.698 		48.159
v 40.109 		98.698 		48.238
v 40.058 		98.698 		48.321
v 40.012 		98.698 		48.409
v 39.973 		98.698 		48.501
v 39.94 		98.698 		48.599
v 39.913 		98.698 		48.701
v 39.891 		98.698 		48.802
v 39.873 		98.698 		48.904
v 39.859 		98.698 		49.008
v 39.849 		98.698 		49.113
v 21.963 		-97.91 		37.224
v 21.963 		-95.708 		37.224
v 43.382 		98.698 		44.063
v 43.429 		98.698 		44.593
v 69.9 		-94.925 		63.5445
v 50.991 		-95.708 		52.407
v 50.991 		-97.91 		52.407
v 43.458 		98.698 		45.179
v 43.468 		98.698 		45.821
v 69.9 		-94.925 		64.572
v 43.465 		98.698 		46.232
v 43.459 		98.698 		46.619
v 43.447 		98.698 		46.983
v 51.462 		-97.91 		42.915
v 41.562 		98.698 		49.054
v 41.159 		98.698 		47.662
v 51.751 		-97.91 		42.796
v 41.021 		98.698 		47.682
v 52.031 		-97.91 		42.664
v 41.541 		98.698 		48.915
v 41.307 		98.698 		47.65
v 41.524 		98.698 		48.769
v 69.9 		98.115 		64.572
v 41.51 		98.698 		48.616
v 41.496 		98.698 		48.458
v 70.989 		101.1 		58.589
v 51.17 		-97.91 		43.023
v 72.077 		101.1 		60.951
v 51.165 		-97.91 		44.026
v 70.006 		101.1 		55.786
v 21.858 		-97.91 		37.632
v 21.858 		-95.708 		37.632
v 51.92 		-97.91 		44.502
v 21.763 		-97.91 		38.069
v 21.763 		-95.708 		38.069
v 51.677 		-97.91 		44.334
v 51.422 		-97.91 		44.176
v 21.678 		-97.91 		38.534
v 21.678 		-95.708 		38.534
v 21.611 		-97.91 		39.029
v 21.611 		-95.708 		39.029
v 21.556 		-97.91 		39.554
v 21.556 		-95.708 		39.554
v 21.513 		-97.91 		40.11
v 21.513 		-95.708 		40.11
v -45.6534 		31.902 		29.2344
v 21.482 		-97.91 		40.695
v -45.655 		31.4781 		29.7159
v 41.485 		98.698 		48.299
v -45.6565 		31.083 		30.1647
v 51.337 		-97.91 		52.268
v 41.476 		98.698 		48.138
v 51.664 		-97.91 		52.113
v -45.6583 		30.7255 		30.6967
v -45.66 		30.392 		31.1929
v 41.47 		98.698 		47.975
v 51.973 		-97.91 		51.943
v -45.6637 		29.843 		32.3022
v 21.482 		-95.708 		40.695
v 41.466 		98.698 		47.812
v 41.465 		98.698 		47.646
v -45.6447 		40.4479 		26.6624
v 18.215 		-95.708 		37.198
v -45.6443 		39.861 		26.5458
v 18.215 		-97.91 		37.198
v -45.644 		38.62 		26.4648
v 18.038 		-95.708 		37.774
v 18.038 		-97.91 		37.774
v 43.431 		98.698 		47.323
v 17.885 		-95.708 		38.385
v -45.6443 		37.38 		26.5458
v 17.885 		-97.91 		38.385
v 43.411 		98.698 		47.639
v -45.6447 		36.7484 		26.6707
v -45.6451 		36.161 		26.7873
v 17.76 		-95.708 		39.032
v 17.76 		-97.91 		39.032
v 43.386 		98.698 		47.931
v 17.663 		-95.708 		39.715
v 17.663 		-97.91 		39.715
v 43.357 		98.698 		48.202
v -45.6458 		35.5517 		26.9936
v 17.593 		-95.708 		40.432
v -45.6465 		34.985 		27.185
v 17.593 		-97.91 		40.432
v 43.324 		98.698 		48.454
v -45.6474 		34.4075 		27.4684
v -45.6483 		33.87 		27.7321
v 17.551 		-95.708 		41.186
v 17.551 		-97.91 		41.186
v -45.6506 		32.837 		28.4193
v 43.287 		98.698 		48.687
v 17.537 		-95.708 		41.975
v 17.537 		-97.91 		41.975
v 43.246 		98.698 		48.901
v -45.6637 		47.398 		32.3022
v 43.201 		98.698 		49.096
v 21.464 		-97.91 		41.31
v 21.464 		-95.708 		41.31
v -45.66 		46.849 		31.1929
v 21.458 		-97.91 		41.955
v 21.458 		-95.708 		41.955
v 52.152 		-97.91 		44.681
v -45.6582 		46.4915 		30.6609
v -45.6565 		46.158 		30.1647
v 21.516 		-97.91 		42.035
v 21.516 		-95.708 		42.035
v 21.582 		-97.91 		42.115
v 21.582 		-95.708 		42.115
v -45.6549 		45.7341 		29.6832
v -45.6534 		45.339 		29.2344
v 21.658 		-97.91 		42.195
v 21.658 		-95.708 		42.195
v -45.6506 		44.404 		28.4193
v 45.08 		98.698 		48.832
v 21.743 		-97.91 		42.275
v 45.164 		98.698 		48.487
v 21.743 		-95.708 		42.275
v 45.235 		98.698 		48.112
v 45.294 		98.698 		47.708
v 45.34 		98.698 		47.275
v 45.372 		98.698 		46.814
v -45.6483 		43.371 		27.7321
v 45.392 		98.698 		46.325
v 45.398 		98.698 		45.807
v 45.392 		98.698 		45.311
v -45.6474 		42.7934 		27.4487
v 21.836 		-97.91 		42.355
v -45.6465 		42.256 		27.185
v 21.836 		-95.708 		42.355
v 21.938 		-97.91 		42.435
v 21.938 		-95.708 		42.435
v -45.6458 		41.6462 		26.9787
v -45.6451 		41.079 		26.7873
v 72.6515 		-16.384 		0.303
v 22.047 		-97.91 		42.514
v 22.047 		-95.708 		42.514
v 34.808 		98.698 		49.645
v 34.737 		98.698 		49.599
v -45.6677 		29.443 		33.4735
v 34.672 		98.698 		49.542
v 34.608 		98.698 		49.481
v 34.549 		98.698 		49.409
v -45.6677 		47.798 		33.4735
v 34.494 		98.698 		49.328
v 34.443 		98.698 		49.238
v -45.6465 		65.088 		27.1847
v -45.6483 		63.973 		27.7319
v -45.6506 		62.94 		28.419
v -45.6521 		62.455 		28.8419
v -45.6534 		62.005 		29.2347
v 32.777 		98.698 		50.498
v 32.871 		98.698 		50.647
v 32.97 		98.698 		50.783
v 33.075 		98.698 		50.904
v 33.186 		98.698 		51.011
v 33.304 		98.698 		51.104
v 33.427 		98.698 		51.182
v 51.596 		101.1 		42.998
v 51.595 		101.1 		42.846
v 51.591 		101.1 		42.706
v -45.655 		61.5803 		29.717
v 51.584 		101.1 		42.577
v -45.6565 		61.186 		30.1645
v 35.784 		98.698 		49.289
v -45.6583 		60.8278 		30.6974
v -45.66 		60.495 		31.1932
v 35.722 		98.698 		49.385
v 51.696 		101.1 		49.064
v 35.655 		98.698 		49.471
v -45.6619 		60.2106 		31.7684
v 51.66 		101.1 		48.799
v -45.6637 		59.946 		32.303
v 51.632 		101.1 		48.519
v 35.583 		98.698 		49.549
v 51.612 		101.1 		48.224
v 35.506 		98.698 		49.614
v 51.6 		101.1 		47.914
v -45.6637 		77.501 		32.303
v 51.596 		101.1 		47.589
v -45.6618 		77.2165 		31.7277
v -45.66 		76.952 		31.1932
v 35.423 		98.698 		49.664
v 35.334 		98.698 		49.699
v 35.24 		98.698 		49.721
v 52.062 		101.1 		50.334
v -45.6582 		76.5938 		30.6602
v -45.6565 		76.261 		30.1645
v 35.141 		98.698 		49.728
v 51.985 		101.1 		50.157
v -45.6549 		75.8363 		29.6821
v 35.05 		98.698 		49.723
v -45.6534 		75.442 		29.2347
v 51.914 		101.1 		49.967
v 34.965 		98.698 		49.707
v 26.998 		-97.498 		2.498
v 25.998 		-97.498 		2.498
v 51.849 		101.1 		49.763
v 34.884 		98.698 		49.681
v 51.791 		101.1 		49.545
v -45.6519 		74.957 		28.8119
v 26.998 		-97.498 		3.498
v -45.6506 		74.507 		28.419
v 51.74 		101.1 		49.314
v -45.6483 		73.474 		27.7319
v -45.6465 		72.359 		27.1847
v -45.6451 		71.183 		26.7876
v 35.842 		98.698 		49.182
v -45.6447 		70.5502 		26.662
v -45.6443 		69.964 		26.5461
v 36.086 		98.698 		50.151
v 36.151 		98.698 		49.982
v 36.214 		98.698 		49.799
v 44.002 		-97.498 		2.498
v -45.6442 		69.3198 		26.5045
v -45.644 		68.723 		26.4656
v 44.002 		-97.498 		3.498
v -45.6442 		68.0793 		26.5071
v -45.6443 		67.483 		26.5461
v 52.146 		101.1 		50.498
v 44.002 		-97.498 		1.498
v -45.6447 		66.8502 		26.6717
v -45.6451 		66.264 		26.7876
v 36.323 		98.698 		49.799
v -45.6658 		59.7388 		32.9096
v -45.6677 		59.546 		33.4743
v 36.314 		98.698 		49.942
v 45.002 		-97.498 		2.498
v 52.2 		101.1 		53.248
v 35.366 		98.698 		51.154
v 35.444 		98.698 		51.097
v 35.521 		98.698 		51.032
v 35.597 		98.698 		50.958
v 35.671 		98.698 		50.875
v -45.6677 		77.901 		33.4743
v 35.745 		98.698 		50.783
v 35.818 		98.698 		50.683
v -45.6656 		77.6938 		32.8677
v 40.549 		98.698 		40.943
v 35.886 		98.698 		50.571
v 40.549 		101.1 		40.943
v 35.954 		98.698 		50.445
v 36.021 		98.698 		50.305
v 51.584 		98.698 		42.577
v 40.661 		98.698 		40.849
v 40.661 		101.1 		40.849
v 40.781 		98.698 		40.763
v 40.781 		101.1 		40.763
v -45.668 		80.4583 		33.572
v 51.591 		98.698 		42.706
v 40.911 		98.698 		40.683
v 40.911 		101.1 		40.683
v 36.296 		98.698 		50.23
v 36.278 		98.698 		50.522
v 36.269 		98.698 		50.669
v 51.595 		98.698 		42.846
v 36.263 		98.698 		50.799
v 36.259 		98.698 		50.932
v 36.255 		98.698 		51.068
v -45.642 		59.223 		25.849
v 39.128 		98.698 		40.545
v 39.128 		101.1 		40.545
v 33.559 		98.698 		51.252
v 33.697 		98.698 		51.309
v 33.84 		98.698 		51.353
v 33.988 		98.698 		51.385
v 40.056 		98.698 		41.626
v -45.5836 		29.119 		8.572
v 34.142 		98.698 		51.404
v 34.302 		98.698 		51.41
v 34.398 		98.698 		51.409
v 34.492 		98.698 		51.406
v 34.586 		98.698 		51.4
v 34.679 		98.698 		51.391
v 34.771 		98.698 		51.381
v -45.6525 		16.424 		28.9696
v -45.6525 		-14.428 		28.9696
v 40.117 		98.698 		41.5
v 40.186 		98.698 		41.379
v 42.001 		-97.498 		3.498
v 34.861 		98.698 		51.367
v 40.264 		98.698 		41.263
v 34.948 		98.698 		51.35
v 35.034 		98.698 		51.325
v 35.118 		98.698 		51.293
v 35.202 		98.698 		51.253
v 35.285 		98.698 		51.207
v -45.664 		-75.312 		32.3772
v 40.35 		98.698 		41.151
v 36.253 		98.698 		51.207
v 36.251 		98.698 		51.35
v -45.6602 		-74.762 		31.2675
v 40.445 		98.698 		41.044
v -45.662 		-75.0146 		31.7774
v -45.6568 		-74.072 		30.2387
v -45.6584 		-74.389 		30.7111
v 36.251 		98.698 		55.588
v -45.6536 		-73.253 		29.309
v -45.6551 		-73.6295 		29.7366
v 40.937 		98.698 		42.212
v 39.001 		-97.498 		2.498
v -45.6509 		-72.318 		28.4932
v -45.6521 		-72.7479 		28.8681
v 39.001 		-97.498 		1.498
v 40.056 		101.1 		41.626
v -45.6486 		-71.285 		27.8061
v 40.117 		101.1 		41.5
v -45.6467 		-70.17 		27.2589
v -45.6476 		-70.683 		27.5107
v 40.186 		101.1 		41.379
v -45.6454 		-68.993 		26.8619
v 40.264 		101.1 		41.263
v -45.6446 		-67.774 		26.6198
v 24.491 		101.1 		43.04
v 40.35 		101.1 		41.151
v 39.001 		-97.498 		3.498
v -45.6443 		-66.534 		26.5393
v -45.6444 		-67.1047 		26.5766
v 24.514 		101.1 		43.126
v 40.445 		101.1 		41.044
v -45.6444 		-65.8647 		26.5825
v 24.527 		101.1 		43.221
v 69.9 		100.503 		55.3934
v 24.532 		101.1 		43.326
v -45.6446 		-65.294 		26.6198
v 40.937 		101.1 		42.212
v 37 		-97.498 		2.498
v 24.531 		101.1 		43.382
v -45.6454 		-64.075 		26.8619
v 38.001 		-97.498 		3.498
v -45.6467 		-62.898 		27.2589
v 24.527 		101.1 		43.438
v 73.251 		-97.91 		62.832
v 42.295 		98.698 		40.345
v 24.521 		101.1 		43.493
v -45.6486 		-61.784 		27.8061
v 42.295 		101.1 		40.345
v -45.6477 		-62.2965 		27.5544
v 42.086 		101.1 		40.351
v 42.086 		98.698 		40.351
v 74.49 		-97.91 		64.198
v 42.523 		98.698 		40.353
v 74.9 		-97.91 		64.572
v -45.6509 		-60.751 		28.4932
v 42.523 		101.1 		40.353
v 42.744 		98.698 		40.376
v -45.6536 		-59.816 		29.309
v -45.6524 		-60.2459 		28.9341
v 42.744 		101.1 		40.376
v 24.512 		101.1 		43.547
v -45.6568 		-58.997 		30.2387
v -45.6553 		-59.3734 		29.8111
v 42.958 		98.698 		40.413
v 24.501 		101.1 		43.601
v -45.6602 		-58.306 		31.2675
v 24.487 		101.1 		43.654
v -45.6587 		-58.6235 		30.795
v 24.474 		101.1 		43.705
v -45.664 		-57.757 		32.3772
v -45.6623 		-58.0091 		31.8673
v 41.048 		98.698 		40.61
v 41.048 		101.1 		40.61
v 41.194 		98.698 		40.545
v 41.194 		101.1 		40.545
v 34 		-97.498 		2.498
v 41.353 		98.698 		40.484
v 41.353 		101.1 		40.484
v 31.999 		-97.498 		2.498
v 24.46 		101.1 		43.755
v 41.521 		98.698 		40.434
v -45.6679 		-75.712 		33.5485
v 41.521 		101.1 		40.434
v 73.251 		101.1 		62.832
v 74.49 		101.1 		64.198
v 41.699 		98.698 		40.395
v 24.444 		101.1 		43.803
v 41.699 		101.1 		40.395
v 31.999 		-97.498 		3.498
v 41.888 		98.698 		40.368
v 41.888 		101.1 		40.368
v 24.427 		101.1 		43.85
v -45.6679 		-57.357 		33.5485
v 24.408 		101.1 		43.895
v 43.165 		98.698 		40.466
v 24.388 		101.1 		43.939
v 32.999 		-97.498 		3.498
v 43.365 		98.698 		40.534
v 24.366 		101.1 		43.976
v -45.664 		-45.209 		32.377
v 43.558 		98.698 		40.616
v 24.342 		101.1 		44.013
v 43.743 		98.698 		40.721
v -45.6602 		-44.659 		31.2677
v 43.92 		98.698 		40.846
v -45.6568 		-43.969 		30.239
v -45.6584 		-44.2867 		30.7129
v 22.56 		101.1 		44.409
v -45.6536 		-43.149 		29.3092
v -45.6551 		-43.5267 		29.7372
v 41.28 		98.698 		41.984
v 22.743 		101.1 		44.359
v 41.375 		98.698 		41.942
v 22.936 		101.1 		44.324
v -45.6509 		-42.215 		28.493
v -45.6521 		-42.6454 		28.8691
v 28.999 		-97.498 		3.498
v 41.469 		98.698 		41.908
v 23.138 		101.1 		44.302
v -45.6486 		-41.182 		27.8059
v 41.566 		98.698 		41.879
v 23.35 		101.1 		44.295
v -45.6467 		-40.067 		27.2587
v -45.6476 		-40.5811 		27.511
v 51.596 		98.698 		42.998
v -45.6454 		-38.89 		26.8616
v -45.6446 		-37.671 		26.6206
v -45.6443 		-36.431 		26.5395
v -45.6446 		-35.191 		26.6206
v -45.6454 		-33.972 		26.8616
v -45.6467 		-32.795 		27.2587
v -45.6486 		-31.681 		27.8059
v -45.6477 		-32.1946 		27.5536
v -45.6509 		-30.647 		28.493
v 51.696 		98.698 		49.064
v -45.6536 		-29.713 		29.3092
v -45.6524 		-30.1434 		28.9332
v 51.66 		98.698 		48.799
v 41.666 		98.698 		41.857
v 51.632 		98.698 		48.519
v 41.768 		98.698 		41.841
v 51.612 		98.698 		48.224
v 41.872 		98.698 		41.832
v 51.6 		98.698 		47.914
v 39.843 		98.698 		49.22
v 39.841 		98.698 		49.328
v 41.979 		98.698 		41.828
v 39.846 		98.698 		49.47
v 51.596 		98.698 		47.589
v 39.859 		98.698 		49.609
v 39.882 		98.698 		49.746
v 39.913 		98.698 		49.88
v 39.954 		98.698 		50.012
v 40.003 		98.698 		50.141
v 42.231 		98.698 		41.856
v 42.459 		98.698 		41.938
v 52.062 		98.698 		50.334
v 51.985 		98.698 		50.157
v 40.062 		98.698 		50.266
v 40.129 		98.698 		50.385
v 40.204 		98.698 		50.498
v 40.288 		98.698 		50.604
v 51.914 		98.698 		49.967
v 40.381 		98.698 		50.704
v 40.482 		98.698 		50.797
v 40.591 		98.698 		50.889
v 41.018 		98.698 		42.145
v 40.708 		98.698 		50.973
v 50.9 		-89.81 		4.372
v 40.833 		98.698 		51.05
v 41.102 		98.698 		42.085
v 50.903 		-94.925 		4.372
v 41.189 		98.698 		42.031
v 42.662 		98.698 		42.074
v 50.903 		-64.805 		4.301
v 38.358 		98.698 		54.235
v 50.9 		-89.81 		4.299
v 42.841 		98.698 		42.266
v -45.6568 		-28.894 		30.239
v -45.6553 		-29.2712 		29.811
v 50.9 		-75.123 		4.299
v 42.995 		98.698 		42.512
v -45.6602 		-28.203 		31.2677
v -45.6586 		-28.5211 		30.7938
v 50.903 		-75.123 		4.299
v 38.319 		98.698 		54.176
v -45.664 		-27.654 		32.377
v 38.282 		98.698 		54.111
v 50.903 		-64.805 		4.299
v 38.249 		98.698 		54.04
v -45.6679 		-45.608 		33.5483
v 38.217 		98.698 		53.963
v 38.19 		98.698 		53.882
v 38.167 		98.698 		53.791
v 38.15 		98.698 		53.692
v -45.6679 		-27.254 		33.5483
v 38.137 		98.698 		53.582
v 50.9 		-94.927 		4.372
v 38.129 		98.698 		53.464
v 50.903 		-94.927 		4.372
v 38.127 		98.698 		53.335
v 38.88 		98.698 		54.536
v -45.642 		-45.932 		25.849
v 38.832 		98.698 		54.528
v 51.849 		98.698 		49.763
v 38.782 		98.698 		54.517
v 51.791 		98.698 		49.545
v 38.731 		98.698 		54.504
v 41.375 		101.1 		41.942
v 51.74 		98.698 		49.314
v 41.28 		101.1 		41.984
v 38.681 		98.698 		54.488
v -45.668 		-78.4623 		33.572
v -45.6072 		-78.4508 		15.5454
v 41.469 		101.1 		41.908
v 38.631 		98.698 		54.466
v 41.566 		101.1 		41.879
v 38.583 		98.698 		54.44
v -48.6532 		31.902 		29.1823
v -48.6563 		31.083 		30.1126
v 41.666 		101.1 		41.857
v -48.6549 		31.4447 		29.7017
v 38.535 		98.698 		54.409
v 41.768 		101.1 		41.841
v 38.488 		98.698 		54.374
v -48.6598 		30.392 		31.1408
v -48.6582 		30.6973 		30.6865
v 41.872 		101.1 		41.832
v -48.6635 		29.843 		32.2501
v 38.443 		98.698 		54.333
v 41.979 		101.1 		41.828
v 38.399 		98.698 		54.287
v -48.6441 		39.861 		26.4937
v -48.6444 		40.3982 		26.6005
v 42.231 		101.1 		41.856
v -48.6438 		38.62 		26.4127
v 42.459 		101.1 		41.938
v -48.6441 		37.38 		26.4937
v -48.6449 		36.161 		26.7352
v -48.6445 		36.6987 		26.6284
v 39.164 		98.698 		55.588
v 39.164 		98.698 		54.547
v 39.02 		98.698 		54.547
v -48.6462 		34.985 		27.1328
v -48.6457 		35.5038 		26.9577
v 38.974 		98.698 		54.546
v 41.018 		101.1 		42.145
v -48.6481 		33.87 		27.68
v -48.6473 		34.362 		27.4386
v 38.928 		98.698 		54.542
v 41.102 		101.1 		42.085
v -48.6504 		32.837 		28.3671
v 41.189 		101.1 		42.031
v -48.6635 		47.398 		32.2501
v -48.6598 		46.849 		31.1408
v 41.942 		98.698 		50.05
v -48.6563 		46.158 		30.1126
v -48.6578 		46.4633 		30.5669
v 42.662 		101.1 		42.074
v 41.889 		98.698 		49.984
v -48.6532 		45.339 		29.1823
v -48.6545 		45.7007 		29.5932
v 41.839 		98.698 		49.91
v -48.6504 		44.404 		28.3671
v 41.794 		98.698 		49.828
v -48.6481 		43.371 		27.68
v -48.6462 		42.256 		27.1328
v -48.6471 		42.748 		27.3742
v 41.751 		98.698 		49.738
v 52.146 		98.698 		50.498
v 41.712 		98.698 		49.642
v -48.6449 		41.079 		26.7352
v 44.088 		98.698 		40.991
v -48.6455 		41.5982 		26.9104
v 41.677 		98.698 		49.539
v -48.6419 		48.121 		25.849
v 41.645 		98.698 		49.428
v -48.6675 		29.443 		33.4214
v 41.614 		98.698 		49.311
v -48.6675 		47.798 		33.4214
v 41.586 		98.698 		49.186
v 23.729 		101.1 		44.295
v 23.765 		101.1 		44.296
v -48.6462 		65.088 		27.1326
v 42.98 		98.698 		49.699
v -48.6481 		63.973 		27.6798
v 23.8 		101.1 		44.297
v -48.6504 		62.94 		28.3669
v 42.915 		98.698 		49.81
v -48.6532 		62.005 		29.1826
v 51.462 		-95.708 		42.915
v -48.6519 		62.4169 		28.823
v 42.846 		98.698 		49.905
v 51.751 		-95.708 		42.796
v 24.056 		101.1 		44.323
v 24.037 		101.1 		44.322
v 42.773 		98.698 		49.984
v 52.031 		-95.708 		42.664
v -48.6563 		61.186 		30.1123
v -48.6549 		61.547 		29.7028
v -48.6598 		60.495 		31.141
v -48.6582 		60.7997 		30.6872
v 42.699 		98.698 		50.05
v 51.17 		-95.708 		43.023
v 42.623 		98.698 		50.103
v -48.6635 		59.946 		32.2509
v -48.6619 		60.1882 		31.7615
v 42.543 		98.698 		50.145
v 24.015 		101.1 		44.32
v 51.165 		-95.708 		44.026
v 42.46 		98.698 		50.175
v -48.6635 		77.501 		32.2509
v -48.6653 		77.6775 		32.7678
v -48.6598 		76.952 		31.141
v -48.6614 		77.1942 		31.6303
v 23.992 		101.1 		44.317
v 23.965 		101.1 		44.314
v 42.133 		98.698 		50.175
v 51.92 		-95.708 		44.502
v 23.835 		101.1 		44.299
v 51.677 		-95.708 		44.334
v -48.6563 		76.261 		30.1123
v -48.6578 		76.5657 		30.5662
v 42.065 		98.698 		50.145
v 51.422 		-95.708 		44.176
v -48.6532 		75.442 		29.1826
v -48.6545 		75.8029 		29.5921
v 42.001 		98.698 		50.103
v 23.869 		101.1 		44.301
v -48.6504 		74.507 		28.3669
v -48.6516 		74.9189 		28.7265
v 51.337 		-95.708 		52.268
v -48.6481 		73.474 		27.6798
v 51.664 		-95.708 		52.113
v 40.967 		98.698 		51.12
v 41.108 		98.698 		51.183
v -48.6462 		72.359 		27.1326
v 51.973 		-95.708 		51.943
v -48.6449 		71.183 		26.7355
v 23.903 		101.1 		44.305
v 42.375 		98.698 		50.192
v -48.6441 		69.964 		26.4939
v -48.6444 		70.5005 		26.6
v 42.286 		98.698 		50.198
v 23.936 		101.1 		44.309
v -48.6438 		68.723 		26.4135
v -48.6439 		69.2692 		26.4491
v 42.207 		98.698 		50.192
v -48.6441 		67.483 		26.4939
v -48.644 		68.0287 		26.4582
v 24.318 		101.1 		44.049
v -48.6449 		66.264 		26.7355
v -48.6445 		66.8005 		26.6294
v 24.264 		101.1 		44.119
v -48.6675 		59.546 		33.4222
v -21.632 		-97.91 		4.299
v -48.6657 		59.7225 		32.9052
v 24.207 		101.1 		44.185
v 5.4315 		-97.91 		4.299
v 24.234 		101.1 		44.153
v 43.152 		98.698 		49.271
v 24.18 		101.1 		44.216
v 43.54 		98.698 		51.125
v 43.725 		98.698 		51.024
v 43.901 		98.698 		50.902
v 44.067 		98.698 		50.758
v 44.225 		98.698 		50.593
v 44.374 		98.698 		50.406
v 44.514 		98.698 		50.198
v -48.6675 		77.901 		33.4222
v 44.647 		98.698 		49.973
v 44.771 		98.698 		49.723
v 24.153 		101.1 		44.245
v 44.884 		98.698 		49.45
v 44.987 		98.698 		49.153
v 70.078 		-97.91 		0.303
v 43.099 		98.698 		49.43
v 43.042 		98.698 		49.572
v 52.152 		-95.708 		44.681
v 70.9 		-75.123 		0.172
v 70.9 		-75.123 		0.303
v 24.126 		101.1 		44.273
v -39.218 		-97.91 		6.572
v 24.099 		101.1 		44.299
v 24.072 		101.1 		44.324
v 41.257 		98.698 		51.239
v 41.417 		98.698 		51.291
v 41.585 		98.698 		51.334
v 41.76 		98.698 		51.367
v 41.943 		98.698 		51.391
v 42.133 		98.698 		51.406
v 42.331 		98.698 		51.41
v 42.545 		98.698 		51.402
v 42.754 		98.698 		51.379
v 42.958 		98.698 		51.339
v 43.157 		98.698 		51.284
v 43.351 		98.698 		51.212
v -48.6524 		-14.428 		28.9653
v -48.6524 		16.424 		28.9653
v 47.248 		98.698 		51.154
v 23.03 		98.698 		45.559
v 70.9 		-95.024 		0.303
v 70.9 		-95.024 		0.172
v -48.6638 		-75.312 		32.3251
v 23.094 		98.698 		45.52
v -39.218 		-83.4584 		6.572
v -48.6619 		-75.037 		31.7705
v -48.66 		-74.762 		31.2153
v -48.6583 		-74.4172 		30.7009
v -48.6566 		-74.072 		30.1866
v 23.161 		98.698 		45.489
v 48.125 		98.698 		52.945
v 48.055 		98.698 		52.957
v 47.986 		98.698 		52.974
v 47.919 		98.698 		52.995
v 47.852 		98.698 		53.021
v 47.79 		98.698 		53.052
v 47.73 		98.698 		53.088
v 47.672 		98.698 		53.128
v 47.615 		98.698 		53.174
v 47.561 		98.698 		53.223
v 23.232 		98.698 		45.468
v -48.655 		-73.6628 		29.7223
v -48.6534 		-73.253 		29.2569
v 23.307 		98.698 		45.454
v -48.652 		-72.7861 		28.8492
v -48.6506 		-72.318 		28.4412
v 52.373 		-97.91 		44.869
v 23.386 		98.698 		45.45
v -48.6483 		-71.285 		27.754
v 23.468 		98.698 		45.454
v -48.6474 		-70.7284 		27.4809
v 48.966 		98.698 		53.223
v 48.914 		98.698 		53.174
v 48.86 		98.698 		53.128
v 48.803 		98.698 		53.088
v 48.744 		98.698 		53.052
v 48.682 		98.698 		53.021
v 48.618 		98.698 		52.995
v 48.552 		98.698 		52.974
v 48.483 		98.698 		52.957
v 48.413 		98.698 		52.945
v 23.545 		98.698 		45.468
v 48.341 		98.698 		52.938
v 48.267 		98.698 		52.936
v 48.195 		98.698 		52.938
v 57.315 		-84.071 		0.172
v 57.151 		-84.179 		0.172
v 56.975 		-84.266 		0.172
v -45.5732 		-78.4444 		5.4735
v -45.5247 		-78.4601 		5.4819
v 22.71 		98.698 		46.063
v -45.203 		-77.4664 		5.5375
v 56.789 		-84.329 		0.172
v 22.744 		98.698 		45.967
v 47.509 		98.698 		53.278
v 47.463 		98.698 		53.338
v 56.596 		-84.367 		0.172
v 47.419 		98.698 		53.403
v 47.378 		98.698 		53.474
v 47.341 		98.698 		53.551
v 47.306 		98.698 		53.633
v 47.275 		98.698 		53.72
v 22.783 		98.698 		45.879
v 56.4 		-84.38 		0.172
v -48.6465 		-70.17 		27.2068
v 47.247 		98.698 		53.813
v 47.224 		98.698 		53.912
v 47.207 		98.698 		54.016
v 47.194 		98.698 		54.126
v 47.187 		98.698 		54.241
v 56.204 		-84.367 		0.172
v 22.825 		98.698 		45.799
v -48.6452 		-68.993 		26.8098
v 56.011 		-84.329 		0.172
v -48.6443 		-67.774 		26.5677
v 22.87 		98.698 		45.727
v 55.825 		-84.266 		0.172
v 49.062 		98.698 		53.338
v 49.016 		98.698 		53.278
v -48.6442 		-67.1553 		26.5278
v -48.6441 		-66.534 		26.4872
v 55.649 		-84.179 		0.172
v 22.919 		98.698 		45.663
v -48.6442 		-65.9153 		26.5271
v 55.485 		-84.071 		0.172
v 22.971 		98.698 		45.607
v -48.6443 		-65.294 		26.5677
v -48.6452 		-64.075 		26.8098
v 47.184 		98.698 		54.362
v 47.187 		98.698 		54.483
v 55.338 		-83.942 		0.172
v 47.194 		98.698 		54.598
v 47.207 		98.698 		54.708
v 47.224 		98.698 		54.812
v -48.6465 		-62.898 		27.2068
v 47.247 		98.698 		54.91
v 47.275 		98.698 		55.003
v 47.306 		98.698 		55.091
v 47.341 		98.698 		55.173
v 47.378 		98.698 		55.249
v 55.208 		-83.795 		0.172
v -48.6474 		-62.3419 		27.4799
v 55.099 		-83.632 		0.172
v 55.012 		-83.457 		0.172
v 54.949 		-83.272 		0.172
v 54.91 		-83.08 		0.172
v 47.986 		98.698 		55.75
v 48.055 		98.698 		55.766
v 54.898 		-82.885 		0.172
v 48.125 		98.698 		55.778
v 47.419 		98.698 		55.32
v 47.463 		98.698 		55.386
v 47.509 		98.698 		55.445
v 47.561 		98.698 		55.5
v 54.91 		-82.69 		0.172
v 47.615 		98.698 		55.55
v 5.331 		-94.93 		7.2151
v 47.672 		98.698 		55.595
v -48.6483 		-61.784 		27.754
v 47.73 		98.698 		55.636
v 47.79 		98.698 		55.671
v 47.852 		98.698 		55.702
v 47.919 		98.698 		55.728
v -48.6506 		-60.751 		28.4412
v 54.949 		-82.498 		0.172
v -48.652 		-60.2841 		28.8488
v -48.6534 		-59.816 		29.2569
v 55.012 		-82.313 		0.172
v -48.655 		-59.4068 		29.7211
v -48.6566 		-58.997 		30.1866
v 55.099 		-82.137 		0.172
v 55.208 		-81.975 		0.172
v -48.6583 		-58.6517 		30.701
v -48.66 		-58.306 		31.2153
v -48.6619 		-58.0315 		31.7699
v -48.6638 		-57.757 		32.3251
v 56.596 		-81.402 		0.172
v 56.4 		-81.39 		0.172
v 56.789 		-81.441 		0.172
v 56.975 		-81.503 		0.172
v -48.6677 		-75.712 		33.4964
v 57.151 		-81.59 		0.172
v 57.315 		-81.699 		0.172
v -48.6677 		-57.357 		33.4964
v -34.2 		-0.296 		0.572
v 55.338 		-81.828 		0.172
v 55.485 		-81.699 		0.172
v -48.6638 		-45.209 		32.3249
v 55.649 		-81.59 		0.172
v -34.2 		-0.296 		5.57
v -48.66 		-44.659 		31.2156
v 55.825 		-81.503 		0.172
v -48.6583 		-44.3148 		30.7027
v -48.6566 		-43.969 		30.1869
v 56.011 		-81.441 		0.172
v -48.655 		-43.5601 		29.723
v -48.6534 		-43.149 		29.2571
v 56.204 		-81.402 		0.172
v 23.616 		98.698 		45.489
v 57.462 		-81.828 		0.172
v -48.652 		-42.6834 		28.8503
v -48.6506 		-42.215 		28.4409
v 23.683 		98.698 		45.52
v 57.592 		-81.975 		0.172
v -48.6483 		-41.182 		27.7538
v -48.6474 		-40.6265 		27.4812
v -48.6465 		-40.067 		27.2066
v 23.745 		98.698 		45.559
v 57.701 		-82.137 		0.172
v 23.801 		98.698 		45.607
v 57.788 		-82.313 		0.172
v -44.602 		-0.296 		5.57
v -48.6452 		-38.89 		26.8095
v 57.851 		-82.498 		0.172
v -48.6443 		-37.671 		26.5685
v 23.854 		98.698 		45.668
v 57.89 		-82.69 		0.172
v -48.6441 		-36.431 		26.4874
v 57.903 		-82.885 		0.172
v -48.6443 		-35.191 		26.5685
v -45.2 		-0.296 		0.572
v -48.6452 		-33.972 		26.8095
v 57.89 		-83.08 		0.172
v -48.6465 		-32.795 		27.2066
v 57.851 		-83.272 		0.172
v 42.958 		101.1 		40.413
v 57.788 		-83.457 		0.172
v 57.701 		-83.632 		0.172
v 48.267 		98.698 		55.788
v -48.6474 		-32.24 		27.4792
v -48.6483 		-31.681 		27.7538
v 48.341 		98.698 		55.785
v 43.165 		101.1 		40.466
v 48.413 		98.698 		55.778
v 57.592 		-83.795 		0.172
v 48.483 		98.698 		55.766
v 48.552 		98.698 		55.75
v -48.6506 		-30.647 		28.4409
v 48.618 		98.698 		55.728
v 57.462 		-83.942 		0.172
v 43.365 		101.1 		40.534
v -48.652 		-30.1814 		28.8478
v 48.195 		98.698 		55.785
v -48.6534 		-29.713 		29.2571
v -45.2 		-0.296 		5.572
v 43.558 		101.1 		40.616
v 43.743 		101.1 		40.721
v -44.602 		-0.296 		5.572
v -48.655 		-29.3046 		29.721
v -48.6566 		-28.894 		30.1869
v -48.6583 		-28.5493 		30.6998
v -48.66 		-28.203 		31.2156
v 43.92 		101.1 		40.846
v 48.682 		98.698 		55.702
v 48.744 		98.698 		55.671
v 48.803 		98.698 		55.636
v 48.86 		98.698 		55.595
v 48.914 		98.698 		55.55
v 48.966 		98.698 		55.5
v 49.016 		98.698 		55.445
v 49.062 		98.698 		55.386
v 46.201 		98.698 		40.545
v 46.201 		101.1 		40.545
v 22.4 		-97.91 		42.737
v 22.4 		-95.708 		42.737
v 22.527 		-97.91 		42.807
v 22.527 		-95.708 		42.807
v 22.658 		-97.91 		42.875
v 22.658 		-95.708 		42.875
v 22.786 		-97.91 		42.934
v 42.841 		101.1 		42.266
v 22.786 		-95.708 		42.934
v -48.6638 		-27.654 		32.3249
v 22.916 		-97.91 		42.989
v 42.995 		101.1 		42.512
v 22.916 		-95.708 		42.989
v -48.6677 		-45.608 		33.4962
v 22.523 		-95.708 		44.506
v 22.523 		-97.91 		44.506
v 44.088 		101.1 		40.991
v 44.247 		98.698 		41.155
v 44.247 		101.1 		41.155
v -48.6677 		-27.254 		33.4962
v 44.399 		98.698 		41.339
v 44.399 		101.1 		41.339
v 23.048 		-97.91 		43.04
v 44.541 		98.698 		41.543
v 44.541 		101.1 		41.543
v 23.183 		-97.91 		43.089
v 44.671 		98.698 		41.773
v 44.671 		101.1 		41.773
v 23.319 		-97.91 		43.134
v 44.792 		98.698 		42.023
v 44.792 		101.1 		42.023
v 44.902 		98.698 		42.295
v 44.902 		101.1 		42.295
v 23.458 		-97.91 		43.175
v 23.597 		-97.91 		43.212
v 69.9 		-98.47 		42.572
v 69.9 		-19.403 		42.572
v 69.9 		-19.403 		42.575
v 23.734 		-97.91 		43.242
v 69.9 		-39.3088 		42.572
v 23.868 		-97.91 		43.265
v 24.001 		-97.91 		43.282
v 24.131 		-97.91 		43.292
v 23.03 		101.1 		45.559
v 24.258 		-97.91 		43.295
v 23.094 		101.1 		45.52
v 23.161 		101.1 		45.489
v 22.663 		-97.91 		44.558
v 23.232 		101.1 		45.468
v 46.354 		98.698 		41.6
v 46.201 		98.698 		41.6
v 22.808 		-97.91 		44.608
v 23.307 		101.1 		45.454
v 46.4 		98.698 		41.601
v 22.958 		-97.91 		44.656
v 23.386 		101.1 		45.45
v 46.448 		98.698 		41.605
v 23.121 		-97.91 		44.707
v 23.468 		101.1 		45.454
v 46.496 		98.698 		41.611
v 23.289 		-97.91 		44.754
v 46.547 		98.698 		41.619
v 23.545 		101.1 		45.468
v 23.463 		-97.91 		44.796
v 23.643 		-97.91 		44.834
v 23.828 		-97.91 		44.867
v 22.71 		101.1 		46.063
v 46.599 		98.698 		41.63
v 24.018 		-97.91 		44.896
v 22.744 		101.1 		45.967
v 46.652 		98.698 		41.643
v 24.216 		-97.91 		44.926
v 22.783 		101.1 		45.879
v 46.703 		98.698 		41.66
v 24.421 		-97.91 		44.951
v 22.825 		101.1 		45.799
v 46.752 		98.698 		41.681
v -40.992 		4.765 		0.572
v 22.87 		101.1 		45.727
v 46.801 		98.698 		41.707
v 23.048 		-95.708 		43.04
v -41.101 		4.927 		0.572
v 22.919 		101.1 		45.663
v 46.849 		98.698 		41.738
v 23.183 		-95.708 		43.089
v 22.971 		101.1 		45.607
v -41.188 		5.103 		0.572
v 46.895 		98.698 		41.774
v 23.319 		-95.708 		43.134
v -41.251 		5.288 		0.572
v 46.941 		98.698 		41.814
v 23.458 		-95.708 		43.175
v -41.29 		5.48 		0.572
v 23.616 		101.1 		45.489
v 23.597 		-95.708 		43.212
v 46.985 		98.698 		41.864
v 23.683 		101.1 		45.52
v -41.303 		5.675 		0.572
v 23.734 		-95.708 		43.242
v 47.026 		98.698 		41.92
v -41.29 		5.87 		0.572
v 23.745 		101.1 		45.559
v 23.868 		-95.708 		43.265
v 47.065 		98.698 		41.982
v -41.251 		6.062 		0.572
v 23.801 		101.1 		45.607
v 24.001 		-95.708 		43.282
v -41.188 		6.247 		0.572
v 23.854 		101.1 		45.668
v 24.131 		-95.708 		43.292
v -41.101 		6.422 		0.572
v 24.258 		-95.708 		43.295
v 23.903 		101.1 		45.735
v -40.992 		6.585 		0.572
v 23.95 		101.1 		45.81
v 22.663 		-95.708 		44.558
v 23.994 		101.1 		45.892
v 22.808 		-95.708 		44.608
v -39.049 		4.38 		0.572
v 22.958 		-95.708 		44.656
v 23.121 		-95.708 		44.707
v 53.129 		-97.91 		45.707
v -39.225 		4.293 		0.572
v 52.962 		-97.91 		45.487
v 23.289 		-95.708 		44.754
v 52.782 		-97.91 		45.276
v -39.411 		4.231 		0.572
v 52.583 		-97.91 		45.067
v 23.463 		-95.708 		44.796
v -39.604 		4.192 		0.572
v 23.643 		-95.708 		44.834
v 53.951 		-97.91 		49.09
v -39.8 		4.18 		0.572
v 23.828 		-95.708 		44.867
v 53.99 		-97.91 		48.75
v -39.996 		4.192 		0.572
v 54.002 		-97.91 		48.397
v 24.018 		-95.708 		44.896
v -40.189 		4.231 		0.572
v 53.993 		-97.91 		48.088
v 24.216 		-95.708 		44.926
v 53.965 		-97.91 		47.788
v -40.375 		4.293 		0.572
v 53.917 		-97.91 		47.496
v 24.421 		-95.708 		44.951
v 53.851 		-97.91 		47.214
v -40.551 		4.38 		0.572
v 53.766 		-97.91 		46.941
v -40.715 		4.489 		0.572
v 53.662 		-97.91 		46.676
v 22.398 		-97.91 		49.052
v 22.398 		-95.708 		49.052
v 53.549 		-97.91 		46.421
v -40.862 		4.618 		0.572
v 53.422 		-97.91 		46.174
v 25.627 		-97.91 		42.833
v 25.627 		-95.708 		42.833
v 53.282 		-97.91 		45.936
v 25.898 		-97.91 		42.573
v 25.898 		-95.708 		42.573
v 52.262 		-97.91 		51.757
v -38.349 		6.062 		0.572
v 25.001 		-97.91 		43.18
v 25.001 		-95.708 		43.18
v 52.531 		-97.91 		51.551
v 24.644 		-95.708 		43.267
v 24.644 		-97.91 		43.267
v -38.31 		5.87 		0.572
v 52.778 		-97.91 		51.331
v 25.329 		-97.91 		43.035
v 25.329 		-95.708 		43.035
v 53.002 		-97.91 		51.097
v -38.298 		5.675 		0.572
v 53.205 		-97.91 		50.851
v -38.31 		5.48 		0.572
v 24.034 		101.1 		45.981
v -38.349 		5.288 		0.572
v 24.072 		101.1 		46.077
v 53.385 		-97.91 		50.591
v -38.412 		5.103 		0.572
v 53.542 		-97.91 		50.317
v -38.499 		4.927 		0.572
v 22.549 		101.1 		47.101
v 24.633 		-95.708 		44.971
v 24.633 		-97.91 		44.971
v -38.608 		4.765 		0.572
v 24.854 		-95.708 		44.985
v 22.56 		101.1 		46.95
v 24.854 		-97.91 		44.985
v -38.738 		4.618 		0.572
v 25.082 		-95.708 		44.993
v 25.082 		-97.91 		44.993
v 22.574 		101.1 		46.805
v 25.319 		-95.708 		44.996
v 25.319 		-97.91 		44.996
v -38.885 		4.489 		0.572
v 22.588 		101.1 		46.665
v 25.726 		-95.708 		44.985
v 25.726 		-97.91 		44.985
v 22.605 		101.1 		46.532
v 26.121 		-95.708 		44.951
v 26.121 		-97.91 		44.951
v 26.504 		-95.708 		44.896
v 26.504 		-97.91 		44.896
v 22.626 		101.1 		46.405
v -39.604 		7.157 		0.572
v -39.8 		7.17 		0.572
v 22.65 		101.1 		46.285
v -39.411 		7.119 		0.572
v 26.874 		-95.708 		44.818
v 26.874 		-97.91 		44.818
v 22.678 		101.1 		46.171
v -39.225 		7.056 		0.572
v 27.233 		-95.708 		44.718
v 27.233 		-97.91 		44.718
v 54.075 		90.157 		0.303
v 54.075 		79.235 		0.303
v 27.579 		-95.708 		44.596
v 27.579 		-97.91 		44.596
v -39.049 		6.97 		0.572
v 60.566 		79.235 		0.303
v 60.566 		90.157 		0.303
v 27.911 		-95.708 		44.453
v 27.911 		-97.91 		44.453
v 24.103 		101.1 		46.18
v 28.226 		-95.708 		44.291
v 28.226 		-97.91 		44.291
v 24.132 		101.1 		46.29
v 28.524 		-95.708 		44.111
v 28.524 		-97.91 		44.111
v -40.862 		6.732 		0.572
v 24.158 		101.1 		46.405
v -40.715 		6.861 		0.572
v 28.806 		-95.708 		43.911
v 24.18 		101.1 		46.527
v 28.806 		-97.91 		43.911
v 29.071 		-95.708 		43.693
v -40.551 		6.97 		0.572
v 29.071 		-97.91 		43.693
v 24.2 		101.1 		46.656
v 29.319 		-95.708 		43.455
v 29.319 		-97.91 		43.455
v -40.375 		7.056 		0.572
v 24.216 		101.1 		46.79
v 29.55 		-95.708 		43.2
v 29.55 		-97.91 		43.2
v -40.189 		7.119 		0.572
v 24.23 		101.1 		46.931
v 29.764 		-95.708 		42.926
v 29.764 		-97.91 		42.926
v 24.241 		101.1 		47.079
v 29.959 		-95.708 		42.635
v -39.996 		7.157 		0.572
v 29.959 		-97.91 		42.635
v 28.599 		-95.708 		47.877
v 28.599 		-97.91 		47.877
v -38.885 		6.861 		0.572
v 47.101 		98.698 		42.049
v 28.378 		-95.708 		47.828
v 28.378 		-97.91 		47.828
v -38.738 		6.732 		0.572
v 28.141 		-95.708 		47.788
v 28.141 		-97.91 		47.788
v -38.608 		6.585 		0.572
v 27.889 		-95.708 		47.756
v 27.889 		-97.91 		47.756
v 27.621 		-95.708 		47.734
v 27.621 		-97.91 		47.734
v -38.499 		6.422 		0.572
v 27.338 		-95.708 		47.721
v 27.338 		-97.91 		47.721
v -38.412 		6.247 		0.572
v 53.683 		-97.91 		50.03
v 53.798 		-97.91 		49.73
v 53.887 		-97.91 		49.417
v 56.5246 		-97.91 		42.572
v 69.9 		40.3204 		42.572
v 69.9 		20.404 		42.575
v 69.9 		20.404 		42.572
v 61.898 		20.5 		42.572
v 61.898 		20.5 		42.6
v 61.898 		-19.4 		42.6
v 61.898 		-19.4 		42.572
v 69.9 		-98.47 		64.572
v 53.508 		101.1 		47.047
v 53.515 		101.1 		47.454
v 53.533 		101.1 		47.83
v 53.565 		101.1 		48.174
v 53.609 		101.1 		48.486
v 53.665 		101.1 		48.766
v 53.734 		101.1 		49.015
v 52.805 		101.1 		51.182
v 52.679 		101.1 		51.1
v 52.559 		101.1 		51.005
v 52.446 		101.1 		50.897
v 52.34 		101.1 		50.777
v 52.24 		101.1 		50.643
v 53.211 		101.1 		51.353
v 53.069 		101.1 		51.309
v 24.257 		101.1 		48.083
v 24.26 		101.1 		47.91
v 52.934 		101.1 		51.252
v 22.534 		101.1 		48.118
v 22.53 		101.1 		47.942
v 53.818 		101.1 		49.228
v 53.92 		101.1 		49.403
v 54.041 		101.1 		49.539
v 54.179 		101.1 		49.636
v 22.529 		101.1 		47.76
v 22.53 		101.1 		47.587
v 54.335 		101.1 		49.694
v 54.51 		101.1 		49.713
v 54.606 		101.1 		49.707
v 54.698 		101.1 		49.688
v 22.534 		101.1 		47.419
v 54.785 		101.1 		49.656
v 54.866 		101.1 		49.612
v 54.943 		101.1 		49.555
v 55.015 		101.1 		49.485
v 22.54 		101.1 		47.257
v 55.024 		101.1 		50.915
v 54.945 		101.1 		50.994
v 54.863 		101.1 		51.064
v 54.78 		101.1 		51.125
v 24.25 		101.1 		47.232
v 54.693 		101.1 		51.183
v 24.256 		101.1 		47.392
v 24.26 		101.1 		47.559
v 54.604 		101.1 		51.233
v 54.514 		101.1 		51.275
v 24.261 		101.1 		47.732
v 54.423 		101.1 		51.309
v 54.332 		101.1 		51.335
v 24.252 		101.1 		48.252
v 54.239 		101.1 		51.353
v 54.148 		101.1 		51.371
v 24.245 		101.1 		48.416
v 54.056 		101.1 		51.385
v 46.354 		101.1 		41.6
v 53.962 		101.1 		51.396
v 46.201 		101.1 		41.6
v 24.236 		101.1 		48.575
v 53.866 		101.1 		51.404
v 46.4 		101.1 		41.601
v 53.769 		101.1 		51.409
v 24.225 		101.1 		48.73
v 46.448 		101.1 		41.605
v 53.671 		101.1 		51.41
v 24.209 		101.1 		48.878
v 53.511 		101.1 		51.404
v 46.496 		101.1 		41.611
v 53.358 		101.1 		51.385
v 24.189 		101.1 		49.02
v 46.547 		101.1 		41.619
v 54.075 		90.157 		0.401
v 54.075 		79.235 		0.401
v 22.61 		101.1 		49.046
v 60.566 		79.235 		0.401
v 60.566 		90.157 		0.401
v 46.599 		101.1 		41.63
v 46.652 		101.1 		41.643
v 22.591 		101.1 		48.906
v 22.574 		101.1 		48.758
v 46.703 		101.1 		41.66
v 26.959 		-97.91 		48.977
v 26.959 		-95.708 		48.977
v 55.601 		101.1 		42.998
v 55.6 		101.1 		42.846
v 55.596 		101.1 		42.706
v 55.59 		101.1 		42.577
v 46.752 		101.1 		41.681
v 22.56 		101.1 		48.608
v 26.983 		-97.91 		48.764
v 26.983 		-95.708 		48.764
v 46.801 		101.1 		41.707
v 22.549 		101.1 		48.451
v 55.6 		101.1 		47.079
v 55.601 		101.1 		46.89
v 46.849 		101.1 		41.738
v 22.54 		101.1 		48.288
v 27.003 		-97.91 		48.552
v 27.003 		-95.708 		48.552
v 55.255 		101.1 		49.111
v 46.895 		101.1 		41.774
v -40.992 		4.765 		5.57
v 57.189 		83.039 		0.401
v 27.019 		-97.91 		48.342
v 27.019 		-95.708 		48.342
v 46.941 		101.1 		41.814
v 56.996 		83 		0.401
v 46.985 		101.1 		41.864
v -41.101 		4.927 		5.57
v 56.8 		82.988 		0.401
v 55.304 		101.1 		48.996
v 27.03 		-97.91 		48.132
v 55.349 		101.1 		48.872
v 27.03 		-95.708 		48.132
v 55.392 		101.1 		48.74
v 55.431 		101.1 		48.601
v 55.466 		101.1 		48.455
v 55.497 		101.1 		48.302
v 55.524 		101.1 		48.141
v 55.547 		101.1 		47.974
v 55.564 		101.1 		47.801
v 55.577 		101.1 		47.625
v 47.026 		101.1 		41.92
v 55.588 		101.1 		47.446
v 56.604 		83 		0.401
v 55.595 		101.1 		47.264
v 56.411 		83.039 		0.401
v 27.037 		-97.91 		47.924
v -41.188 		5.103 		5.57
v 27.037 		-95.708 		47.924
v 47.065 		101.1 		41.982
v 56.225 		83.101 		0.401
v 27.039 		-95.708 		47.716
v 27.039 		-97.91 		47.716
v 56.049 		83.188 		0.401
v -41.251 		5.288 		5.57
v 47.101 		101.1 		42.049
v 25.804 		101.1 		42.598
v 55.885 		83.297 		0.401
v 30.179 		-95.708 		49.057
v 30.179 		-97.91 		49.057
v 59.598 		101.1 		42.884
v 55.738 		83.425 		0.401
v 59.596 		101.1 		42.746
v 59.591 		101.1 		42.619
v 25.802 		101.1 		42.706
v 30.114 		-95.708 		48.926
v 30.114 		-97.91 		48.926
v -41.29 		5.48 		5.57
v 55.608 		83.573 		0.401
v 47.135 		101.1 		42.121
v 47.135 		98.698 		42.121
v 25.795 		101.1 		42.811
v 30.037 		-95.708 		48.801
v 30.037 		-97.91 		48.801
v 55.499 		83.735 		0.401
v 47.166 		101.1 		42.199
v 47.166 		98.698 		42.199
v 25.784 		101.1 		42.912
v 29.949 		-95.708 		48.682
v 55.412 		83.911 		0.401
v -41.303 		5.675 		5.57
v 29.949 		-97.91 		48.682
v 47.191 		101.1 		42.289
v 47.191 		98.698 		42.289
v 61.51 		101.1 		42.679
v 61.503 		101.1 		42.812
v 61.501 		101.1 		42.955
v 47.211 		101.1 		42.389
v 47.211 		98.698 		42.389
v 29.85 		-95.708 		48.568
v 29.85 		-97.91 		48.568
v 47.227 		101.1 		42.499
v 47.227 		98.698 		42.499
v 29.74 		-95.708 		48.459
v 29.74 		-97.91 		48.459
v -41.29 		5.87 		5.57
v 55.349 		84.096 		0.401
v 29.619 		-95.708 		48.357
v 57.505 		101.1 		47.047
v 29.619 		-97.91 		48.357
v 59.592 		101.1 		47.05
v 59.596 		101.1 		46.851
v 55.31 		84.288 		0.401
v 59.598 		101.1 		46.648
v 29.48 		-95.708 		48.26
v -41.251 		6.062 		5.57
v 29.48 		-97.91 		48.26
v 55.298 		84.483 		0.401
v 29.328 		-95.708 		48.17
v 29.328 		-97.91 		48.17
v 55.31 		84.678 		0.401
v 57.506 		101.1 		47.257
v 57.511 		101.1 		47.459
v -41.188 		6.247 		5.57
v 57.518 		101.1 		47.653
v 57.529 		101.1 		47.839
v 29.164 		-95.708 		48.087
v 57.542 		101.1 		48.017
v 29.164 		-97.91 		48.087
v 55.349 		84.87 		0.401
v 27.861 		101.1 		42.617
v 28.988 		-95.708 		48.01
v 28.988 		-97.91 		48.01
v 55.412 		85.055 		0.401
v -41.101 		6.422 		5.57
v 28.8 		-95.708 		47.94
v 28.8 		-97.91 		47.94
v 55.499 		85.23 		0.401
v 27.868 		101.1 		42.746
v 55.608 		85.393 		0.401
v 27.87 		101.1 		42.884
v 59.27 		101.1 		49.051
v 59.319 		101.1 		48.924
v -40.992 		6.585 		5.57
v 59.363 		101.1 		48.787
v 57.559 		101.1 		48.188
v 55.738 		85.54 		0.401
v 57.579 		101.1 		48.349
v 57.602 		101.1 		48.501
v 57.629 		101.1 		48.644
v 57.659 		101.1 		48.777
v 57.693 		101.1 		48.901
v 57.73 		101.1 		49.015
v 22.466 		-95.708 		52.34
v 57.772 		101.1 		49.124
v 22.466 		-97.91 		52.34
v 55.885 		85.669 		0.401
v 56.049 		85.777 		0.401
v 22.558 		-97.91 		49.377
v 22.558 		-95.708 		49.377
v 56.225 		85.864 		0.401
v 59.403 		101.1 		48.645
v 59.439 		101.1 		48.495
v 59.471 		101.1 		48.337
v 59.499 		101.1 		48.172
v 59.523 		101.1 		47.998
v 22.723 		-97.91 		49.678
v 59.544 		101.1 		47.817
v 22.723 		-95.708 		49.678
v 59.56 		101.1 		47.63
v 59.574 		101.1 		47.44
v 59.584 		101.1 		47.247
v -39.049 		4.38 		5.57
v 22.898 		-97.91 		49.953
v 22.898 		-95.708 		49.953
v 56.996 		85.965 		0.401
v 56.8 		85.978 		0.401
v 61.501 		101.1 		48.858
v 61.503 		101.1 		48.995
v 61.509 		101.1 		49.123
v 57.189 		85.927 		0.401
v 23.083 		-97.91 		50.202
v 23.083 		-95.708 		50.202
v -39.225 		4.293 		5.57
v 55.082 		101.1 		49.405
v 55.144 		101.1 		49.316
v 23.278 		-97.91 		50.426
v 55.202 		101.1 		49.218
v 23.278 		-95.708 		50.426
v 23.483 		-97.91 		50.624
v -39.411 		4.231 		5.57
v 23.483 		-95.708 		50.624
v 56.411 		85.927 		0.401
v 56.604 		85.965 		0.401
v 23.698 		-97.91 		50.797
v 23.698 		-95.708 		50.797
v 23.923 		-97.91 		50.95
v 23.923 		-95.708 		50.95
v -39.604 		4.192 		5.57
v 58.188 		83.911 		0.401
v 24.156 		-97.91 		51.075
v 24.156 		-95.708 		51.075
v 58.101 		83.735 		0.401
v 24.398 		-97.91 		51.172
v -39.8 		4.18 		5.57
v 24.398 		-95.708 		51.172
v 57.992 		83.573 		0.401
v 57.862 		83.425 		0.401
v 23.003 		-95.708 		52.555
v -39.996 		4.192 		5.57
v 23.003 		-97.91 		52.555
v 57.715 		83.297 		0.401
v 23.568 		-95.708 		52.723
v 23.568 		-97.91 		52.723
v 57.551 		83.188 		0.401
v 24.163 		-95.708 		52.842
v 57.375 		83.101 		0.401
v 24.163 		-97.91 		52.842
v -40.189 		4.231 		5.57
v -40.375 		4.293 		5.57
v 57.375 		85.864 		0.401
v 57.551 		85.777 		0.401
v -40.551 		4.38 		5.57
v 57.715 		85.669 		0.401
v 57.862 		85.54 		0.401
v -40.715 		4.489 		5.57
v 57.992 		85.393 		0.401
v 58.101 		85.23 		0.401
v -40.862 		4.618 		5.57
v 58.188 		85.055 		0.401
v 58.251 		84.87 		0.401
v 28.621 		-95.708 		33.851
v 28.621 		-97.91 		33.851
v 58.29 		84.678 		0.401
v 28.299 		-95.708 		33.613
v 28.299 		-97.91 		33.613
v 25.836 		-97.91 		51.146
v 58.303 		84.483 		0.401
v 25.836 		-95.708 		51.146
v 58.29 		84.288 		0.401
v 25.973 		-97.91 		51.061
v 29.699 		-95.708 		35.029
v 25.973 		-95.708 		51.061
v 29.699 		-97.91 		35.029
v -38.349 		6.062 		5.57
v 58.251 		84.096 		0.401
v 29.461 		-95.708 		34.702
v 26.099 		-97.91 		50.957
v 29.461 		-97.91 		34.702
v 26.099 		-95.708 		50.957
v 29.199 		-95.708 		34.393
v 29.199 		-97.91 		34.393
v 26.215 		-97.91 		50.845
v 26.215 		-95.708 		50.845
v 28.921 		-95.708 		34.111
v 28.921 		-97.91 		34.111
v -38.31 		5.87 		5.57
v 26.323 		-97.91 		50.722
v 26.323 		-95.708 		50.722
v 26.424 		-97.91 		50.587
v 26.424 		-95.708 		50.587
v -38.298 		5.675 		5.57
v 26.516 		-97.91 		50.442
v 26.516 		-95.708 		50.442
v 39.76 		-97.91 		38.954
v 39.76 		-95.708 		38.954
v 26.601 		-97.91 		50.285
v 26.601 		-95.708 		50.285
v -38.31 		5.48 		5.57
v 42.411 		-95.708 		33.71
v 42.411 		-97.91 		33.71
v 24.786 		-95.708 		52.914
v -38.349 		5.288 		5.57
v 24.786 		-97.91 		52.914
v 42.201 		-95.708 		33.875
v 42.201 		-97.91 		33.875
v 25.439 		-95.708 		52.938
v 42.011 		-95.708 		34.048
v 42.011 		-97.91 		34.048
v 25.88 		-95.708 		52.931
v 25.88 		-97.91 		52.931
v -38.412 		5.103 		5.57
v 41.841 		-95.708 		34.229
v 41.841 		-97.91 		34.229
v 26.296 		-95.708 		52.909
v 26.296 		-97.91 		52.909
v 41.691 		-95.708 		34.417
v 41.691 		-97.91 		34.417
v 62.9 		-19.403 		33.572
v 41.561 		-95.708 		34.613
v 41.561 		-97.91 		34.613
v -38.499 		4.927 		5.57
v 62.9 		-39.3136 		33.572
v 25.53 		-97.91 		51.26
v 25.53 		-95.708 		51.26
v 25.36 		-95.708 		51.288
v 25.36 		-97.91 		51.288
v 41.457 		-95.708 		34.815
v 41.457 		-97.91 		34.815
v 62.9 		-19.403 		8.572
v 62.9 		-39.3137 		8.572
v 25.689 		-97.91 		51.212
v -38.608 		4.765 		5.57
v 25.689 		-95.708 		51.212
v 62.9 		20.404 		33.572
v 62.9 		40.3349 		33.572
v 41.372 		-95.708 		35.02
v 41.372 		-97.91 		35.02
v -38.738 		4.618 		5.57
v 62.9 		40.3352 		8.572
v 62.9 		20.404 		8.572
v 24.65 		-97.91 		51.242
v 24.65 		-95.708 		51.242
v 41.306 		-95.708 		35.228
v 41.306 		-97.91 		35.228
v 24.91 		-97.91 		51.283
v 41.258 		-95.708 		35.44
v 69.143 		101.1 		13.017
v 24.91 		-95.708 		51.283
v 41.258 		-97.91 		35.44
v -38.885 		4.489 		5.57
v 25.768 		101.1 		43.01
v 25.179 		-97.91 		51.297
v 41.23 		-95.708 		35.655
v 25.179 		-95.708 		51.297
v 41.23 		-97.91 		35.655
v 69.143 		100.503 		13.017
v 69.9 		100.503 		10.2136
v 25.748 		101.1 		43.105
v 41.221 		-95.708 		35.874
v 41.221 		-97.91 		35.874
v 26.689 		-95.708 		52.873
v 41.226 		-95.708 		36.044
v 26.689 		-97.91 		52.873
v 41.226 		-97.91 		36.044
v 25.723 		101.1 		43.197
v 27.057 		-95.708 		52.822
v 41.243 		-95.708 		36.209
v 27.057 		-97.91 		52.822
v 41.243 		-97.91 		36.209
v 25.694 		101.1 		43.291
v 67.076 		101.1 		32.803
v 27.4 		-95.708 		52.757
v 41.271 		-95.708 		36.369
v 27.4 		-97.91 		52.757
v 41.271 		-97.91 		36.369
v -39.604 		7.157 		5.57
v -39.8 		7.17 		5.57
v 25.662 		101.1 		43.384
v 27.719 		-95.708 		52.678
v 41.31 		-95.708 		36.523
v 27.719 		-97.91 		52.678
v 41.31 		-97.91 		36.523
v 28.022 		-95.708 		52.586
v 28.022 		-97.91 		52.586
v 41.36 		-95.708 		36.671
v 41.36 		-97.91 		36.671
v 25.626 		101.1 		43.475
v -39.411 		7.119 		5.57
v 28.306 		-95.708 		52.484
v 28.306 		-97.91 		52.484
v 41.421 		-95.708 		36.814
v 41.421 		-97.91 		36.814
v 25.586 		101.1 		43.565
v 28.569 		-95.708 		52.373
v 28.569 		-97.91 		52.373
v -39.225 		7.056 		5.57
v 68.416 		101.1 		16.552
v 25.544 		101.1 		43.653
v 67.837 		101.1 		20.365
v 45.021 		-97.91 		34.988
v 45.021 		-95.708 		34.988
v 67.417 		101.1 		24.391
v 25.497 		101.1 		43.739
v 26.679 		-97.91 		50.117
v 26.679 		-95.708 		50.117
v -39.049 		6.97 		5.57
v 67.162 		101.1 		28.561
v 44.846 		-97.91 		35.104
v 44.846 		-95.708 		35.104
v 25.445 		101.1 		43.824
v 26.742 		-97.91 		49.946
v 44.679 		-97.91 		35.233
v 26.742 		-95.708 		49.946
v 44.679 		-95.708 		35.233
v 69.143 		101.1 		52.59
v 26.799 		-97.91 		49.768
v 26.799 		-95.708 		49.768
v 44.521 		-97.91 		35.373
v 44.521 		-95.708 		35.373
v 25.39 		101.1 		43.907
v 26.849 		-97.91 		49.582
v 44.38 		-97.91 		35.532
v 26.849 		-95.708 		49.582
v 44.38 		-95.708 		35.532
v 25.333 		101.1 		43.989
v 26.892 		-97.91 		49.388
v 26.892 		-95.708 		49.388
v 44.25 		-97.91 		35.702
v 44.25 		-95.708 		35.702
v 26.929 		-97.91 		49.186
v 26.929 		-95.708 		49.186
v 44.131 		-97.91 		35.884
v 44.131 		-95.708 		35.884
v -40.862 		6.732 		5.57
v 44.023 		-97.91 		36.076
v 44.023 		-95.708 		36.076
v 25.273 		101.1 		44.069
v 69.143 		100.503 		52.59
v 29.998 		-95.708 		51.194
v 43.927 		-97.91 		36.279
v 29.998 		-97.91 		51.194
v 43.927 		-95.708 		36.279
v -40.715 		6.861 		5.57
v 25.21 		101.1 		44.147
v 43.841 		-97.91 		36.494
v 43.841 		-95.708 		36.494
v 30.099 		-95.708 		51.017
v 30.099 		-97.91 		51.017
v 67.076 		100.503 		32.803
v 43.762 		-97.91 		36.72
v 25.145 		101.1 		44.224
v 43.762 		-95.708 		36.72
v 30.179 		-95.708 		50.829
v -40.551 		6.97 		5.57
v 30.179 		-97.91 		50.829
v 25.075 		101.1 		44.3
v 68.416 		100.503 		16.552
v 30.244 		-95.708 		50.639
v 67.837 		100.503 		20.365
v 30.244 		-97.91 		50.639
v 25.003 		101.1 		44.376
v 47.001 		-97.91 		34.493
v 47.001 		-95.708 		34.493
v -40.375 		7.056 		5.57
v 55.249 		101.1 		50.626
v 67.417 		100.503 		24.391
v 46.751 		-97.91 		34.499
v 30.294 		-95.708 		50.447
v 46.751 		-95.708 		34.499
v 30.294 		-97.91 		50.447
v 24.929 		101.1 		44.452
v 67.162 		100.503 		28.561
v 55.176 		101.1 		50.731
v 46.508 		-97.91 		34.518
v 46.508 		-95.708 		34.518
v 30.33 		-95.708 		50.253
v 30.33 		-97.91 		50.253
v 55.101 		101.1 		50.827
v 24.853 		101.1 		44.528
v -40.189 		7.119 		5.57
v 46.271 		-97.91 		34.548
v 46.271 		-95.708 		34.548
v 30.352 		-95.708 		50.056
v 30.352 		-97.91 		50.056
v 46.041 		-97.91 		34.591
v 46.041 		-95.708 		34.591
v 30.359 		-95.708 		49.857
v 30.359 		-97.91 		49.857
v 45.818 		-97.91 		34.646
v 45.818 		-95.708 		34.646
v -39.996 		7.157 		5.57
v 24.784 		101.1 		44.732
v 24.694 		101.1 		44.68
v 30.354 		-95.708 		49.718
v 30.354 		-97.91 		49.718
v 45.601 		-97.91 		34.713
v 45.601 		-95.708 		34.713
v 30.339 		-95.708 		49.581
v 45.399 		-97.91 		34.793
v 30.339 		-97.91 		49.581
v 45.399 		-95.708 		34.793
v 24.872 		101.1 		44.791
v 30.314 		-95.708 		49.447
v 30.314 		-97.91 		49.447
v 48.484 		-97.91 		34.742
v 30.279 		-95.708 		49.315
v 48.484 		-95.708 		34.742
v 30.279 		-97.91 		49.315
v -38.885 		6.861 		5.57
v 55.664 		101.1 		49.728
v 55.6 		101.1 		49.911
v 48.282 		-97.91 		34.673
v 48.282 		-95.708 		34.673
v 24.958 		101.1 		44.858
v 30.234 		-95.708 		49.185
v 69.9 		-19.403 		33.572
v 30.234 		-97.91 		49.185
v 55.534 		101.1 		50.081
v 69.9 		-19.403 		10.2136
v 48.079 		-97.91 		34.618
v 48.079 		-95.708 		34.618
v -38.738 		6.732 		5.57
v 55.466 		101.1 		50.237
v 47.873 		-97.91 		34.573
v 47.873 		-95.708 		34.573
v 69.9 		20.404 		10.2136
v 69.9 		20.404 		33.572
v 55.396 		101.1 		50.38
v 28.812 		-95.708 		52.251
v 28.812 		-97.91 		52.251
v 47.662 		-97.91 		34.538
v 47.662 		-95.708 		34.538
v 25.043 		101.1 		44.934
v 76.8 		-39.304 		33.572
v 55.773 		101.1 		49.728
v -38.608 		6.585 		5.57
v 55.324 		101.1 		50.51
v 29.036 		-95.708 		52.119
v 47.446 		-97.91 		34.513
v 29.036 		-97.91 		52.119
v 47.446 		-95.708 		34.513
v 56.662 		101.1 		51.133
v 29.239 		-95.708 		51.978
v 47.226 		-97.91 		34.498
v 29.239 		-97.91 		51.978
v 47.226 		-95.708 		34.498
v 56.494 		101.1 		51.011
v -38.499 		6.422 		5.57
v 25.127 		101.1 		45.017
v 29.424 		-95.708 		51.834
v 29.424 		-97.91 		51.834
v 56.339 		101.1 		50.864
v 49.046 		-97.91 		35.047
v 49.046 		-95.708 		35.047
v 69.9 		-39.3088 		33.572
v 29.592 		-95.708 		51.684
v 56.198 		101.1 		50.691
v 29.592 		-97.91 		51.684
v -38.412 		6.247 		5.57
v 56.07 		101.1 		50.491
v 48.867 		-97.91 		34.928
v 48.867 		-95.708 		34.928
v 61.898 		-19.403 		33.572
v 29.744 		-95.708 		51.527
v 29.744 		-97.91 		51.527
v 55.957 		101.1 		50.263
v 48.679 		-97.91 		34.827
v 48.679 		-95.708 		34.827
v 55.858 		101.1 		50.009
v 29.879 		-95.708 		51.364
v 56.2183 		101.1 		51.2
v 29.879 		-97.91 		51.364
v 24.774 		101.1 		44.604
v 45.206 		-97.91 		34.884
v 45.206 		-95.708 		34.884
v 69.9 		40.3204 		33.572
v 44.503 		-95.708 		46.933
v 44.503 		-97.91 		46.933
v 41.485 		-95.708 		36.944
v 41.485 		-97.91 		36.944
v 43.99 		-95.708 		46.983
v 43.99 		-97.91 		46.983
v 61.898 		20.404 		33.572
v 43.521 		-95.708 		47.066
v 41.556 		-95.708 		37.067
v 43.521 		-97.91 		47.066
v 41.556 		-97.91 		37.067
v 43.096 		-95.708 		47.183
v 56.562 		-39.318 		33.572
v 43.096 		-97.91 		47.183
v 56.554 		-39.318 		33.572
v 56.594 		40.348 		33.572
v 75.078 		-97.91 		64.575
v 75.078 		-95.583 		64.575
v 41.636 		-95.708 		37.184
v 75.078 		-95.583 		70.303
v 41.636 		-97.91 		37.184
v 42.716 		-95.708 		47.333
v 75.078 		-97.91 		70.303
v 42.716 		-97.91 		47.333
v 75.078 		101.1 		70.303
v 75.078 		99.508 		70.303
v 67.837 		101.1 		45.241
v 41.723 		-95.708 		37.294
v 41.723 		-97.91 		37.294
v 68.416 		101.1 		49.055
v 75.078 		99.508 		64.575
v 75.078 		101.1 		64.575
v 42.381 		-95.708 		47.516
v 42.381 		-97.91 		47.516
v 41.818 		-95.708 		37.397
v 41.818 		-97.91 		37.397
v 42.1 		-95.708 		47.741
v 42.1 		-97.91 		47.741
v 75.078 		99.508 		70.304
v 75.078 		-95.583 		70.304
v 41.921 		-95.708 		37.494
v 41.921 		-97.91 		37.494
v 75.078 		-95.583 		64.564
v 41.87 		-95.708 		48.001
v 41.87 		-97.91 		48.001
v 42.036 		-95.708 		37.583
v 42.036 		-97.91 		37.583
v 29.773 		101.1 		42.884
v 41.691 		-95.708 		48.297
v 41.691 		-97.91 		48.297
v 42.156 		-95.708 		37.663
v 75.078 		99.508 		64.564
v 42.156 		-97.91 		37.663
v 67.837 		100.503 		45.241
v 41.563 		-95.708 		48.628
v 29.776 		101.1 		42.746
v 41.563 		-97.91 		48.628
v 75.0728 		-97.91 		64.575
v 42.281 		-95.708 		37.734
v 42.281 		-97.91 		37.734
v 68.416 		100.503 		49.055
v 41.486 		-95.708 		48.995
v 41.486 		-97.91 		48.995
v 74.9 		-97.91 		70.303
v 42.41 		-95.708 		37.796
v 42.41 		-97.91 		37.796
v 29.783 		101.1 		42.617
v 75.0558 		-95.583 		64.564
v 75.0728 		-95.583 		64.575
v 42.543 		-95.708 		37.85
v 42.543 		-97.91 		37.85
v 74.9 		-95.583 		70.303
v 45.061 		-95.708 		46.916
v 45.061 		-97.91 		46.916
v 42.681 		-95.708 		37.894
v 45.064 		-97.91 		47.188
v 45.064 		-95.708 		47.188
v 42.681 		-97.91 		37.894
v 74.9 		-95.583 		70.304
v 45.072 		-97.91 		47.456
v 75.0728 		101.1 		64.575
v 42.823 		-95.708 		37.937
v 45.072 		-95.708 		47.456
v 42.823 		-97.91 		37.937
v 57.236 		101.1 		51.366
v 45.086 		-97.91 		47.721
v 45.086 		-95.708 		47.721
v 57.033 		101.1 		51.31
v 42.968 		-95.708 		37.972
v 42.968 		-97.91 		37.972
v 75.0728 		99.508 		64.575
v 75.0558 		99.508 		64.564
v 45.106 		-97.91 		47.983
v 45.106 		-95.708 		47.983
v 56.842 		101.1 		51.233
v 45.131 		-97.91 		48.242
v 74.9 		100.503 		70.303
v 45.131 		-95.708 		48.242
v 74.9 		99.508 		70.303
v 43.116 		-95.708 		37.999
v 43.116 		-97.91 		37.999
v 45.161 		-97.91 		48.497
v 45.161 		-95.708 		48.497
v 74.9 		99.508 		70.304
v 43.268 		-95.708 		38.019
v 43.268 		-97.91 		38.019
v 45.193 		-97.91 		48.752
v 45.193 		-95.708 		48.752
v 45.235 		-97.91 		48.997
v -50.187 		-97.91 		4.676
v 45.235 		-95.708 		48.997
v 43.697 		-97.91 		36.958
v 43.697 		-95.708 		36.958
v 32.216 		101.1 		42.577
v -61.389 		-97.91 		3.09
v 43.423 		-95.708 		38.03
v 43.423 		-97.91 		38.03
v 57.817 		101.1 		49.224
v 57.868 		101.1 		49.314
v 57.923 		101.1 		49.395
v 57.982 		101.1 		49.466
v 58.046 		101.1 		49.528
v 58.112 		101.1 		49.585
v -63.0717 		-97.91 		2.903
v 58.182 		101.1 		49.631
v -64.5095 		-97.91 		2.3075
v 58.258 		101.1 		49.667
v 32.222 		101.1 		42.706
v 58.339 		101.1 		49.693
v 43.646 		-97.91 		37.209
v 43.646 		-95.708 		37.209
v 41.461 		-95.708 		49.397
v 41.461 		-97.91 		49.397
v 32.226 		101.1 		42.846
v 41.471 		-95.708 		49.641
v 41.471 		-97.91 		49.641
v 32.227 		101.1 		42.998
v 43.61 		-97.91 		37.472
v 43.61 		-95.708 		37.472
v 41.503 		-95.708 		49.879
v 41.503 		-97.91 		49.879
v 58.424 		101.1 		49.708
v 58.515 		101.1 		49.713
v 58.615 		101.1 		49.706
v 41.556 		-95.708 		50.112
v 43.588 		-97.91 		37.747
v 43.588 		-95.708 		37.747
v 41.556 		-97.91 		50.112
v 58.709 		101.1 		49.685
v 58.797 		101.1 		49.649
v 58.88 		101.1 		49.599
v 58.957 		101.1 		49.535
v 59.029 		101.1 		49.457
v 43.581 		-95.708 		38.034
v 43.581 		-97.91 		38.034
v 59.096 		101.1 		49.371
v 59.159 		101.1 		49.275
v 41.63 		-95.708 		50.339
v 59.216 		101.1 		49.168
v 41.63 		-97.91 		50.339
v 41.725 		-95.708 		50.561
v 59.328 		101.1 		50.38
v 41.725 		-97.91 		50.561
v 59.26 		101.1 		50.51
v 41.841 		-95.708 		50.777
v 41.841 		-97.91 		50.777
v 44.401 		-95.708 		42.215
v 44.401 		-97.91 		42.215
v 41.979 		-95.708 		50.986
v 59.192 		101.1 		50.626
v 41.979 		-97.91 		50.986
v 46.121 		-97.91 		42.215
v 46.121 		-95.708 		42.215
v 59.119 		101.1 		50.731
v 42.139 		-95.708 		51.186
v 42.139 		-97.91 		51.186
v 46.461 		-97.91 		42.207
v 46.461 		-95.708 		42.207
v 59.045 		101.1 		50.827
v 42.321 		-95.708 		51.377
v 42.321 		-97.91 		51.377
v 58.971 		101.1 		50.915
v 46.788 		-97.91 		42.184
v 46.788 		-95.708 		42.184
v 42.525 		-95.708 		51.56
v 42.525 		-97.91 		51.56
v 58.895 		101.1 		50.994
v 47.101 		-97.91 		42.145
v 47.101 		-95.708 		42.145
v 42.752 		-95.708 		51.733
v 42.752 		-97.91 		51.733
v 58.818 		101.1 		51.064
v 47.402 		-97.91 		42.091
v 47.402 		-95.708 		42.091
v 43.001 		-95.708 		51.898
v 43.001 		-97.91 		51.898
v 58.741 		101.1 		51.125
v 47.688 		-97.91 		42.021
v 47.688 		-95.708 		42.021
v 58.659 		101.1 		51.183
v 47.962 		-97.91 		41.935
v 47.962 		-95.708 		41.935
v 43.265 		-95.708 		52.052
v 48.221 		-97.91 		41.836
v 43.265 		-97.91 		52.052
v 48.221 		-95.708 		41.836
v 48.466 		-97.91 		41.726
v 43.552 		-95.708 		52.195
v 48.466 		-95.708 		41.726
v 43.552 		-97.91 		52.195
v 59.589 		101.1 		49.728
v 59.525 		101.1 		49.911
v 48.697 		-97.91 		41.605
v 48.697 		-95.708 		41.605
v 43.861 		-95.708 		52.328
v 59.46 		101.1 		50.081
v 43.861 		-97.91 		52.328
v 48.913 		-97.91 		41.473
v 48.913 		-95.708 		41.473
v 44.192 		-95.708 		52.449
v 44.192 		-97.91 		52.449
v 59.395 		101.1 		50.237
v 59.814 		101.1 		51.154
v 44.546 		-95.708 		52.559
v 44.546 		-97.91 		52.559
v 44.921 		-95.708 		52.658
v 44.921 		-97.91 		52.658
v 59.652 		101.1 		49.728
v 45.286 		-95.708 		49.232
v 58.576 		101.1 		51.233
v 45.348 		-95.708 		49.457
v 58.493 		101.1 		51.275
v -48.5714 		82.592 		4.9553
v 45.42 		-95.708 		49.672
v 58.408 		101.1 		51.309
v 58.322 		101.1 		51.335
v 45.501 		-95.708 		49.877
v -63.0717 		0 		2.903
v 58.235 		101.1 		51.353
v 45.594 		-95.708 		50.077
v 58.145 		101.1 		51.371
v 45.699 		-95.708 		50.262
v 45.816 		-95.708 		50.432
v 25.208 		101.1 		45.108
v 45.946 		-95.708 		50.588
v 25.285 		101.1 		45.201
v 46.087 		-95.708 		50.73
v 25.357 		101.1 		45.301
v 46.241 		-95.708 		50.857
v 25.425 		101.1 		45.407
v 46.402 		-95.708 		50.973
v 25.489 		101.1 		45.52
v 74.9 		-98.47 		64.572
v 46.579 		-95.708 		51.068
v 25.549 		101.1 		45.639
v 46.771 		-95.708 		51.142
v 25.605 		101.1 		45.764
v 46.979 		-95.708 		51.195
v 25.661 		101.1 		45.895
v 7.079 		101.1 		70.303
v 25.712 		101.1 		46.033
v 6.7243 		-97.91 		70.303
v 6.7245 		-97.91 		70.2755
v 45.312 		-95.708 		52.743
v 45.724 		-95.708 		52.813
v 25.759 		101.1 		46.177
v 46.156 		-95.708 		52.868
v 25.802 		101.1 		46.328
v 46.61 		-95.708 		52.907
v 25.841 		101.1 		46.485
v 47.085 		-95.708 		52.93
v 1.7398 		98.115 		70.303
v 25.876 		101.1 		46.648
v -3.7133 		-94.925 		70.303
v 1.7398 		98.115 		70.2874
v 6.923 		98.115 		70.275
v 25.904 		101.1 		46.813
v 47.203 		-95.708 		51.227
v 4.7568 		99.8017 		70.2802
v 25.926 		101.1 		46.984
v 47.442 		-95.708 		51.237
v -3.7133 		-94.925 		70.3003
v 47.806 		-95.708 		51.213
v 4.9848 		-94.925 		70.2796
v 48.139 		-95.708 		51.142
v 48.442 		-95.708 		51.022
v 48.713 		-95.708 		50.855
v 25.944 		101.1 		47.161
v 48.953 		-95.708 		50.64
v 25.956 		101.1 		47.345
v 25.964 		101.1 		47.535
v 47.582 		-95.708 		52.938
v 25.966 		101.1 		47.732
v 48.067 		-95.708 		52.929
v 25.949 		101.1 		48.29
v 48.535 		-95.708 		52.904
v 25.896 		101.1 		48.804
v 48.987 		-95.708 		52.863
v 32.327 		101.1 		49.064
v 76.8 		-39.304 		42.572
v 32.291 		101.1 		48.799
v 32.263 		101.1 		48.519
v 61.898 		-19.403 		42.572
v 32.243 		101.1 		48.224
v 32.231 		101.1 		47.914
v 32.227 		101.1 		47.589
v 29.783 		101.1 		49.134
v 29.776 		101.1 		49.015
v 29.773 		101.1 		48.886
v -48.5714 		-80.596 		4.9553
v 22.397 		101.1 		51.151
v 58.053 		101.1 		51.385
v 57.96 		101.1 		51.396
v 57.867 		101.1 		51.404
v 57.772 		101.1 		51.409
v 56.594 		40.348 		42.572
v 57.676 		101.1 		51.41
v 6.923 		-98.507 		70.275
v 56.554 		-39.318 		42.572
v 56.562 		-39.318 		42.572
v 57.45 		101.1 		51.399
v 49.115 		-97.91 		41.329
v 22.522 		101.1 		35.903
v 49.218 		-97.91 		35.182
v 49.382 		-97.91 		35.333
v 49.536 		-97.91 		35.496
v 49.68 		-97.91 		35.676
v 49.812 		-97.91 		35.874
v 49.933 		-97.91 		36.089
v 50.043 		-97.91 		36.323
v 22.784 		101.1 		35.85
v 61.519 		101.1 		49.239
v 61.533 		101.1 		49.346
v 61.551 		101.1 		49.442
v 61.573 		101.1 		49.528
v 61.596 		101.1 		49.61
v 23.06 		101.1 		35.813
v 23.351 		101.1 		35.79
v 23.657 		101.1 		35.783
v 50.041 		-97.91 		40.25
v 49.924 		-97.91 		40.455
v 49.792 		-97.91 		40.65
v 49.644 		-97.91 		40.835
v 24.129 		101.1 		35.802
v 24.559 		101.1 		35.862
v 49.481 		-97.91 		41.01
v 49.302 		-97.91 		41.175
v 61.621 		101.1 		49.687
v 61.65 		101.1 		49.756
v 61.682 		101.1 		49.82
v 61.716 		101.1 		49.877
v 50.142 		-97.91 		36.574
v 50.227 		-97.91 		36.852
v 61.754 		101.1 		49.927
v 61.797 		101.1 		49.968
v 61.843 		101.1 		50.003
v 61.891 		101.1 		50.034
v 61.942 		101.1 		50.06
v 6.923 		97.5485 		70.275
v 22.427 		101.1 		37.194
v 61.996 		101.1 		50.082
v 62.051 		101.1 		50.098
v 50.297 		-97.91 		37.152
v 50.352 		-97.91 		37.474
v 50.391 		-97.91 		37.818
v 50.414 		-97.91 		38.185
v 50.422 		-97.91 		38.574
v 50.414 		-97.91 		38.837
v 24.44 		101.1 		37.144
v 24.266 		101.1 		37.066
v 24.073 		101.1 		37.011
v 50.391 		-97.91 		39.092
v 50.352 		-97.91 		39.339
v 50.297 		-97.91 		39.579
v 23.861 		101.1 		36.977
v 50.227 		-97.91 		39.811
v 50.142 		-97.91 		40.035
v 23.63 		101.1 		36.966
v 23.279 		101.1 		36.98
v 22.962 		101.1 		37.023
v 22.678 		101.1 		37.094
v 62.107 		101.1 		50.116
v 62.166 		101.1 		50.13
v 62.227 		101.1 		50.141
v 62.292 		101.1 		50.149
v 62.36 		101.1 		50.154
v 62.43 		101.1 		50.155
v 22.529 		101.1 		40.089
v 23.991 		101.1 		40.089
v 24.054 		101.1 		40.088
v 24.118 		101.1 		40.084
v 24.182 		101.1 		40.078
v 24.247 		101.1 		40.07
v 24.313 		101.1 		40.059
v 24.379 		101.1 		40.046
v 24.441 		101.1 		40.024
v 24.502 		101.1 		39.995
v 24.561 		101.1 		39.96
v 24.947 		101.1 		35.961
v 25.293 		101.1 		36.1
v 62.43 		101.1 		51.154
v 25.596 		101.1 		36.278
v 25.858 		101.1 		36.496
v 26.079 		101.1 		36.747
v 25.008 		101.1 		37.868
v 24.936 		101.1 		37.678
v 24.843 		101.1 		37.51
v 24.73 		101.1 		37.365
v 24.595 		101.1 		37.243
v 26.259 		101.1 		37.034
v 26.399 		101.1 		37.358
v 26.5 		101.1 		37.719
v 53.508 		98.698 		47.047
v 25.089 		101.1 		38.88
v 25.097 		101.1 		38.734
v 25.1 		101.1 		38.577
v 25.09 		101.1 		38.318
v 25.059 		101.1 		38.082
v 26.56 		101.1 		38.116
v 53.734 		98.698 		49.015
v 26.58 		101.1 		38.549
v -47.7523 		-80.6928 		5.0968
v 53.665 		98.698 		48.766
v 26.568 		101.1 		38.887
v 53.609 		98.698 		48.486
v -47.7523 		-80.596 		5.0968
v 49.647 		101.1 		41.681
v 49.6 		101.1 		41.707
v 49.554 		101.1 		41.738
v 49.51 		101.1 		41.774
v 49.467 		101.1 		41.814
v 49.423 		101.1 		41.864
v 49.382 		101.1 		41.92
v 49.343 		101.1 		41.982
v -47.7523 		82.6888 		5.0968
v 24.619 		101.1 		39.919
v 24.675 		101.1 		39.872
v 24.73 		101.1 		39.818
v 24.783 		101.1 		39.762
v 24.833 		101.1 		39.698
v 24.879 		101.1 		39.625
v 24.923 		101.1 		39.545
v 24.963 		101.1 		39.457
v 25.001 		101.1 		39.362
v 25.031 		101.1 		39.257
v 25.056 		101.1 		39.141
v 50.044 		101.1 		41.6
v 25.075 		101.1 		39.016
v 49.998 		101.1 		41.601
v 49.951 		101.1 		41.605
v 49.902 		101.1 		41.611
v -47.7523 		82.592 		5.0968
v 49.852 		101.1 		41.619
v 49.8 		101.1 		41.63
v 49.746 		101.1 		41.643
v 49.696 		101.1 		41.66
v 26.532 		101.1 		39.198
v 26.471 		101.1 		39.483
v 26.387 		101.1 		39.74
v 23.174 		101.1 		50.166
v 49.306 		101.1 		42.049
v 49.273 		101.1 		42.121
v 49.241 		101.1 		42.199
v 49.214 		101.1 		42.289
v 49.191 		101.1 		42.389
v 49.174 		101.1 		42.499
v 61.898 		-19.403 		0.57
v 23.108 		101.1 		50.13
v 61.898 		20.404 		0.57
v 24.893 		101.1 		40.83
v 24.95 		101.1 		40.869
v 50.748 		101.1 		40.545
v 25.006 		101.1 		40.911
v 53.565 		98.698 		48.174
v 23.046 		101.1 		50.084
v 25.062 		101.1 		40.955
v 53.533 		98.698 		47.83
v 22.989 		101.1 		50.027
v 53.515 		98.698 		47.454
v 26.279 		101.1 		39.971
v 22.934 		101.1 		49.962
v 26.147 		101.1 		40.174
v 52.805 		98.698 		51.182
v 25.992 		101.1 		40.347
v 22.883 		101.1 		49.889
v 52.679 		98.698 		51.1
v 25.815 		101.1 		40.494
v 22.836 		101.1 		49.81
v 52.559 		98.698 		51.005
v 25.617 		101.1 		40.616
v 25.397 		101.1 		40.713
v 52.446 		98.698 		50.897
v 22.793 		101.1 		49.723
v 25.156 		101.1 		40.784
v 52.34 		98.698 		50.777
v 22.754 		101.1 		49.629
v 52.24 		98.698 		50.643
v 22.719 		101.1 		49.528
v 53.211 		98.698 		51.353
v 22.687 		101.1 		49.42
v 26.823 		101.1 		40.545
v 53.069 		98.698 		51.309
v 52.934 		98.698 		51.252
v 22.658 		101.1 		49.303
v 31.37 		101.1 		40.545
v 22.633 		101.1 		49.179
v 54.179 		98.698 		49.636
v 30.811 		101.1 		40.545
v 54.041 		98.698 		49.539
v 53.92 		98.698 		49.403
v 24.167 		101.1 		49.154
v 25.117 		101.1 		41.001
v 53.818 		98.698 		49.228
v 25.172 		101.1 		41.05
v 24.141 		101.1 		49.281
v 25.227 		101.1 		41.101
v 25.28 		101.1 		41.155
v 55.015 		98.698 		49.485
v 24.112 		101.1 		49.401
v 25.331 		101.1 		41.212
v 54.943 		98.698 		49.555
v 24.081 		101.1 		49.514
v 25.38 		101.1 		41.272
v 25.427 		101.1 		41.336
v 54.866 		98.698 		49.612
v 24.046 		101.1 		49.619
v 25.472 		101.1 		41.402
v 54.785 		98.698 		49.656
v 25.515 		101.1 		41.472
v 24.007 		101.1 		49.717
v 25.559 		101.1 		41.545
v 54.698 		98.698 		49.688
v 23.964 		101.1 		49.806
v 25.598 		101.1 		41.622
v 54.606 		98.698 		49.707
v 54.51 		98.698 		49.713
v 23.916 		101.1 		49.888
v 25.635 		101.1 		41.704
v 54.335 		98.698 		49.694
v 23.865 		101.1 		49.961
v 25.668 		101.1 		41.789
v 25.697 		101.1 		41.878
v 23.81 		101.1 		50.027
v 25.723 		101.1 		41.971
v 55.024 		98.698 		50.915
v 23.754 		101.1 		50.084
v 54.945 		98.698 		50.994
v 23.693 		101.1 		50.13
v 54.863 		98.698 		51.064
v 25.748 		101.1 		42.064
v 54.78 		98.698 		51.125
v 25.768 		101.1 		42.161
v 23.628 		101.1 		50.166
v 54.693 		98.698 		51.183
v 25.784 		101.1 		42.263
v 25.795 		101.1 		42.37
v 25.802 		101.1 		42.482
v 23.558 		101.1 		50.192
v 23.483 		101.1 		50.207
v 23.404 		101.1 		50.213
v 23.323 		101.1 		50.207
v 23.246 		101.1 		50.192
v 24.518 		101.1 		51.154
v 27.119 		101.1 		41.611
v 27.07 		101.1 		41.605
v 27.023 		101.1 		41.601
v 26.977 		101.1 		41.6
v 26.823 		101.1 		41.6
v 50.188 		101.1 		40.545
v 22.52 		101.1 		51.211
v 27.648 		101.1 		41.92
v 27.607 		101.1 		41.864
v 51.004 		101.1 		41.619
v 27.563 		101.1 		41.814
v 27.517 		101.1 		41.774
v 27.471 		101.1 		41.738
v 50.944 		101.1 		41.611
v 27.423 		101.1 		41.707
v 50.881 		101.1 		41.605
v 27.375 		101.1 		41.681
v 50.816 		101.1 		41.601
v 27.325 		101.1 		41.66
v 50.748 		101.1 		41.6
v 27.274 		101.1 		41.643
v 27.221 		101.1 		41.63
v 27.169 		101.1 		41.619
v 50.188 		101.1 		41.6
v 27.687 		101.1 		41.982
v 24.168 		101.1 		51.288
v 23.779 		101.1 		51.369
v 27.849 		101.1 		42.499
v 27.834 		101.1 		42.389
v 27.813 		101.1 		42.289
v 23.35 		101.1 		51.396
v 27.789 		101.1 		42.199
v 27.757 		101.1 		42.121
v 27.723 		101.1 		42.049
v 23.204 		101.1 		51.391
v 23.061 		101.1 		51.375
v 30.176 		101.1 		41.738
v 30.132 		101.1 		41.774
v 30.089 		101.1 		41.814
v 30.045 		101.1 		41.864
v 30.004 		101.1 		41.92
v 22.922 		101.1 		51.35
v 29.965 		101.1 		41.982
v 49.343 		98.698 		41.982
v 22.785 		101.1 		51.314
v 49.382 		98.698 		41.92
v 22.651 		101.1 		51.267
v 49.423 		98.698 		41.864
v 30.666 		101.1 		41.6
v 30.621 		101.1 		41.601
v 30.573 		101.1 		41.605
v 30.524 		101.1 		41.611
v 30.474 		101.1 		41.619
v 30.422 		101.1 		41.63
v 30.369 		101.1 		41.643
v 30.318 		101.1 		41.66
v 30.269 		101.1 		41.681
v 49.467 		98.698 		41.814
v 30.222 		101.1 		41.707
v 54.604 		98.698 		51.233
v 27.87 		101.1 		51.154
v 49.51 		98.698 		41.774
v 54.514 		98.698 		51.275
v 49.554 		98.698 		41.738
v 54.423 		98.698 		51.309
v 25.808 		101.1 		49.275
v 29.929 		101.1 		42.049
v 29.895 		101.1 		42.121
v 29.863 		101.1 		42.199
v 29.836 		101.1 		42.289
v 49.6 		98.698 		41.707
v 29.813 		101.1 		42.389
v 29.796 		101.1 		42.499
v 25.686 		101.1 		49.702
v 25.528 		101.1 		50.086
v 49.647 		98.698 		41.681
v 54.239 		98.698 		51.353
v 54.148 		98.698 		51.371
v 31.693 		101.1 		41.63
v 31.635 		101.1 		41.619
v 31.573 		101.1 		41.611
v 31.508 		101.1 		41.605
v 31.441 		101.1 		41.601
v 31.37 		101.1 		41.6
v 25.335 		101.1 		50.426
v 54.332 		98.698 		51.335
v 25.102 		101.1 		50.723
v 30.811 		101.1 		41.6
v 49.696 		98.698 		41.66
v 24.83 		101.1 		50.965
v 54.056 		98.698 		51.385
v 49.746 		98.698 		41.643
v 53.962 		98.698 		51.396
v 49.8 		98.698 		41.63
v 32.086 		101.1 		41.946
v 32.054 		101.1 		41.884
v 32.02 		101.1 		41.828
v 53.866 		98.698 		51.404
v 31.982 		101.1 		41.784
v 31.941 		101.1 		41.744
v 31.898 		101.1 		41.711
v 31.851 		101.1 		41.683
v 49.852 		98.698 		41.619
v 31.802 		101.1 		41.66
v 28.184 		101.1 		53.223
v 31.749 		101.1 		41.643
v 53.769 		98.698 		51.409
v 28.238 		101.1 		53.174
v 49.902 		98.698 		41.611
v 53.671 		98.698 		51.41
v 28.294 		101.1 		53.128
v 49.951 		98.698 		41.605
v 32.207 		101.1 		42.459
v 32.196 		101.1 		42.352
v 32.182 		101.1 		42.256
v 32.162 		101.1 		42.169
v 32.14 		101.1 		42.088
v 53.511 		98.698 		51.404
v 32.114 		101.1 		42.014
v 28.352 		101.1 		53.088
v 49.998 		98.698 		41.601
v 53.358 		98.698 		51.385
v 28.412 		101.1 		53.052
v 34.131 		101.1 		40.545
v 35.294 		101.1 		40.545
v 50.044 		98.698 		41.6
v 35.791 		101.1 		41.681
v 35.738 		101.1 		41.66
v 35.682 		101.1 		41.643
v 35.624 		101.1 		41.63
v 35.563 		101.1 		41.619
v 35.5 		101.1 		41.611
v 35.434 		101.1 		41.605
v 35.365 		101.1 		41.601
v 35.294 		101.1 		41.6
v 36.052 		101.1 		41.922
v 36.018 		101.1 		41.865
v 35.98 		101.1 		41.814
v 35.937 		101.1 		41.774
v 35.891 		101.1 		41.738
v 35.842 		101.1 		41.707
v 36.208 		101.1 		42.509
v 36.195 		101.1 		42.402
v 36.18 		101.1 		42.303
v 36.16 		101.1 		42.213
v 36.138 		101.1 		42.131
v 36.112 		101.1 		42.055
v 36.084 		101.1 		41.985
v 38.903 		101.1 		41.611
v 38.838 		101.1 		41.619
v 38.775 		101.1 		41.63
v 38.713 		101.1 		41.643
v 38.657 		101.1 		41.66
v 38.603 		101.1 		41.683
v 38.551 		101.1 		41.711
v 38.501 		101.1 		41.744
v 38.453 		101.1 		41.784
v 38.407 		101.1 		41.828
v 38.366 		101.1 		41.879
v 38.328 		101.1 		41.938
v 38.294 		101.1 		42.003
v 38.262 		101.1 		42.076
v 38.234 		101.1 		42.155
v 38.208 		101.1 		42.242
v 38.183 		101.1 		42.337
v 38.163 		101.1 		42.442
v 38.147 		101.1 		42.556
v -64.5065 		-98.038 		0.103
v 39.959 		101.1 		41.885
v 40.003 		101.1 		41.757
v -67.9935 		-98.038 		0.103
v -67.9935 		-96.653 		0.103
v 39.128 		101.1 		41.6
v 39.11 		101.1 		41.6
v 39.039 		101.1 		41.601
v 38.97 		101.1 		41.605
v 39.859 		101.1 		42.513
v 39.863 		101.1 		42.389
v 39.875 		101.1 		42.264
v 39.895 		101.1 		42.139
v 39.923 		101.1 		42.012
v -67.998 		-96.653 		0.103
v -69.4835 		-97.991 		0.247
v -67.998 		-96.653 		0.247
v 40.86 		101.1 		42.285
v 40.784 		101.1 		42.358
v 40.71 		101.1 		42.437
v 40.639 		101.1 		42.52
v 55.59 		98.698 		42.577
v -67.9943 		-97.991 		0.247
v -67.9943 		-96.653 		0.247
v 55.596 		98.698 		42.706
v 13.968 		101.1 		40.954
v 14.354 		101.1 		40.688
v 55.6 		98.698 		42.846
v 14.783 		101.1 		40.498
v 55.601 		98.698 		42.998
v 15.256 		101.1 		40.384
v 15.772 		101.1 		40.345
v 16.018 		101.1 		40.355
v 16.255 		101.1 		40.384
v 13.074 		101.1 		42.21
v 13.327 		101.1 		41.714
v 13.626 		101.1 		41.296
v 28.474 		101.1 		53.021
v 55.601 		98.698 		46.89
v 55.6 		98.698 		47.079
v 55.255 		98.698 		49.111
v 28.541 		101.1 		52.995
v 55.595 		98.698 		47.264
v 28.609 		101.1 		52.974
v 55.588 		98.698 		47.446
v 55.577 		98.698 		47.625
v 55.564 		98.698 		47.801
v 55.547 		98.698 		47.974
v 55.524 		98.698 		48.141
v 49.174 		98.698 		42.499
v 55.497 		98.698 		48.302
v 49.191 		98.698 		42.389
v 55.466 		98.698 		48.455
v 49.214 		98.698 		42.289
v 55.431 		98.698 		48.601
v 49.241 		98.698 		42.199
v 55.392 		98.698 		48.74
v 49.273 		98.698 		42.121
v 49.306 		98.698 		42.049
v 55.349 		98.698 		48.872
v 55.304 		98.698 		48.996
v 59.591 		98.698 		42.619
v 59.596 		98.698 		42.746
v 59.598 		98.698 		42.884
v 61.501 		98.698 		42.955
v 61.503 		98.698 		42.812
v 61.51 		98.698 		42.679
v 14.455 		101.1 		44.887
v 14.455 		98.698 		44.887
v 59.598 		98.698 		46.648
v 14.469 		101.1 		44.585
v 14.469 		98.698 		44.585
v 59.596 		98.698 		46.851
v 59.592 		98.698 		47.05
v 12.521 		98.698 		44.986
v 12.521 		101.1 		44.986
v 57.505 		98.698 		47.047
v 14.455 		101.1 		46.88
v 14.455 		98.698 		46.88
v 14.445 		101.1 		46.561
v 14.445 		98.698 		46.561
v 57.542 		98.698 		48.017
v 14.439 		101.1 		46.227
v 14.439 		98.698 		46.227
v 57.529 		98.698 		47.839
v 14.437 		101.1 		45.878
v 14.437 		98.698 		45.878
v 57.518 		98.698 		47.653
v 14.439 		101.1 		45.533
v 14.439 		98.698 		45.533
v 57.511 		98.698 		47.459
v 14.445 		101.1 		45.203
v 14.445 		98.698 		45.203
v 57.506 		98.698 		47.257
v 12.504 		101.1 		46.334
v 12.504 		98.698 		46.334
v 12.497 		98.698 		45.878
v 12.497 		101.1 		45.878
v 56.698 		-39.318 		4.301
v 56.739 		40.348 		4.301
v 59.363 		98.698 		48.787
v 12.523 		98.698 		46.77
v 12.523 		101.1 		46.77
v 59.319 		98.698 		48.924
v 12.894 		98.698 		48.97
v 12.894 		101.1 		48.97
v 59.27 		98.698 		49.051
v 12.803 		98.698 		48.653
v 12.803 		101.1 		48.653
v 12.723 		98.698 		48.316
v 12.723 		101.1 		48.316
v 12.654 		98.698 		47.959
v 12.654 		101.1 		47.959
v 57.772 		98.698 		49.124
v 12.598 		98.698 		47.583
v 12.598 		101.1 		47.583
v 27.809 		101.1 		54.241
v 57.73 		98.698 		49.015
v 12.554 		98.698 		47.186
v 12.554 		101.1 		47.186
v 27.817 		101.1 		54.126
v 57.693 		98.698 		48.901
v 27.829 		101.1 		54.016
v 57.659 		98.698 		48.777
v 14.735 		101.1 		49.072
v 14.735 		98.698 		49.072
v 57.629 		98.698 		48.644
v 14.686 		101.1 		48.888
v 14.686 		98.698 		48.888
v 57.602 		98.698 		48.501
v 14.642 		101.1 		48.69
v 14.642 		98.698 		48.69
v 14.602 		101.1 		48.477
v 14.602 		98.698 		48.477
v 57.579 		98.698 		48.349
v 14.566 		101.1 		48.248
v 14.566 		98.698 		48.248
v 27.847 		101.1 		53.912
v 57.559 		98.698 		48.188
v 14.536 		101.1 		48.004
v 14.536 		98.698 		48.004
v 27.869 		101.1 		53.813
v 14.509 		101.1 		47.746
v 14.509 		98.698 		47.746
v 27.897 		101.1 		53.72
v 14.487 		101.1 		47.472
v 14.487 		98.698 		47.472
v 49.1953 		98.698 		41.984
v 27.928 		101.1 		53.633
v 14.469 		101.1 		47.183
v 14.469 		98.698 		47.183
v 27.963 		101.1 		53.551
v 28.001 		101.1 		53.474
v 14.189 		98.698 		50.944
v 14.189 		101.1 		50.944
v 28.041 		101.1 		53.403
v 14.005 		98.698 		50.802
v 14.005 		101.1 		50.802
v 13.83 		98.698 		50.64
v 13.83 		101.1 		50.64
v 28.085 		101.1 		53.338
v 13.665 		98.698 		50.46
v 13.665 		101.1 		50.46
v 28.131 		101.1 		53.278
v 13.51 		98.698 		50.26
v 13.51 		101.1 		50.26
v 13.364 		98.698 		50.041
v 13.364 		101.1 		50.041
v 13.23 		98.698 		49.803
v 13.23 		101.1 		49.803
v 28.001 		101.1 		55.249
v 13.108 		98.698 		49.546
v 13.108 		101.1 		49.546
v 27.963 		101.1 		55.173
v 12.996 		98.698 		49.268
v 12.996 		101.1 		49.268
v 27.928 		101.1 		55.091
v 27.897 		101.1 		55.003
v 15.321 		98.698 		50.021
v 27.869 		101.1 		54.91
v 15.228 		98.698 		49.953
v 27.847 		101.1 		54.812
v 15.141 		98.698 		49.87
v 27.829 		101.1 		54.708
v 15.062 		98.698 		49.773
v 27.817 		101.1 		54.598
v 14.987 		98.698 		49.661
v 27.809 		101.1 		54.483
v 27.807 		101.1 		54.362
v 50.748 		98.698 		40.545
v 59.584 		98.698 		47.247
v 50.188 		98.698 		40.545
v 59.574 		98.698 		47.44
v 28.609 		101.1 		55.75
v 59.56 		98.698 		47.63
v 28.541 		101.1 		55.728
v 59.544 		98.698 		47.817
v 28.474 		101.1 		55.702
v 59.523 		98.698 		47.998
v 28.412 		101.1 		55.671
v 28.352 		101.1 		55.636
v 28.294 		101.1 		55.595
v 28.238 		101.1 		55.55
v 56.604 		83 		4.199
v 28.184 		101.1 		55.5
v 28.131 		101.1 		55.445
v 56.411 		83.039 		4.199
v 50.748 		98.698 		41.6
v 28.085 		101.1 		55.386
v 50.816 		98.698 		41.601
v 50.881 		98.698 		41.605
v 56.225 		83.101 		4.199
v 28.041 		101.1 		55.32
v 50.944 		98.698 		41.611
v 51.004 		98.698 		41.619
v 56.049 		83.188 		4.199
v 55.885 		83.297 		4.199
v 50.188 		98.698 		41.6
v 55.738 		83.425 		4.199
v 55.608 		83.573 		4.199
v 55.499 		83.735 		4.199
v 55.412 		83.911 		4.199
v 70.006 		-97.91 		9.821
v 69.9 		-97.91 		10.2136
v 55.349 		84.096 		4.199
v 55.31 		84.288 		4.199
v 22.396 		101.1 		55.788
v 55.298 		84.483 		4.199
v 55.31 		84.678 		4.199
v 14.917 		98.698 		49.535
v 59.499 		98.698 		48.172
v 70.4439 		40.3195 		8.572
v 59.471 		98.698 		48.337
v 14.852 		98.698 		49.395
v 55.349 		84.87 		4.199
v 59.439 		98.698 		48.495
v 70.4439 		20.404 		8.572
v 14.791 		98.698 		49.241
v 59.403 		98.698 		48.645
v 55.412 		85.055 		4.199
v 70.4439 		-19.403 		8.572
v 16.368 		98.698 		49.87
v 55.499 		85.23 		4.199
v 61.509 		98.698 		49.123
v 16.28 		98.698 		49.953
v 61.503 		98.698 		48.995
v 61.501 		98.698 		48.858
v 55.608 		85.393 		4.199
v 16.187 		98.698 		50.021
v 70.4439 		-39.3085 		8.572
v 16.088 		98.698 		50.073
v 55.202 		98.698 		49.218
v 55.738 		85.54 		4.199
v 55.144 		98.698 		49.316
v 15.983 		98.698 		50.111
v 55.082 		98.698 		49.405
v 15.871 		98.698 		50.134
v 55.885 		85.669 		4.199
v 15.754 		98.698 		50.141
v 55.249 		98.698 		50.626
v 56.049 		85.777 		4.199
v 15.637 		98.698 		50.134
v 55.176 		98.698 		50.731
v 15.526 		98.698 		50.111
v 55.101 		98.698 		50.827
v 56.225 		85.864 		4.199
v 15.42 		98.698 		50.073
v 14.586 		98.698 		51.173
v 14.383 		98.698 		51.068
v 56.411 		85.927 		4.199
v 56.604 		85.965 		4.199
v 15.321 		101.1 		50.021
v 15.228 		101.1 		49.953
v 15.141 		101.1 		49.87
v 15.062 		101.1 		49.773
v 70.006 		20.404 		9.821
v 14.987 		101.1 		49.661
v 14.917 		101.1 		49.535
v 14.852 		101.1 		49.395
v 14.791 		101.1 		49.241
v 70.006 		-19.403 		9.821
v 20.48 		101.1 		42.572
v 16.368 		101.1 		49.87
v 16.28 		101.1 		49.953
v 16.187 		101.1 		50.021
v 16.088 		101.1 		50.073
v 15.983 		101.1 		50.111
v 15.871 		101.1 		50.134
v 15.754 		101.1 		50.141
v 15.637 		101.1 		50.134
v 15.526 		101.1 		50.111
v 15.42 		101.1 		50.073
v 14.586 		101.1 		51.173
v 14.383 		101.1 		51.068
v 16.253 		98.698 		51.372
v 16.253 		101.1 		51.372
v 15.736 		98.698 		51.41
v 15.736 		101.1 		51.41
v 15.488 		98.698 		51.401
v 15.488 		101.1 		51.401
v 55.6 		98.698 		49.911
v 55.664 		98.698 		49.728
v 15.249 		98.698 		51.372
v 15.249 		101.1 		51.372
v 15.019 		98.698 		51.325
v 15.019 		101.1 		51.325
v 55.534 		98.698 		50.081
v 14.798 		98.698 		51.258
v 14.798 		101.1 		51.258
v 55.466 		98.698 		50.237
v 17.025 		101.1 		44.585
v 17.025 		98.698 		44.585
v 55.396 		98.698 		50.38
v 17.037 		101.1 		44.887
v 17.037 		98.698 		44.887
v 55.324 		98.698 		50.51
v 55.773 		98.698 		49.728
v 18.948 		98.698 		44.577
v 18.948 		101.1 		44.577
v 18.978 		98.698 		44.992
v 18.978 		101.1 		44.992
v 21.657 		98.698 		44.983
v 56.662 		98.698 		51.133
v 21.657 		101.1 		44.983
v 21.785 		98.698 		44.858
v 21.785 		101.1 		44.858
v 21.922 		98.698 		44.745
v 56.494 		98.698 		51.011
v 21.922 		101.1 		44.745
v 22.068 		98.698 		44.643
v 22.068 		101.1 		44.643
v 56.339 		98.698 		50.864
v 22.222 		98.698 		44.552
v 22.222 		101.1 		44.552
v 56.198 		98.698 		50.691
v 22.387 		98.698 		44.473
v 22.387 		101.1 		44.473
v 56.07 		98.698 		50.491
v 55.957 		98.698 		50.263
v 56.596 		-84.367 		4.299
v 70.006 		101.1 		9.821
v 55.858 		98.698 		50.009
v 17.046 		101.1 		46.561
v 17.046 		98.698 		46.561
v 17.051 		98.698 		46.227
v 17.051 		101.1 		46.227
v 56.4 		-84.38 		4.299
v 17.037 		101.1 		46.88
v 17.037 		98.698 		46.88
v 57.236 		98.698 		51.366
v 57.033 		98.698 		51.31
v 56.204 		-84.367 		4.299
v 29.929 		101.1 		49.663
v 17.046 		101.1 		45.203
v 17.046 		98.698 		45.203
v 56.842 		98.698 		51.233
v 29.895 		101.1 		49.591
v 17.051 		101.1 		45.533
v 17.051 		98.698 		45.533
v 17.053 		101.1 		45.878
v 29.863 		101.1 		49.514
v 17.053 		98.698 		45.878
v 29.796 		101.1 		49.243
v 29.813 		101.1 		49.343
v 29.836 		101.1 		49.433
v 58.339 		98.698 		49.693
v 18.996 		98.698 		45.426
v 18.996 		101.1 		45.426
v 29.965 		101.1 		49.728
v 30.004 		101.1 		49.786
v 58.258 		98.698 		49.667
v 30.045 		101.1 		49.839
v 30.089 		101.1 		49.885
v 30.135 		101.1 		49.925
v 30.181 		101.1 		49.961
v 19.002 		98.698 		45.878
v 19.002 		101.1 		45.878
v 18.979 		98.698 		46.77
v 58.182 		98.698 		49.631
v 18.979 		101.1 		46.77
v 30.229 		101.1 		49.992
v 58.112 		98.698 		49.585
v 30.277 		101.1 		50.018
v 30.327 		101.1 		50.039
v 30.378 		101.1 		50.056
v 30.428 		101.1 		50.069
v 30.478 		101.1 		50.079
v 30.527 		101.1 		50.088
v 30.574 		101.1 		50.094
v 30.621 		101.1 		50.097
v 30.666 		101.1 		50.098
v 17.025 		101.1 		47.183
v 17.025 		98.698 		47.183
v 58.046 		98.698 		49.528
v 56.011 		-84.329 		4.299
v 17.009 		101.1 		47.472
v 32.693 		101.1 		50.338
v 17.009 		98.698 		47.472
v 57.982 		98.698 		49.466
v 32.616 		101.1 		50.163
v 16.99 		101.1 		47.746
v 16.99 		98.698 		47.746
v 55.825 		-84.266 		4.299
v 32.545 		101.1 		49.974
v 57.923 		98.698 		49.395
v 32.481 		101.1 		49.769
v 16.967 		101.1 		48.004
v 16.967 		98.698 		48.004
v 57.868 		98.698 		49.314
v 32.423 		101.1 		49.549
v 55.649 		-84.179 		4.299
v 16.938 		101.1 		48.248
v 16.938 		98.698 		48.248
v 32.371 		101.1 		49.314
v 57.817 		98.698 		49.224
v 16.904 		101.1 		48.477
v 16.904 		98.698 		48.477
v 55.485 		-84.071 		4.299
v 30.811 		101.1 		50.098
v 16.866 		101.1 		48.69
v 16.866 		98.698 		48.69
v 59.216 		98.698 		49.168
v 16.822 		101.1 		48.888
v 30.811 		101.1 		51.154
v 16.822 		98.698 		48.888
v 59.159 		98.698 		49.275
v 16.774 		101.1 		49.072
v 16.774 		98.698 		49.072
v 59.096 		98.698 		49.371
v 59.029 		98.698 		49.457
v 18.911 		98.698 		47.583
v 18.911 		101.1 		47.583
v 18.797 		98.698 		48.316
v 18.797 		101.1 		48.316
v 58.957 		98.698 		49.535
v 28.677 		101.1 		52.957
v 18.637 		98.698 		48.97
v 18.637 		101.1 		48.97
v 58.88 		98.698 		49.599
v 28.747 		101.1 		52.945
v 28.818 		101.1 		52.938
v 58.797 		98.698 		49.649
v 28.889 		101.1 		52.936
v 20.853 		98.698 		47.019
v 20.853 		101.1 		47.019
v 58.709 		98.698 		49.685
v 28.963 		101.1 		52.938
v 20.883 		98.698 		46.794
v 20.883 		101.1 		46.794
v 29.036 		101.1 		52.945
v 58.615 		98.698 		49.706
v 20.922 		98.698 		46.575
v 20.922 		101.1 		46.575
v 29.106 		101.1 		52.957
v 58.515 		98.698 		49.713
v 20.968 		98.698 		46.363
v 20.968 		101.1 		46.363
v 29.174 		101.1 		52.974
v 21.024 		98.698 		46.158
v 58.424 		98.698 		49.708
v 21.024 		101.1 		46.158
v 21.088 		98.698 		45.962
v 21.088 		101.1 		45.962
v 29.24 		101.1 		52.995
v 21.16 		98.698 		45.774
v 59.328 		98.698 		50.38
v 21.16 		101.1 		45.774
v 29.304 		101.1 		53.021
v 21.241 		98.698 		45.596
v 21.241 		101.1 		45.596
v 59.26 		98.698 		50.51
v 29.366 		101.1 		53.052
v 21.331 		98.698 		45.426
v 21.331 		101.1 		45.426
v 29.425 		101.1 		53.088
v 59.192 		98.698 		50.626
v 21.429 		98.698 		45.265
v 21.429 		101.1 		45.265
v 29.482 		101.1 		53.128
v 59.119 		98.698 		50.731
v 29.537 		101.1 		53.174
v 21.538 		98.698 		45.118
v 21.538 		101.1 		45.118
v 29.589 		101.1 		53.223
v 59.045 		98.698 		50.827
v 58.971 		98.698 		50.915
v 20.829 		98.698 		48.099
v 58.895 		98.698 		50.994
v 20.821 		98.698 		47.977
v 58.818 		98.698 		51.064
v 20.817 		98.698 		47.855
v 58.741 		98.698 		51.125
v 20.815 		98.698 		47.732
v 20.819 		98.698 		47.488
v 58.659 		98.698 		51.183
v 55.338 		-83.942 		4.299
v 49.115 		-95.708 		41.329
v 20.832 		98.698 		47.25
v 55.208 		-83.795 		4.299
v 50.043 		-95.708 		36.323
v 20.996 		98.698 		49.129
v 49.933 		-95.708 		36.089
v 55.099 		-83.632 		4.299
v 49.812 		-95.708 		35.874
v 29.942 		101.1 		54.241
v 20.969 		98.698 		49.019
v 49.68 		-95.708 		35.676
v 29.638 		101.1 		53.278
v 49.536 		-95.708 		35.496
v 20.945 		98.698 		48.909
v 55.012 		-83.457 		4.299
v 29.684 		101.1 		53.338
v 49.382 		-95.708 		35.333
v 20.923 		98.698 		48.797
v 49.218 		-95.708 		35.182
v 29.727 		101.1 		53.403
v 54.949 		-83.272 		4.299
v 20.903 		98.698 		48.685
v 29.766 		101.1 		53.474
v 49.644 		-95.708 		40.835
v 29.802 		101.1 		53.551
v 20.885 		98.698 		48.572
v 54.91 		-83.08 		4.299
v 49.792 		-95.708 		40.65
v 29.835 		101.1 		53.633
v 49.924 		-95.708 		40.455
v 20.869 		98.698 		48.459
v 50.041 		-95.708 		40.25
v 29.863 		101.1 		53.72
v 54.898 		-82.885 		4.299
v 20.853 		98.698 		48.339
v 29.888 		101.1 		53.813
v 49.302 		-95.708 		41.175
v 20.839 		98.698 		48.219
v 29.909 		101.1 		53.912
v 49.481 		-95.708 		41.01
v 54.91 		-82.69 		4.299
v 29.924 		101.1 		54.016
v 29.936 		101.1 		54.126
v 54.949 		-82.498 		4.299
v 20.829 		101.1 		48.099
v 55.012 		-82.313 		4.299
v 20.821 		101.1 		47.977
v 29.945 		101.1 		54.362
v 20.817 		101.1 		47.855
v 55.099 		-82.137 		4.299
v 29.942 		101.1 		54.483
v 20.815 		101.1 		47.732
v -45.5297 		-78.4759 		15.557
v 29.936 		101.1 		54.598
v 20.819 		101.1 		47.488
v 55.208 		-81.975 		4.299
v -45.5296 		-78.4759 		15.5279
v 29.924 		101.1 		54.708
v 20.832 		101.1 		47.25
v 29.909 		101.1 		54.812
v 29.888 		101.1 		54.91
v 29.863 		101.1 		55.003
v 20.996 		101.1 		49.129
v 29.835 		101.1 		55.091
v 56.596 		-81.402 		4.299
v 56.4 		-81.39 		4.299
v 20.969 		101.1 		49.019
v 29.802 		101.1 		55.173
v 23.298 		-97.91 		34.813
v 23.487 		-97.91 		34.685
v 23.681 		-97.91 		34.58
v 23.878 		-97.91 		34.498
v 24.081 		-97.91 		34.44
v 24.287 		-97.91 		34.405
v 29.766 		101.1 		55.249
v 24.498 		-97.91 		34.393
v 20.945 		101.1 		48.909
v 20.923 		101.1 		48.797
v 22.481 		-97.91 		35.88
v 22.632 		-97.91 		35.614
v 22.788 		-97.91 		35.373
v 29.174 		101.1 		55.75
v 22.952 		-97.91 		35.16
v 23.122 		-97.91 		34.973
v 20.903 		101.1 		48.685
v 29.106 		101.1 		55.766
v 20.885 		101.1 		48.572
v 29.036 		101.1 		55.778
v 55.338 		-81.828 		4.299
v 24.846 		-97.91 		34.423
v 25.167 		-97.91 		34.513
v 25.464 		-97.91 		34.663
v 28.963 		101.1 		55.785
v 20.869 		101.1 		48.459
v 28.889 		101.1 		55.788
v 55.485 		-81.699 		4.299
v 25.734 		-97.91 		34.873
v 25.979 		-97.91 		35.143
v 26.199 		-97.91 		35.473
v 20.853 		101.1 		48.339
v 26.388 		-97.91 		35.876
v 26.543 		-97.91 		36.349
v 28.818 		101.1 		55.785
v 30.419 		-97.91 		36.514
v 28.747 		101.1 		55.778
v 20.839 		101.1 		48.219
v 55.649 		-81.59 		4.299
v 30.274 		-97.91 		36.116
v 28.677 		101.1 		55.766
v 30.106 		-97.91 		35.736
v 29.914 		-97.91 		35.373
v 55.825 		-81.503 		4.299
v 16.72 		101.1 		49.241
v 16.72 		98.698 		49.241
v 29.684 		101.1 		55.386
v 16.66 		101.1 		49.395
v 16.66 		98.698 		49.395
v 29.638 		101.1 		55.445
v 56.011 		-81.441 		4.299
v 29.589 		101.1 		55.5
v 16.595 		101.1 		49.535
v 16.595 		98.698 		49.535
v 56.204 		-81.402 		4.299
v 16.525 		101.1 		49.661
v 29.537 		101.1 		55.55
v 16.525 		98.698 		49.661
v 29.482 		101.1 		55.595
v 16.449 		101.1 		49.773
v 16.449 		98.698 		49.773
v 26.664 		-97.91 		36.894
v 26.75 		-97.91 		37.51
v 26.802 		-97.91 		38.196
v 26.819 		-97.91 		38.954
v 26.8 		-97.91 		39.674
v 26.743 		-97.91 		40.326
v 29.425 		101.1 		55.636
v 26.649 		-97.91 		40.91
v 50.227 		-95.708 		36.852
v 29.366 		101.1 		55.671
v 30.661 		-97.91 		40.915
v 50.142 		-95.708 		36.574
v 30.739 		-97.91 		40.52
v 18.181 		98.698 		50.041
v 29.304 		101.1 		55.702
v 18.181 		101.1 		50.041
v 18.432 		101.1 		49.546
v 18.432 		98.698 		49.546
v 30.795 		-97.91 		40.108
v 29.24 		101.1 		55.728
v 17.882 		98.698 		50.46
v 30.828 		-97.91 		39.68
v 17.882 		101.1 		50.46
v 50.414 		-95.708 		38.837
v 30.839 		-97.91 		39.234
v 50.422 		-95.708 		38.574
v 17.54 		98.698 		50.802
v 17.54 		101.1 		50.802
v 30.828 		-97.91 		38.742
v 50.414 		-95.708 		38.185
v 30.793 		-97.91 		38.265
v 29.727 		101.1 		55.32
v 17.155 		98.698 		51.068
v 50.391 		-95.708 		37.818
v 17.155 		101.1 		51.068
v 30.734 		-97.91 		37.804
v 50.352 		-95.708 		37.474
v 59.525 		98.698 		49.911
v 30.653 		-97.91 		37.358
v 59.589 		98.698 		49.728
v -64.5095 		-98.038 		2.3075
v 50.297 		-95.708 		37.152
v 30.548 		-97.91 		36.928
v 32.54 		-97.91 		38.954
v 59.46 		98.698 		50.081
v 50.142 		-95.708 		40.035
v 20.38 		98.698 		49.652
v 20.305 		98.698 		49.664
v 50.227 		-95.708 		39.811
v -67.9977 		-98.038 		0.8625
v 20.46 		98.698 		49.645
v 50.297 		-95.708 		39.579
v -67.9977 		-97.991 		0.8625
v 59.395 		98.698 		50.237
v 50.352 		-95.708 		39.339
v 50.391 		-95.708 		39.092
v 36.223 		101.1 		42.884
v 36.222 		101.1 		42.75
v 36.216 		101.1 		42.625
v 19.751 		98.698 		50.141
v 26.516 		-97.91 		41.426
v 26.346 		-97.91 		41.874
v 26.139 		-97.91 		42.255
v 59.652 		98.698 		49.728
v 19.777 		98.698 		50.081
v 30.137 		-97.91 		42.326
v 59.814 		98.698 		51.154
v 56.739 		40.348 		8.572
v 30.297 		-97.91 		42
v 38.136 		101.1 		42.679
v 56.698 		-39.318 		8.572
v 38.129 		101.1 		42.812
v 38.127 		101.1 		42.955
v 19.807 		98.698 		50.024
v 30.439 		-97.91 		41.655
v 39.915 		101.1 		42.954
v 30.561 		-97.91 		41.293
v 19.841 		98.698 		49.97
v 39.895 		101.1 		42.868
v 58.576 		98.698 		51.233
v 75.0765 		-97.91 		1.029
v 74.49 		-97.91 		1.408
v 32.54 		-97.91 		41.875
v 19.876 		98.698 		49.92
v 73.251 		-97.91 		2.775
v 39.879 		101.1 		42.78
v 58.493 		98.698 		51.275
v 39.868 		101.1 		42.692
v 74.384 		-97.91 		0.581
v 19.915 		98.698 		49.873
v 58.408 		98.698 		51.309
v 39.861 		101.1 		42.603
v 58.322 		98.698 		51.335
v 19.958 		98.698 		49.831
v 39.76 		-97.91 		41.875
v 58.235 		98.698 		51.353
v 20.005 		98.698 		49.793
v 58.145 		98.698 		51.371
v 20.056 		98.698 		49.758
v 58.053 		98.698 		51.385
v 20.111 		98.698 		49.728
v 57.96 		98.698 		51.396
v 57.867 		98.698 		51.404
v 20.171 		98.698 		49.702
v 57.772 		98.698 		51.409
v 20.236 		98.698 		49.68
v 57.676 		98.698 		51.41
v 57.45 		98.698 		51.399
v 40.572 		101.1 		42.608
v 40.507 		101.1 		42.701
v 40.445 		101.1 		42.798
v 40.39 		101.1 		42.895
v 40.338 		101.1 		42.994
v 61.596 		98.698 		49.61
v 52.021 		-97.91 		33.611
v 40.29 		101.1 		43.097
v 40.245 		101.1 		43.204
v 40.204 		101.1 		43.313
v 61.573 		98.698 		49.528
v 40.166 		101.1 		43.425
v 40.117 		101.1 		43.375
v 61.551 		98.698 		49.442
v 40.073 		101.1 		43.319
v 61.533 		98.698 		49.346
v 40.033 		101.1 		43.258
v 61.519 		98.698 		49.239
v 39.997 		101.1 		43.191
v 39.967 		101.1 		43.118
v 61.942 		98.698 		50.06
v 61.891 		98.698 		50.034
v 51.17 		101.1 		41.66
v 51.118 		101.1 		41.643
v 51.062 		101.1 		41.63
v 61.843 		98.698 		50.003
v 61.797 		98.698 		49.968
v 51.454 		101.1 		41.946
v 61.754 		98.698 		49.927
v 51.423 		101.1 		41.884
v 51.388 		101.1 		41.828
v 51.351 		101.1 		41.784
v 51.31 		101.1 		41.744
v 51.266 		101.1 		41.711
v 51.22 		101.1 		41.683
v 61.716 		98.698 		49.877
v 51.576 		101.1 		42.459
v 51.564 		101.1 		42.352
v 51.551 		101.1 		42.256
v 51.531 		101.1 		42.169
v 51.509 		101.1 		42.088
v 51.483 		101.1 		42.014
v 61.682 		98.698 		49.82
v 61.65 		98.698 		49.756
v 61.621 		98.698 		49.687
v 51.062 		98.698 		41.63
v 62.43 		98.698 		50.155
v 62.36 		98.698 		50.154
v 51.118 		98.698 		41.643
v 51.17 		98.698 		41.66
v 62.292 		98.698 		50.149
v 62.227 		98.698 		50.141
v 19.653 		98.698 		50.844
v 19.651 		98.698 		50.769
v 62.166 		98.698 		50.13
v 19.653 		98.698 		50.693
v 62.107 		98.698 		50.116
v 62.051 		98.698 		50.098
v 19.656 		98.698 		50.62
v 61.996 		98.698 		50.082
v 51.22 		98.698 		41.683
v 19.663 		98.698 		50.548
v 51.266 		98.698 		41.711
v -45.53 		-78.477 		15.557
v 19.671 		98.698 		50.477
v 51.31 		98.698 		41.744
v 19.683 		98.698 		50.408
v 19.696 		98.698 		50.341
v 19.711 		98.698 		50.271
v 19.729 		98.698 		50.205
v 19.689 		98.698 		51.139
v 7.9 		-98.9 		10.339
v 7.9 		-97.91 		10.339
v 7.2432 		-97.91 		10.339
v 51.351 		98.698 		41.784
v 19.675 		98.698 		51.066
v 51.388 		98.698 		41.828
v 25.904 		-97.91 		32.673
v 19.665 		98.698 		50.993
v 51.423 		98.698 		41.884
v 25.43 		-97.91 		32.606
v 51.454 		98.698 		41.946
v 24.935 		-97.91 		32.566
v 19.657 		98.698 		50.919
v 24.418 		-97.91 		32.553
v 23.912 		-97.91 		32.568
v 23.421 		-97.91 		32.615
v 51.483 		98.698 		42.014
v 22.943 		-97.91 		32.693
v 51.509 		98.698 		42.088
v 51.531 		98.698 		42.169
v 20.38 		101.1 		49.652
v 22.48 		-97.91 		32.802
v 20.305 		101.1 		49.664
v 51.551 		98.698 		42.256
v 20.46 		101.1 		49.645
v 51.564 		98.698 		42.352
v 51.576 		98.698 		42.459
v 19.751 		101.1 		50.141
v 19.777 		101.1 		50.081
v 22.032 		-97.91 		32.942
v 21.598 		-97.91 		33.113
v 19.807 		101.1 		50.024
v 21.188 		-97.91 		33.316
v 19.841 		101.1 		49.97
v 20.798 		-97.91 		33.553
v 19.876 		101.1 		49.92
v 19.915 		101.1 		49.873
v 19.958 		101.1 		49.831
v 25.998 		-97.91 		10.499
v 26.998 		-97.91 		13.5
v 26.998 		-97.91 		14.5
v 26.998 		-97.91 		15.5
v 25.998 		-97.91 		15.5
v 25.998 		-97.91 		14.5
v 25.998 		-97.91 		11.499
v 20.005 		101.1 		49.793
v 29.999 		-97.91 		14.5
v 30.999 		-97.91 		15.5
v 30.999 		-97.91 		16.5
v 29.999 		-97.91 		15.5
v 20.056 		101.1 		49.758
v 29.999 		-97.91 		12.499
v 30.999 		-97.91 		12.499
v 29.999 		-97.91 		13.5
v 20.111 		101.1 		49.728
v 30.999 		-97.91 		11.499
v 29.999 		-97.91 		11.499
v 20.171 		101.1 		49.702
v 45.002 		-97.91 		16.5
v 46.002 		-97.91 		16.5
v 20.236 		101.1 		49.68
v 44.002 		-97.91 		16.5
v 43.002 		-97.91 		16.5
v 44.002 		-97.91 		14.5
v 44.002 		-97.91 		15.5
v 43.002 		-97.91 		15.5
v 43.002 		-97.91 		10.499
v 44.002 		-97.91 		13.5
v 19.656 		101.1 		50.62
v 46.002 		-97.91 		14.5
v 47.003 		-97.91 		14.5
v 19.663 		101.1 		50.548
v 47.003 		-97.91 		11.499
v 46.002 		-97.91 		11.499
v 46.002 		-97.91 		10.499
v 19.671 		101.1 		50.477
v 39.94 		101.1 		43.04
v 19.683 		101.1 		50.408
v 45.002 		-97.91 		10.499
v 45.002 		-97.91 		11.499
v 45.002 		-97.91 		14.5
v 45.002 		-97.91 		15.5
v 19.696 		101.1 		50.341
v 34.131 		101.1 		47.061
v 41.001 		-97.91 		15.5
v 42.001 		-97.91 		15.5
v 42.001 		-97.91 		16.5
v 36.217 		101.1 		47.065
v 36.222 		101.1 		46.865
v 36.223 		101.1 		46.662
v 41.001 		-97.91 		13.5
v 42.001 		-97.91 		13.5
v 42.001 		-97.91 		14.5
v 41.001 		-97.91 		14.5
v 41.001 		-97.91 		11.499
v 42.001 		-97.91 		11.499
v 42.001 		-97.91 		12.499
v 41.001 		-97.91 		12.499
v 19.711 		101.1 		50.271
v 35 		-97.91 		15.5
v 35 		-97.91 		16.5
v 19.729 		101.1 		50.205
v 35 		-97.91 		13.5
v 35 		-97.91 		14.5
v 34 		-97.91 		12.499
v 34 		-97.91 		11.499
v 39.001 		-97.91 		14.5
v 40.001 		-97.91 		15.5
v 39.001 		-97.91 		15.5
v 40.001 		-97.91 		11.499
v 40.001 		-97.91 		12.499
v 39.001 		-97.91 		13.5
v 19.653 		101.1 		50.844
v 19.651 		101.1 		50.769
v 19.653 		101.1 		50.693
v 40.001 		-97.91 		16.5
v 19.689 		101.1 		51.139
v 52.021 		-95.708 		33.611
v 36 		-97.91 		15.5
v 36 		-97.91 		16.5
v 19.675 		101.1 		51.066
v 37 		-97.91 		11.499
v 37 		-97.91 		12.499
v 69.9 		-97.91 		3.572
v 36 		-97.91 		14.5
v 36 		-97.91 		13.5
v 19.665 		101.1 		50.993
v 72.077 		-97.91 		4.655
v 39.001 		-97.91 		16.5
v 19.657 		101.1 		50.919
v 38.001 		-97.91 		12.499
v 38.001 		-97.91 		14.5
v 16.725 		98.698 		51.258
v 16.725 		101.1 		51.258
v 38.001 		-97.91 		10.499
v 38.001 		-97.91 		11.499
v 20.008 		98.698 		51.706
v 34.132 		101.1 		47.267
v 34.137 		101.1 		47.465
v 34.144 		101.1 		47.657
v 34.155 		101.1 		47.841
v 34.168 		101.1 		48.018
v 31.999 		-97.91 		14.5
v 34.185 		101.1 		48.188
v 31.999 		-97.91 		15.5
v 34.204 		101.1 		48.35
v 34.228 		101.1 		48.503
v 34.255 		101.1 		48.648
v 34.285 		101.1 		48.783
v 34.319 		101.1 		48.911
v 19.961 		98.698 		51.664
v 34.356 		101.1 		49.029
v 34.397 		101.1 		49.138
v 31.999 		-97.91 		13.5
v 19.918 		98.698 		51.617
v 62.43 		98.698 		51.154
v 19.877 		98.698 		51.567
v 32.999 		-97.91 		12.499
v 35.896 		101.1 		49.065
v 35.945 		101.1 		48.938
v 35.989 		101.1 		48.801
v 19.842 		98.698 		51.514
v 36.029 		101.1 		48.659
v 36.065 		101.1 		48.509
v 36.097 		101.1 		48.352
v 36.125 		101.1 		48.186
v 36.149 		101.1 		48.013
v 36.169 		101.1 		47.831
v 36.186 		101.1 		47.644
v 36.199 		101.1 		47.454
v 36.21 		101.1 		47.261
v 19.81 		98.698 		51.458
v 53.031 		-97.91 		34.351
v 52.718 		-97.91 		34.079
v 19.78 		98.698 		51.4
v 19.753 		98.698 		51.339
v 19.728 		98.698 		51.276
v 40.23 		101.1 		48.086
v 19.706 		98.698 		51.211
v 40.301 		101.1 		48.017
v 40.38 		101.1 		47.953
v 40.467 		101.1 		47.893
v 20.41 		98.698 		51.898
v 20.48 		98.698 		51.907
v 40.56 		101.1 		47.838
v 20.344 		98.698 		51.884
v 40.662 		101.1 		47.789
v 40.772 		101.1 		47.745
v 20.281 		98.698 		51.865
v 40.892 		101.1 		47.709
v 70.989 		-97.91 		7.017
v 20.11 		98.698 		51.779
v 20.166 		98.698 		51.809
v 39.849 		101.1 		49.113
v 39.859 		101.1 		49.008
v 20.221 		98.698 		51.84
v 39.873 		101.1 		48.904
v 39.891 		101.1 		48.802
v 20.057 		98.698 		51.745
v 39.913 		101.1 		48.701
v 39.94 		101.1 		48.599
v 32.999 		-97.91 		14.5
v 39.973 		101.1 		48.501
v 32.999 		-97.91 		10.499
v 32.999 		-97.91 		11.499
v 40.012 		101.1 		48.409
v 31.999 		-97.91 		16.5
v 40.058 		101.1 		48.321
v 28.999 		-97.91 		15.5
v 28.999 		-97.91 		16.5
v 40.109 		101.1 		48.238
v 28.999 		-97.91 		13.5
v 28.999 		-97.91 		14.5
v 40.166 		101.1 		48.159
v 28.999 		-97.91 		11.499
v 28.999 		-97.91 		12.499
v 27.998 		-97.91 		15.5
v 52.382 		-97.91 		33.833
v 27.998 		-97.91 		10.499
v 69.9 		-98.47 		3.572
v 24.998 		-97.91 		16.5
v 25.998 		-97.91 		16.5
v 24.998 		-97.91 		11.499
v 24.998 		-97.91 		14.5
v 62.9 		-97.91 		3.572
v 54.418 		-97.91 		36.525
v 24.998 		-97.91 		10.499
v 54.258 		-97.91 		36.095
v 54.062 		-97.91 		35.694
v 23.998 		-97.91 		14.5
v 53.838 		-97.91 		35.32
v 53.591 		-97.91 		34.971
v 23.998 		-97.91 		11.499
v 53.322 		-97.91 		34.648
v 25.998 		-97.91 		17.5
v 26.998 		-97.91 		17.5
v 54.062 		-97.91 		40.868
v 39.001 		-97.91 		17.5
v 54.222 		-97.91 		40.595
v 31.999 		-97.91 		17.5
v 54.369 		-97.91 		40.299
v 44.002 		-97.91 		17.5
v 45.002 		-97.91 		17.5
v 43.002 		-97.91 		17.5
v 27.998 		-97.91 		17.5
v 43.429 		101.1 		44.593
v 43.382 		101.1 		44.063
v 43.447 		101.1 		46.983
v 43.459 		101.1 		46.619
v 43.465 		101.1 		46.232
v 43.468 		101.1 		45.821
v 43.458 		101.1 		45.179
v 41.021 		101.1 		47.682
v 54.489 		-97.91 		39.983
v 54.582 		-97.91 		39.649
v 54.649 		-97.91 		39.297
v 54.689 		-97.91 		38.925
v 20.008 		101.1 		51.706
v 41.159 		101.1 		47.662
v 19.961 		101.1 		51.664
v 41.307 		101.1 		47.65
v 19.918 		101.1 		51.617
v 54.703 		-97.91 		38.534
v 19.877 		101.1 		51.567
v 54.685 		-97.91 		37.989
v 54.631 		-97.91 		37.472
v 54.542 		-97.91 		36.984
v 19.842 		101.1 		51.514
v 22.522 		98.698 		35.903
v 19.81 		101.1 		51.458
v 52.302 		-97.91 		42.52
v 52.564 		-97.91 		42.364
v 22.784 		98.698 		35.85
v 19.78 		101.1 		51.4
v 52.818 		-97.91 		42.196
v 53.062 		-97.91 		42.015
v 23.06 		98.698 		35.813
v 19.753 		101.1 		51.339
v 23.351 		98.698 		35.79
v 53.289 		-97.91 		41.814
v 23.657 		98.698 		35.783
v 19.728 		101.1 		51.276
v 53.502 		-97.91 		41.599
v 53.702 		-97.91 		41.37
v 24.129 		98.698 		35.802
v 53.889 		-97.91 		41.126
v 19.706 		101.1 		51.211
v 24.559 		98.698 		35.862
v 22.427 		98.698 		37.194
v 20.41 		101.1 		51.898
v 20.48 		101.1 		51.907
v 22.678 		98.698 		37.094
v 20.344 		101.1 		51.884
v 22.962 		98.698 		37.023
v 20.281 		101.1 		51.865
v 23.279 		98.698 		36.98
v 23.63 		98.698 		36.966
v 23.861 		98.698 		36.977
v 20.11 		101.1 		51.779
v 20.166 		101.1 		51.809
v 24.073 		98.698 		37.011
v 20.221 		101.1 		51.84
v 24.266 		98.698 		37.066
v 24.44 		98.698 		37.144
v 41.465 		101.1 		47.646
v 20.057 		101.1 		51.745
v 26.356 		-97.91 		32.766
v 41.466 		101.1 		47.812
v 41.47 		101.1 		47.975
v 41.476 		101.1 		48.138
v 21.158 		98.698 		49.646
v 41.485 		101.1 		48.299
v 41.496 		101.1 		48.458
v 41.51 		101.1 		48.616
v 41.524 		101.1 		48.769
v 41.541 		101.1 		48.915
v 41.562 		101.1 		49.054
v 21.124 		98.698 		49.547
v 21.09 		98.698 		49.446
v 21.058 		98.698 		49.343
v 43.201 		101.1 		49.096
v 43.246 		101.1 		48.901
v 43.287 		101.1 		48.687
v 43.324 		101.1 		48.454
v 43.357 		101.1 		48.202
v 43.386 		101.1 		47.931
v 43.411 		101.1 		47.639
v 21.026 		98.698 		49.237
v 43.431 		101.1 		47.323
v 24.561 		98.698 		39.96
v 45.392 		101.1 		45.311
v 24.502 		98.698 		39.995
v 24.441 		98.698 		40.024
v 45.398 		101.1 		45.807
v 20.544 		98.698 		49.642
v 24.379 		98.698 		40.046
v 45.392 		101.1 		46.325
v 24.313 		98.698 		40.059
v 45.372 		101.1 		46.814
v 24.247 		98.698 		40.07
v 45.34 		101.1 		47.275
v 20.649 		98.698 		50.176
v 20.63 		98.698 		50.134
v 24.182 		98.698 		40.078
v 45.294 		101.1 		47.708
v 62.297 		-89.81 		4.372
v 24.118 		98.698 		40.084
v 45.235 		101.1 		48.112
v 20.613 		98.698 		50.091
v 62.9 		-94.925 		4.372
v 45.164 		101.1 		48.487
v 24.054 		98.698 		40.088
v 20.596 		98.698 		50.045
v 45.08 		101.1 		48.832
v 23.991 		98.698 		40.089
v 62.297 		-89.81 		4.299
v 20.581 		98.698 		49.999
v 22.529 		98.698 		40.089
v 20.57 		98.698 		49.945
v 24.947 		98.698 		35.961
v 25.293 		98.698 		36.1
v 20.561 		98.698 		49.889
v 34.443 		101.1 		49.238
v 34.494 		101.1 		49.328
v 34.549 		101.1 		49.409
v 34.608 		101.1 		49.481
v 34.672 		101.1 		49.542
v 34.737 		101.1 		49.599
v 34.808 		101.1 		49.645
v 62.9 		-75.123 		4.372
v 62.297 		-75.123 		4.372
v 20.554 		98.698 		49.831
v 27.954 		-97.91 		33.397
v 33.427 		101.1 		51.182
v 62.297 		-75.123 		4.301
v 62.9 		-75.123 		4.301
v 20.548 		98.698 		49.771
v 33.304 		101.1 		51.104
v 33.186 		101.1 		51.011
v 25.596 		98.698 		36.278
v 20.545 		98.698 		49.708
v 62.297 		-64.805 		4.301
v 25.858 		98.698 		36.496
v 33.075 		101.1 		50.904
v 26.079 		98.698 		36.747
v 62.297 		-64.805 		4.299
v 21.346 		98.698 		50.097
v 56.706 		-39.318 		4.301
v 24.595 		98.698 		37.243
v 21.307 		98.698 		50.013
v 24.73 		98.698 		37.365
v 54.744 		101.1 		40.545
v 21.268 		98.698 		49.926
v 53.508 		101.1 		40.545
v 24.843 		98.698 		37.51
v 21.231 		98.698 		49.835
v 24.936 		98.698 		37.678
v 21.194 		98.698 		49.742
v 55.067 		101.1 		41.63
v 25.008 		98.698 		37.868
v 55.009 		101.1 		41.619
v 54.947 		101.1 		41.611
v 54.883 		101.1 		41.605
v 54.815 		101.1 		41.601
v 54.744 		101.1 		41.6
v 26.259 		98.698 		37.034
v 26.399 		98.698 		37.358
v 26.5 		98.698 		37.719
v 55.272 		101.1 		41.711
v 55.225 		101.1 		41.683
v 55.176 		101.1 		41.66
v 55.123 		101.1 		41.643
v 25.097 		98.698 		38.734
v 25.089 		98.698 		38.88
v 55.46 		101.1 		41.946
v 55.428 		101.1 		41.884
v 55.394 		101.1 		41.828
v 55.356 		101.1 		41.784
v 55.316 		101.1 		41.744
v 25.059 		98.698 		38.082
v 55.581 		101.1 		42.459
v 55.57 		101.1 		42.352
v 55.556 		101.1 		42.256
v 55.537 		101.1 		42.169
v 55.514 		101.1 		42.088
v 55.488 		101.1 		42.014
v 25.09 		98.698 		38.318
v 25.1 		98.698 		38.577
v 54.744 		98.698 		40.545
v 53.508 		98.698 		40.545
v 26.56 		98.698 		38.116
v 32.97 		101.1 		50.783
v 26.58 		98.698 		38.549
v 32.871 		101.1 		50.647
v 26.568 		98.698 		38.887
v 32.777 		101.1 		50.498
v 34.884 		101.1 		49.681
v 34.965 		101.1 		49.707
v 35.05 		101.1 		49.723
v 27.588 		-97.91 		33.204
v 54.815 		98.698 		41.601
v 54.744 		98.698 		41.6
v 27.199 		-97.91 		33.033
v 54.883 		98.698 		41.605
v 26.788 		-97.91 		32.886
v 54.947 		98.698 		41.611
v 55.009 		98.698 		41.619
v 55.067 		98.698 		41.63
v 26.998 		-97.91 		18.5
v 26.998 		-97.91 		19.501
v 26.998 		-97.91 		22.501
v 26.998 		-97.91 		23.501
v 26.998 		-97.91 		27.502
v 57.315 		-84.071 		4.299
v 31.999 		-97.91 		18.5
v 30.999 		-97.91 		19.501
v 30.999 		-97.91 		20.501
v 29.999 		-97.91 		20.501
v 27.998 		-97.91 		19.501
v 29.999 		-97.91 		19.501
v 57.151 		-84.179 		4.299
v 32.999 		-97.91 		19.501
v 32.999 		-97.91 		20.501
v 31.999 		-97.91 		20.501
v 31.999 		-97.91 		19.501
v 30.999 		-97.91 		30.502
v 56.975 		-84.266 		4.299
v 30.999 		-97.91 		31.503
v 29.999 		-97.91 		26.502
v 30.999 		-97.91 		29.502
v 29.999 		-97.91 		29.502
v 56.789 		-84.329 		4.299
v 29.999 		-97.91 		22.501
v 30.999 		-97.91 		22.501
v 29.999 		-97.91 		23.501
v 55.123 		98.698 		41.643
v 32.999 		-97.91 		26.502
v 55.176 		98.698 		41.66
v 55.225 		98.698 		41.683
v 55.272 		98.698 		41.711
v 25.075 		98.698 		39.016
v 56.789 		-81.441 		4.299
v 25.056 		98.698 		39.141
v 55.316 		98.698 		41.744
v 55.356 		98.698 		41.784
v 25.031 		98.698 		39.257
v 56.975 		-81.503 		4.299
v 55.394 		98.698 		41.828
v 25.001 		98.698 		39.362
v 55.428 		98.698 		41.884
v 57.151 		-81.59 		4.299
v 24.963 		98.698 		39.457
v 55.46 		98.698 		41.946
v 24.923 		98.698 		39.545
v 57.315 		-81.699 		4.299
v 55.488 		98.698 		42.014
v 24.879 		98.698 		39.625
v 55.514 		98.698 		42.088
v 24.833 		98.698 		39.698
v 35.141 		101.1 		49.728
v 35.24 		101.1 		49.721
v 35.334 		101.1 		49.699
v 35.423 		101.1 		49.664
v 35.506 		101.1 		49.614
v 35.583 		101.1 		49.549
v 35.655 		101.1 		49.471
v 35.722 		101.1 		49.385
v 35.784 		101.1 		49.289
v 24.783 		98.698 		39.762
v 57.462 		-81.828 		4.299
v 35.842 		101.1 		49.182
v 30.999 		-97.91 		21.501
v 36.214 		101.1 		49.799
v 57.592 		-81.975 		4.299
v 36.151 		101.1 		49.982
v 32.999 		-97.91 		23.501
v 36.086 		101.1 		50.151
v 36.314 		101.1 		49.942
v 57.701 		-82.137 		4.299
v 36.323 		101.1 		49.799
v 57.788 		-82.313 		4.299
v 28.999 		-97.91 		21.501
v 27.998 		-97.91 		21.501
v 35.818 		101.1 		50.683
v 35.745 		101.1 		50.783
v 27.998 		-97.91 		29.502
v 28.999 		-97.91 		29.502
v 35.671 		101.1 		50.875
v 57.851 		-82.498 		4.299
v 35.597 		101.1 		50.958
v 28.999 		-97.91 		30.502
v 35.521 		101.1 		51.032
v 57.89 		-82.69 		4.299
v 35.444 		101.1 		51.097
v 35.366 		101.1 		51.154
v 27.998 		-97.91 		22.501
v 57.903 		-82.885 		4.299
v 27.998 		-97.91 		23.501
v 20.962 		98.698 		50.463
v 28.999 		-97.91 		23.501
v 36.021 		101.1 		50.305
v 20.932 		98.698 		50.455
v 35.954 		101.1 		50.445
v 57.89 		-83.08 		4.299
v 35.886 		101.1 		50.571
v 20.902 		98.698 		50.444
v 27.998 		-97.91 		27.502
v 36.255 		101.1 		51.068
v 28.999 		-97.91 		27.502
v 57.851 		-83.272 		4.299
v 20.872 		98.698 		50.43
v 36.259 		101.1 		50.932
v 36.263 		101.1 		50.799
v 57.788 		-83.457 		4.299
v 20.842 		98.698 		50.412
v 36.269 		101.1 		50.669
v 36.278 		101.1 		50.522
v 20.815 		98.698 		50.392
v 27.998 		-97.91 		18.5
v 57.701 		-83.632 		4.299
v 36.296 		101.1 		50.23
v 29.999 		-97.91 		18.5
v 20.789 		98.698 		50.369
v 57.592 		-83.795 		4.299
v 20.763 		98.698 		50.344
v 57.462 		-83.942 		4.299
v 34.771 		101.1 		51.381
v 20.738 		98.698 		50.317
v 34.679 		101.1 		51.391
v 34.586 		101.1 		51.4
v 20.713 		98.698 		50.287
v 47.679 		-97.91 		32.561
v 47.201 		-97.91 		32.553
v 34.492 		101.1 		51.406
v 46.688 		-97.91 		32.561
v 34.398 		101.1 		51.409
v 20.689 		98.698 		50.255
v 34.302 		101.1 		51.41
v 46.199 		-97.91 		32.584
v 45.736 		-97.91 		32.623
v 34.142 		101.1 		51.404
v 20.668 		98.698 		50.216
v 45.299 		-97.91 		32.677
v 33.988 		101.1 		51.385
v 44.887 		-97.91 		32.747
v 33.84 		101.1 		51.353
v 21.387 		98.698 		50.178
v 55.537 		98.698 		42.169
v 21.429 		98.698 		50.255
v 24.73 		98.698 		39.818
v 33.697 		101.1 		51.309
v 55.556 		98.698 		42.256
v 33.559 		101.1 		51.252
v 62.9 		-98.47 		3.572
v 24.675 		98.698 		39.872
v 55.57 		98.698 		42.352
v 24.619 		98.698 		39.919
v 55.581 		98.698 		42.459
v 35.285 		101.1 		51.207
v 21.406 		98.698 		50.279
v 26.532 		98.698 		39.198
v 35.202 		101.1 		51.253
v 26.471 		98.698 		39.483
v 21.38 		98.698 		50.303
v 35.118 		101.1 		51.293
v 26.387 		98.698 		39.74
v 35.034 		101.1 		51.325
v 21.352 		98.698 		50.327
v 34.948 		101.1 		51.35
v 24.95 		98.698 		40.869
v 21.32 		98.698 		50.35
v 24.893 		98.698 		40.83
v 34.861 		101.1 		51.367
v 56.706 		-39.318 		8.572
v 21.286 		98.698 		50.374
v 25.006 		98.698 		40.911
v 74.384 		-39.3058 		0.581
v 21.248 		98.698 		50.398
v 75.0765 		-39.3053 		1.029
v 36.251 		101.1 		51.35
v 25.062 		98.698 		40.955
v 21.207 		98.698 		50.42
v 36.253 		101.1 		51.207
v 74.49 		-39.3057 		1.408
v 21.167 		98.698 		50.437
v 73.251 		-39.3066 		2.775
v 21.129 		98.698 		50.451
v 26.279 		98.698 		39.971
v 36.251 		101.1 		55.588
v 72.077 		-39.3074 		4.655
v 21.092 		98.698 		50.461
v 26.147 		98.698 		40.174
v 21.056 		98.698 		50.467
v 25.992 		98.698 		40.347
v 70.989 		-39.3081 		7.017
v 40.003 		101.1 		50.141
v 21.023 		98.698 		50.469
v 25.815 		98.698 		40.494
v 62.9 		-39.3137 		4.301
v 39.954 		101.1 		50.012
v 25.617 		98.698 		40.616
v 20.993 		98.698 		50.468
v 39.913 		101.1 		49.88
v 25.397 		98.698 		40.713
v 39.882 		101.1 		49.746
v 25.156 		98.698 		40.784
v 39.859 		101.1 		49.609
v 39.846 		101.1 		49.47
v 39.841 		101.1 		49.328
v 39.843 		101.1 		49.22
v 49.077 		-97.91 		32.677
v 48.617 		-97.91 		32.623
v 48.151 		-97.91 		32.584
v 40.833 		101.1 		51.05
v 40.708 		101.1 		50.973
v 44.501 		-97.91 		32.833
v 40.591 		101.1 		50.889
v 44.133 		-97.91 		32.925
v 40.482 		101.1 		50.797
v 43.788 		-97.91 		33.028
v 40.381 		101.1 		50.704
v 43.466 		-97.91 		33.143
v 40.288 		101.1 		50.604
v 43.168 		-97.91 		33.268
v 40.204 		101.1 		50.498
v 42.893 		-97.91 		33.405
v 74.49 		101.1 		1.408
v 75.0765 		101.1 		1.029
v 40.129 		101.1 		50.385
v 42.641 		-97.91 		33.553
v 73.251 		101.1 		2.775
v 40.062 		101.1 		50.266
v 74.384 		101.1 		0.581
v 38.127 		101.1 		53.335
v 38.129 		101.1 		53.464
v 38.137 		101.1 		53.582
v 38.15 		101.1 		53.692
v 38.167 		101.1 		53.791
v 39.001 		-97.91 		18.5
v 38.19 		101.1 		53.882
v 38.217 		101.1 		53.963
v 38.249 		101.1 		54.04
v 38.282 		101.1 		54.111
v 38.319 		101.1 		54.176
v 38.358 		101.1 		54.235
v 44.002 		-97.91 		18.5
v 35 		-97.91 		19.501
v 35 		-97.91 		20.501
v 34 		-97.91 		20.501
v 37 		-97.91 		19.501
v 37 		-97.91 		20.501
v 36 		-97.91 		20.501
v 36 		-97.91 		19.501
v 38.399 		101.1 		54.287
v 38.443 		101.1 		54.333
v 38.488 		101.1 		54.374
v 38.535 		101.1 		54.409
v 38.583 		101.1 		54.44
v 39.001 		-97.91 		19.501
v 38.631 		101.1 		54.466
v 39.001 		-97.91 		20.501
v 38.681 		101.1 		54.488
v 38.731 		101.1 		54.504
v 38.001 		-97.91 		20.501
v 38.782 		101.1 		54.517
v 38.001 		-97.91 		19.501
v 38.832 		101.1 		54.528
v 38.88 		101.1 		54.536
v 44.002 		-97.91 		19.501
v 43.002 		-97.91 		19.501
v 41.001 		-97.91 		20.501
v 40.001 		-97.91 		20.501
v 40.001 		-97.91 		19.501
v 41.001 		-97.91 		19.501
v 38.928 		101.1 		54.542
v 38.974 		101.1 		54.546
v 39.02 		101.1 		54.547
v 39.164 		101.1 		54.547
v 38.001 		-97.91 		26.502
v 39.164 		101.1 		55.588
v 43.002 		-97.91 		26.502
v 41.001 		-97.91 		26.502
v 41.001 		-97.91 		30.502
v 42.001 		-97.91 		30.502
v 42.001 		-97.91 		27.502
v 42.001 		-97.91 		29.502
v 41.586 		101.1 		49.186
v 41.614 		101.1 		49.311
v 41.645 		101.1 		49.428
v 41.677 		101.1 		49.539
v 41.712 		101.1 		49.642
v 41.751 		101.1 		49.738
v 41.794 		101.1 		49.828
v 43.002 		-97.91 		29.502
v 41.839 		101.1 		49.91
v 41.889 		101.1 		49.984
v 41.942 		101.1 		50.05
v 43.002 		-97.91 		27.502
v 44.002 		-97.91 		27.502
v 42.001 		101.1 		50.103
v 42.065 		101.1 		50.145
v 42.133 		101.1 		50.175
v 40.001 		-97.91 		31.502
v 40.001 		-97.91 		30.502
v 42.46 		101.1 		50.175
v 42.543 		101.1 		50.145
v 42.623 		101.1 		50.103
v 42.699 		101.1 		50.05
v 42.773 		101.1 		49.984
v 42.846 		101.1 		49.905
v 42.915 		101.1 		49.81
v 37 		-97.91 		31.503
v 42.98 		101.1 		49.699
v 37 		-97.91 		31.502
v 41.108 		101.1 		51.183
v 40.967 		101.1 		51.12
v 40.001 		-97.91 		29.502
v 53.031 		-95.708 		34.351
v 42.207 		101.1 		50.192
v 42.286 		101.1 		50.198
v 42.375 		101.1 		50.192
v 52.718 		-95.708 		34.079
v 43.002 		-97.91 		21.501
v 42.001 		-97.91 		21.501
v 52.382 		-95.708 		33.833
v 44.987 		101.1 		49.153
v 40.001 		-97.91 		21.501
v 40.001 		-97.91 		22.501
v 37 		-97.91 		22.501
v 44.884 		101.1 		49.45
v 34 		-97.91 		22.501
v 54.418 		-95.708 		36.525
v 44.771 		101.1 		49.723
v 54.258 		-95.708 		36.095
v 44.002 		-97.91 		22.501
v 54.062 		-95.708 		35.694
v 41.001 		-97.91 		22.501
v 44.647 		101.1 		49.973
v 53.838 		-95.708 		35.32
v 34 		-97.91 		23.501
v 35 		-97.91 		23.501
v 35 		-97.91 		24.501
v 53.591 		-95.708 		34.971
v 44.514 		101.1 		50.198
v 53.322 		-95.708 		34.648
v 44.374 		101.1 		50.406
v 38.001 		-97.91 		23.501
v 36 		-97.91 		24.501
v 36 		-97.91 		23.501
v 37 		-97.91 		23.501
v 44.225 		101.1 		50.593
v 54.062 		-95.708 		40.868
v 44.002 		-97.91 		23.501
v 44.067 		101.1 		50.758
v 54.222 		-95.708 		40.595
v 43.002 		-97.91 		23.501
v 41.001 		-97.91 		23.501
v 54.369 		-95.708 		40.299
v 42.001 		-97.91 		23.501
v 43.901 		101.1 		50.902
v 54.489 		-95.708 		39.983
v 43.725 		101.1 		51.024
v 54.582 		-95.708 		39.649
v 43.54 		101.1 		51.125
v 54.649 		-95.708 		39.297
v 54.689 		-95.708 		38.925
v 54.703 		-95.708 		38.534
v 43.002 		-97.91 		22.501
v 54.685 		-95.708 		37.989
v 43.042 		101.1 		49.572
v 43.099 		101.1 		49.43
v 43.152 		101.1 		49.271
v 54.631 		-95.708 		37.472
v 43.351 		101.1 		51.212
v 54.542 		-95.708 		36.984
v 43.157 		101.1 		51.284
v 52.302 		-95.708 		42.52
v 42.958 		101.1 		51.339
v 43.002 		-97.91 		18.5
v 52.564 		-95.708 		42.364
v 42.754 		101.1 		51.379
v 52.818 		-95.708 		42.196
v 41.001 		-97.91 		18.5
v 42.545 		101.1 		51.402
v 53.062 		-95.708 		42.015
v 42.331 		101.1 		51.41
v 53.289 		-95.708 		41.814
v 53.502 		-95.708 		41.599
v 42.133 		101.1 		51.406
v 53.702 		-95.708 		41.37
v 41.943 		101.1 		51.391
v 53.889 		-95.708 		41.126
v 41.76 		101.1 		51.367
v 41.585 		101.1 		51.334
v 41.417 		101.1 		51.291
v 52.373 		-95.708 		44.869
v 41.257 		101.1 		51.239
v 53.129 		-95.708 		45.707
v 52.962 		-95.708 		45.487
v 47.248 		101.1 		51.154
v 52.782 		-95.708 		45.276
v 52.583 		-95.708 		45.067
v 53.951 		-95.708 		49.09
v 53.99 		-95.708 		48.75
v 54.002 		-95.708 		48.397
v 53.993 		-95.708 		48.088
v 53.965 		-95.708 		47.788
v 47.561 		101.1 		53.223
v 53.917 		-95.708 		47.496
v 47.615 		101.1 		53.174
v 53.851 		-95.708 		47.214
v 47.672 		101.1 		53.128
v 53.766 		-95.708 		46.941
v 47.73 		101.1 		53.088
v 53.662 		-95.708 		46.676
v 47.79 		101.1 		53.052
v 53.549 		-95.708 		46.421
v 47.852 		101.1 		53.021
v 53.422 		-95.708 		46.174
v 47.919 		101.1 		52.995
v 53.282 		-95.708 		45.936
v 47.986 		101.1 		52.974
v 52.262 		-95.708 		51.757
v 48.055 		101.1 		52.957
v 48.125 		101.1 		52.945
v -35.6045 		86.6825 		40.2384
v 48.195 		101.1 		52.938
v -6.122 		96.2277 		40.244
v 36 		-97.91 		19.5
v 48.267 		101.1 		52.936
v 34 		-97.91 		19.5
v -30.8934 		-86.2037 		35.5806
v -37.8725 		-83.9442 		35.5804
v 48.341 		101.1 		52.938
v 48.413 		101.1 		52.945
v -8.3799 		-93.4926 		35.5815
v 48.483 		101.1 		52.957
v 25.904 		-95.708 		32.673
v 48.552 		101.1 		52.974
v 25.43 		-95.708 		32.606
v 48.618 		101.1 		52.995
v 24.935 		-95.708 		32.566
v 48.682 		101.1 		53.021
v -27.2588 		-84.4259 		35.5847
v 24.418 		-95.708 		32.553
v -36.9296 		-81.2949 		35.5844
v 48.744 		101.1 		53.052
v 23.912 		-95.708 		32.568
v 48.803 		101.1 		53.088
v 23.421 		-95.708 		32.615
v 48.86 		101.1 		53.128
v 52.531 		-95.708 		51.551
v 22.943 		-95.708 		32.693
v -7.4372 		-90.8433 		35.5855
v 48.914 		101.1 		53.174
v 52.778 		-95.708 		51.331
v 53.002 		-95.708 		51.097
v 48.966 		101.1 		53.223
v 22.48 		-95.708 		32.802
v 53.205 		-95.708 		50.851
v 53.385 		-95.708 		50.591
v 53.542 		-95.708 		50.317
v 53.683 		-95.708 		50.03
v 53.798 		-95.708 		49.73
v 47.187 		101.1 		54.241
v 53.887 		-95.708 		49.417
v 47.194 		101.1 		54.126
v 26.823 		98.698 		40.545
v 47.207 		101.1 		54.016
v 47.224 		101.1 		53.912
v 31.37 		98.698 		40.545
v 47.247 		101.1 		53.813
v 30.811 		98.698 		40.545
v 47.275 		101.1 		53.72
v -34.7313 		84.0085 		38.9965
v 47.306 		101.1 		53.633
v 22.032 		-95.708 		32.942
v 21.598 		-95.708 		33.113
v 47.341 		101.1 		53.551
v 25.117 		98.698 		41.001
v 21.188 		-95.708 		33.316
v 47.378 		101.1 		53.474
v 25.172 		98.698 		41.05
v -5.2488 		93.5537 		39.0021
v 20.798 		-95.708 		33.553
v 21.669 		98.698 		51.088
v 47.419 		101.1 		53.403
v 21.709 		98.698 		51.024
v 25.227 		98.698 		41.101
v 47.463 		101.1 		53.338
v 21.749 		98.698 		50.961
v 21.787 		98.698 		50.9
v -45.6718 		29.201 		34.6868
v 47.509 		101.1 		53.278
v 25.28 		98.698 		41.155
v 21.825 		98.698 		50.841
v -45.6739 		29.1587 		35.3243
v -45.676 		29.119 		35.9211
v 21.862 		98.698 		50.783
v 25.331 		98.698 		41.212
v -45.6781 		29.1613 		36.5583
v -45.6801 		29.201 		37.1554
v 49.016 		101.1 		53.278
v 25.38 		98.698 		41.272
v 49.062 		101.1 		53.338
v 25.427 		98.698 		41.336
v -45.6822 		29.3259 		37.7815
v -45.6842 		29.443 		38.3687
v -45.6863 		29.6493 		38.9728
v -45.6882 		29.843 		39.54
v 25.472 		98.698 		41.402
v 25.515 		98.698 		41.472
v 21.627 		98.698 		51.154
v -45.6901 		30.126 		40.1119
v -45.6919 		30.392 		40.6493
v 25.559 		98.698 		41.545
v -45.6954 		31.083 		41.6775
v 47.378 		101.1 		55.249
v 25.598 		98.698 		41.622
v -45.697 		31.5049 		42.1567
v 47.341 		101.1 		55.173
v 47.306 		101.1 		55.091
v 22.279 		98.698 		51.087
v 25.635 		98.698 		41.704
v 47.275 		101.1 		55.003
v 22.166 		98.698 		51.018
v 25.668 		98.698 		41.789
v 47.247 		101.1 		54.91
v 22.059 		98.698 		50.944
v 47.224 		101.1 		54.812
v 25.697 		98.698 		41.878
v 47.207 		101.1 		54.708
v 25.723 		98.698 		41.971
v 21.958 		98.698 		50.866
v 47.194 		101.1 		54.598
v 47.187 		101.1 		54.483
v 25.748 		98.698 		42.064
v 74.384 		40.3114 		0.581
v 47.184 		101.1 		54.362
v 21.158 		101.1 		49.646
v 25.768 		98.698 		42.161
v 75.0765 		40.3099 		1.029
v 21.124 		101.1 		49.547
v 25.784 		98.698 		42.263
v 21.09 		101.1 		49.446
v 48.125 		101.1 		55.778
v 25.795 		98.698 		42.37
v 74.49 		40.3111 		1.408
v 21.058 		101.1 		49.343
v 48.055 		101.1 		55.766
v -45.6969 		45.7609 		42.1285
v -45.6954 		46.158 		41.6775
v 25.802 		98.698 		42.482
v 73.251 		40.3137 		2.775
v 21.026 		101.1 		49.237
v 47.986 		101.1 		55.75
v 47.919 		101.1 		55.728
v 47.852 		101.1 		55.702
v 20.544 		101.1 		49.642
v 47.79 		101.1 		55.671
v 47.73 		101.1 		55.636
v 47.672 		101.1 		55.595
v 47.615 		101.1 		55.55
v 47.561 		101.1 		55.5
v 47.509 		101.1 		55.445
v 47.463 		101.1 		55.386
v 47.419 		101.1 		55.32
v 6.9339 		97.5485 		68.2363
v 48.618 		101.1 		55.728
v -35.608 		86.6923 		46.5662
v 48.552 		101.1 		55.75
v 48.483 		101.1 		55.766
v 25.336 		-94.927 		14.74
v 48.413 		101.1 		55.778
v -6.125 		96.2376 		46.5662
v 48.341 		101.1 		55.785
v 48.267 		101.1 		55.788
v 48.195 		101.1 		55.785
v 25.998 		-97.498 		10.499
v 49.062 		101.1 		55.386
v 26.998 		-97.498 		15.5
v 25.998 		-97.498 		15.5
v -45.6919 		46.849 		40.6493
v -45.69 		47.132 		40.0774
v -37.8803 		-83.9658 		49.5627
v 49.016 		101.1 		55.445
v -15.7228 		-91.1394 		49.563
v -45.6882 		47.398 		39.54
v -8.3883 		-93.514 		49.5631
v 48.966 		101.1 		55.5
v 25.998 		-97.498 		16.5
v -37.8784 		-83.9609 		46.3563
v 26.998 		-97.498 		13.5
v 26.998 		-97.498 		14.5
v 48.914 		101.1 		55.55
v -8.3864 		-93.5085 		46.0047
v 48.86 		101.1 		55.595
v 30.999 		-97.498 		16.5
v 48.803 		101.1 		55.636
v 29.999 		-97.498 		14.5
v 48.744 		101.1 		55.671
v -17.3434 		-87.6603 		49.5644
v -36.9375 		-81.3165 		49.5641
v 29.999 		-97.498 		13.5
v 48.682 		101.1 		55.702
v 29.999 		-97.498 		12.499
v 30.999 		-97.498 		12.499
v 20.63 		101.1 		50.134
v 20.649 		101.1 		50.176
v 30.999 		-97.498 		11.499
v 29.999 		-97.498 		11.499
v 20.613 		101.1 		50.091
v 26.977 		98.698 		41.6
v 26.823 		98.698 		41.6
v 20.596 		101.1 		50.045
v 27.023 		98.698 		41.601
v 27.07 		98.698 		41.605
v 20.581 		101.1 		49.999
v 30.999 		-97.498 		15.5
v 27.119 		98.698 		41.611
v 20.57 		101.1 		49.945
v 43.002 		-97.498 		16.5
v 20.561 		101.1 		49.889
v 45.002 		-97.498 		16.5
v 20.554 		101.1 		49.831
v 27.169 		98.698 		41.619
v 44.002 		-97.498 		16.5
v 20.548 		101.1 		49.771
v 31.999 		-97.498 		16.5
v 27.221 		98.698 		41.63
v 42.001 		-97.498 		16.5
v 20.545 		101.1 		49.708
v 27.274 		98.698 		41.643
v 27.325 		98.698 		41.66
v 35 		-97.498 		16.5
v 27.375 		98.698 		41.681
v 21.346 		101.1 		50.097
v 36 		-97.498 		16.5
v 39.001 		-97.498 		16.5
v 40.001 		-97.498 		16.5
v 27.423 		98.698 		41.707
v 21.307 		101.1 		50.013
v 46.002 		-97.498 		16.5
v 27.471 		98.698 		41.738
v 21.268 		101.1 		49.926
v 27.517 		98.698 		41.774
v 21.231 		101.1 		49.835
v 27.563 		98.698 		41.814
v 21.194 		101.1 		49.742
v 27.607 		98.698 		41.864
v 27.648 		98.698 		41.92
v 43.002 		-97.498 		10.499
v 44.002 		-97.498 		14.5
v 72.077 		40.3162 		4.655
v 44.002 		-97.498 		13.5
v 44.002 		-97.498 		15.5
v 46.002 		-97.498 		14.5
v 47.003 		-97.498 		14.5
v 47.003 		-97.498 		11.499
v 46.002 		-97.498 		11.499
v 46.002 		-97.498 		10.499
v 45.002 		-97.498 		10.499
v 70.989 		40.3184 		7.017
v 45.002 		-97.498 		15.5
v 45.002 		-97.498 		11.499
v 72.077 		101.1 		4.655
v 45.002 		-97.498 		14.5
v 43.002 		-97.498 		15.5
v -7.4454 		-90.8648 		49.5645
v 41.001 		-97.498 		13.5
v 42.001 		-97.498 		13.5
v -36.9349 		-81.3097 		45.114
v -45.792 		-78.4857 		70.3
v -45.6861 		47.6043 		38.9359
v 41.001 		-97.498 		15.5
v -45.6842 		47.798 		38.3687
v 42.001 		-97.498 		15.5
v -45.6821 		47.9229 		37.7426
v -45.6801 		48.04 		37.1554
v 42.001 		-97.498 		14.5
v 41.001 		-97.498 		14.5
v -7.4428 		-90.8573 		44.7625
v 42.001 		-97.498 		12.499
v 41.001 		-97.498 		12.499
v 70.989 		101.1 		7.017
v -45.678 		48.0818 		36.5182
v -45.676 		48.121 		35.9211
v 41.001 		-97.498 		11.499
v 42.001 		-97.498 		11.499
v -45.6738 		48.0792 		35.2836
v -45.6718 		48.04 		34.6868
v 27.687 		98.698 		41.982
v 20.962 		101.1 		50.463
v -45.6698 		59.4207 		34.1018
v -45.6718 		59.304 		34.6871
v 27.723 		98.698 		42.049
v 20.932 		101.1 		50.455
v 27.757 		98.698 		42.121
v -45.6739 		59.2621 		35.3257
v -45.676 		59.223 		35.9209
v 20.902 		101.1 		50.444
v -45.6781 		59.2649 		36.5592
v 27.789 		98.698 		42.199
v -45.6801 		59.304 		37.1552
v 27.813 		98.698 		42.289
v 20.872 		101.1 		50.43
v 27.834 		98.698 		42.389
v -45.6822 		59.4291 		37.7824
v -45.6842 		59.546 		38.3685
v 20.842 		101.1 		50.412
v -45.6863 		59.7527 		38.9737
v -45.6882 		59.946 		39.5398
v 27.849 		98.698 		42.499
v 20.815 		101.1 		50.392
v -34.7354 		84.0203 		46.5677
v -45.6901 		60.2296 		40.1127
v -45.6919 		60.495 		40.649
v -45.7457 		80.4729 		56.5715
v 20.789 		101.1 		50.369
v -45.6954 		61.186 		41.6783
v -45.697 		61.6087 		42.1579
v 20.763 		101.1 		50.344
v 20.738 		101.1 		50.317
v 20.713 		101.1 		50.287
v 20.689 		101.1 		50.255
v 20.668 		101.1 		50.216
v -45.6984 		59.223 		42.572
v -45.6919 		76.952 		40.649
v -45.69 		77.2356 		40.0761
v -45.6882 		77.501 		39.5398
v 21.429 		101.1 		50.255
v 21.387 		101.1 		50.178
v -45.792 		80.4817 		70.3
v -45.6861 		77.7077 		38.9345
v -45.6842 		77.901 		38.3685
v -45.6821 		78.0261 		37.7413
v -45.6801 		78.143 		37.1552
v -5.2524 		93.5656 		46.5677
v 35 		-97.498 		15.5
v -45.678 		78.1849 		36.5168
v -45.676 		78.224 		35.9209
v 21.406 		101.1 		50.279
v 35 		-97.498 		14.5
v -45.6738 		78.1821 		35.2822
v -45.6718 		78.143 		34.6871
v 21.38 		101.1 		50.303
v -45.6697 		78.0177 		34.0595
v 21.352 		101.1 		50.327
v -45.6985 		31.902 		42.6078
v 35 		-97.498 		13.5
v 21.32 		101.1 		50.35
v -45.6969 		75.8647 		42.1279
v -45.6954 		76.261 		41.6783
v 21.286 		101.1 		50.374
v 21.248 		101.1 		50.398
v -45.6999 		32.3835 		43.0276
v 39.001 		-97.498 		14.5
v 21.207 		101.1 		50.42
v 40.001 		-97.498 		15.5
v 39.001 		-97.498 		15.5
v -45.7077 		39.2585 		45.3357
v -45.7076 		39.861 		45.2964
v 39.001 		-97.498 		13.5
v 21.167 		101.1 		50.437
v -45.7013 		32.837 		43.4234
v 21.129 		101.1 		50.451
v -45.7036 		33.87 		44.1106
v 40.001 		-97.498 		11.499
v 40.001 		-97.498 		12.499
v -45.7054 		34.985 		44.6577
v 21.092 		101.1 		50.461
v 21.056 		101.1 		50.467
v -45.7061 		35.5902 		44.8626
v -45.7068 		36.161 		45.0553
v 21.023 		101.1 		50.469
v 20.993 		101.1 		50.468
v -45.7076 		37.38 		45.2964
v -45.7079 		38.62 		45.3774
v 21.669 		101.1 		51.088
v 21.709 		101.1 		51.024
v -45.7077 		38.018 		45.3381
v 21.749 		101.1 		50.961
v 21.787 		101.1 		50.9
v -45.7068 		41.079 		45.0553
v 21.825 		101.1 		50.841
v 21.862 		101.1 		50.783
v -45.7061 		41.6847 		44.8505
v -45.7054 		42.256 		44.6577
v -45.7036 		43.371 		44.1106
v -45.7013 		44.404 		43.4234
v 21.627 		101.1 		51.154
v -45.6999 		44.8855 		43.0036
v -45.6985 		45.339 		42.6078
v 36 		-97.498 		15.5
v 36 		-97.498 		14.5
v 22.279 		101.1 		51.087
v 22.166 		101.1 		51.018
v 22.059 		101.1 		50.944
v 37 		-97.498 		11.499
v 37 		-97.498 		12.499
v 21.958 		101.1 		50.866
v 21.494 		98.698 		51.346
v 38.001 		-97.498 		10.499
v 38.001 		-97.498 		11.499
v 21.447 		98.698 		51.407
v 38.001 		-97.498 		12.499
v 21.398 		98.698 		51.466
v 38.001 		-97.498 		14.5
v 21.347 		98.698 		51.524
v 21.293 		98.698 		51.575
v 21.236 		98.698 		51.624
v 21.178 		98.698 		51.67
v -45.6985 		62.005 		42.6075
v -45.7013 		62.94 		43.4237
v 21.119 		98.698 		51.714
v -45.7036 		63.973 		44.1109
v 21.058 		98.698 		51.756
v -45.7054 		65.088 		44.658
v 20.996 		98.698 		51.795
v 20.928 		98.698 		51.83
v 20.858 		98.698 		51.859
v 20.786 		98.698 		51.881
v 20.711 		98.698 		51.897
v 20.633 		98.698 		51.906
v -45.6922 		-74.762 		40.7233
v 36 		-97.498 		13.5
v 20.554 		98.698 		51.909
v -45.6884 		-75.312 		39.614
v -45.6901 		-75.0603 		40.1217
v -45.6845 		-75.712 		38.4427
v -45.6863 		-75.5289 		38.979
v 62.003 		70.723 		4.301
v -45.6804 		-75.954 		37.2294
v 62.9 		40.3352 		4.301
v -45.6762 		-76.035 		35.9951
v -45.672 		-75.954 		34.7608
v -45.6739 		-75.9911 		35.3268
v -45.6698 		-75.823 		34.1047
v 62.003 		70.723 		4.199
v 62.003 		90.728 		4.301
v -45.6956 		-74.072 		41.7521
v -45.6971 		-73.6975 		42.1774
v 62.9 		98.115 		4.301
v 34 		-97.498 		12.499
v 34 		-97.498 		11.499
v 31.999 		-97.498 		15.5
v -45.6938 		-74.4464 		41.1936
v 31.999 		-97.498 		14.5
v -45.672 		-57.115 		34.7608
v -45.6701 		-57.226 		34.2046
v -45.6762 		-57.033 		35.9951
v 31.999 		-97.498 		13.5
v -45.6743 		-57.0706 		35.4291
v 62.003 		90.728 		4.199
v -45.6804 		-57.115 		37.2294
v -45.6845 		-57.357 		38.4427
v -45.6884 		-57.757 		39.614
v -45.6866 		-57.5739 		39.0777
v -45.6922 		-58.306 		40.7233
v -45.6904 		-58.0547 		40.2156
v -45.6956 		-58.997 		41.7521
v -45.694 		-58.6809 		41.2817
v -45.6973 		-59.4415 		42.2564
v 29.965 		98.698 		41.982
v -45.6922 		-44.659 		40.7236
v -45.6884 		-45.209 		39.6143
v -45.6901 		-44.9568 		40.123
v 30.004 		98.698 		41.92
v 21.584 		98.698 		51.219
v 30.045 		98.698 		41.864
v 21.54 		98.698 		51.284
v -45.7079 		68.723 		45.3772
v -45.7076 		69.964 		45.2962
v 30.089 		98.698 		41.814
v -45.7068 		71.183 		45.0551
v 30.132 		98.698 		41.774
v -45.7054 		72.359 		44.658
v 30.176 		98.698 		41.738
v 21.494 		101.1 		51.346
v -45.6845 		-45.608 		38.443
v -45.6863 		-45.4249 		38.9804
v 21.447 		101.1 		51.407
v 30.222 		98.698 		41.707
v -45.6804 		-45.851 		37.2302
v -45.6823 		-45.7394 		37.7867
v 21.398 		101.1 		51.466
v 30.269 		98.698 		41.681
v -45.6762 		-45.932 		35.9959
v 21.347 		101.1 		51.524
v 30.318 		98.698 		41.66
v -45.7036 		73.474 		44.1109
v 21.293 		101.1 		51.575
v 30.369 		98.698 		41.643
v 21.236 		101.1 		51.624
v 30.422 		98.698 		41.63
v -45.7013 		74.507 		43.4237
v 21.178 		101.1 		51.67
v 30.474 		98.698 		41.619
v -45.6985 		75.442 		42.6075
v 30.524 		98.698 		41.611
v 30.573 		98.698 		41.605
v 21.119 		101.1 		51.714
v 30.621 		98.698 		41.601
v 21.058 		101.1 		51.756
v 30.666 		98.698 		41.6
v 20.996 		101.1 		51.795
v -45.7068 		66.264 		45.0551
v -45.7076 		67.483 		45.2962
v 20.928 		101.1 		51.83
v 20.858 		101.1 		51.859
v -45.672 		-45.851 		34.7616
v -45.6739 		-45.8882 		35.3288
v 20.786 		101.1 		51.881
v -45.6698 		-45.7197 		34.1061
v 20.711 		101.1 		51.897
v 20.633 		101.1 		51.906
v -45.6956 		-43.969 		41.7523
v -45.6971 		-43.5933 		42.1781
v 20.554 		101.1 		51.909
v -45.6938 		-44.3427 		41.1954
v 32.999 		-97.498 		12.499
v 21.584 		101.1 		51.219
v 21.54 		101.1 		51.284
v -45.672 		-27.012 		34.7616
v -45.6701 		-27.1233 		34.2038
v 32.999 		-97.498 		14.5
v -45.6762 		-26.93 		35.9959
v -45.6743 		-26.9677 		35.4287
v 32.999 		-97.498 		11.499
v 57.189 		83.039 		4.199
v 32.999 		-97.498 		10.499
v -45.6804 		-27.012 		37.2302
v 56.996 		83 		4.199
v -45.6845 		-27.254 		38.443
v -45.6826 		-27.1429 		37.8865
v 56.8 		82.988 		4.199
v -45.6884 		-27.654 		39.6143
v -45.6866 		-27.4705 		39.0769
v -45.6922 		-28.203 		40.7236
v -45.6904 		-27.9512 		40.2149
v 56.996 		85.965 		4.199
v 56.8 		85.978 		4.199
v -45.6956 		-28.894 		41.7523
v -45.694 		-28.5773 		41.2805
v 57.189 		85.927 		4.199
v -45.6973 		-29.3377 		42.2563
v 58.188 		83.911 		4.199
v 58.101 		83.735 		4.199
v 57.992 		83.573 		4.199
v 29.999 		-97.498 		15.5
v 57.862 		83.425 		4.199
v 57.715 		83.297 		4.199
v 28.999 		-97.498 		11.499
v 57.551 		83.188 		4.199
v 28.999 		-97.498 		13.5
v 57.375 		83.101 		4.199
v 28.999 		-97.498 		15.5
v -48.6716 		29.201 		34.6347
v 28.999 		-97.498 		16.5
v -48.6757 		29.119 		35.869
v -48.6739 		29.1553 		35.3225
v 28.999 		-97.498 		14.5
v -48.6799 		29.201 		37.1033
v -48.678 		29.1647 		36.5565
v 28.999 		-97.498 		12.499
v 57.375 		85.864 		4.199
v -48.684 		29.443 		38.3166
v -48.6822 		29.3357 		37.7788
v -48.6879 		29.843 		39.4879
v -48.6862 		29.6656 		38.9684
v 57.551 		85.777 		4.199
v -48.6917 		30.392 		40.5971
v -48.69 		30.1484 		40.105
v -48.6952 		31.083 		41.6254
v -48.6983 		31.902 		42.5556
v -48.6969 		31.5383 		42.1425
v 57.715 		85.669 		4.199
v 29.796 		98.698 		42.499
v 57.862 		85.54 		4.199
v -48.6983 		45.339 		42.5556
v 29.813 		98.698 		42.389
v 29.836 		98.698 		42.289
v 57.992 		85.393 		4.199
v -48.6952 		46.158 		41.6254
v -48.6966 		45.7943 		42.0385
v -48.6917 		46.849 		40.5971
v 29.863 		98.698 		42.199
v -48.6879 		47.398 		39.4879
v -48.6896 		47.1544 		39.98
v 58.101 		85.23 		4.199
v 29.895 		98.698 		42.121
v 27.998 		-97.498 		10.499
v 29.929 		98.698 		42.049
v -48.684 		47.798 		38.3166
v -48.6857 		47.6206 		38.836
v 58.188 		85.055 		4.199
v -48.6799 		48.04 		37.1033
v -48.6817 		47.9327 		37.641
v -48.6757 		48.121 		35.869
v -48.6776 		48.0851 		36.4157
v 58.251 		84.87 		4.199
v -48.6716 		48.04 		34.6347
v -48.6734 		48.0759 		35.1812
v 58.29 		84.678 		4.199
v 27.998 		-97.498 		15.5
v -48.6716 		59.304 		34.6349
v -48.6698 		59.4109 		34.0991
v 58.303 		84.483 		4.199
v -48.6757 		59.223 		35.8688
v -48.6739 		59.2588 		35.3239
v -48.6799 		59.304 		37.1031
v -48.678 		59.2682 		36.5575
v 58.29 		84.288 		4.199
v -48.684 		59.546 		38.3164
v -48.6822 		59.439 		37.7797
v 58.251 		84.096 		4.199
v -48.6879 		59.946 		39.4877
v -48.6862 		59.769 		38.9693
v 25.998 		-97.498 		11.499
v 25.998 		-97.498 		14.5
v -45.6996 		16.424 		42.9393
v 24.998 		-97.498 		16.5
v 24.998 		-97.498 		11.499
v -45.6996 		-14.428 		42.9393
v 24.998 		-97.498 		14.5
v 24.998 		-97.498 		10.499
v -45.7079 		-67.774 		45.3704
v -45.708 		-67.2078 		45.4074
v -45.707 		-68.993 		45.1293
v -45.7074 		-68.4363 		45.2394
v -45.7063 		-69.6324 		44.9136
v 25.336 		-94.93 		14.74
v -48.6917 		60.495 		40.5969
v -48.69 		60.2519 		40.1058
v -48.6952 		61.186 		41.6262
v -48.6983 		62.005 		42.5554
v -48.6969 		61.6421 		42.1437
v -48.6917 		76.952 		40.5969
v -48.6879 		77.501 		39.4877
v -48.6896 		77.2579 		39.9788
v 23.998 		-97.498 		14.5
v -48.684 		77.901 		38.3164
v -48.6857 		77.724 		38.8347
v 23.998 		-97.498 		11.499
v -48.6799 		78.143 		37.1031
v -48.6817 		78.036 		37.6397
v -48.6757 		78.224 		35.8688
v -48.6776 		78.1882 		36.4143
v -48.6716 		78.143 		34.6349
v -48.6734 		78.1788 		35.1798
v -48.6693 		78.0079 		33.9579
v -48.6983 		75.442 		42.5554
v -48.6952 		76.261 		41.6262
v 61.898 		-19.403 		8.572
v -48.6966 		75.8981 		42.0379
v 61.898 		20.404 		8.572
v -48.6919 		-74.762 		40.6711
v 76.8 		-39.34 		33.572
v 76.8 		-39.34 		42.572
v -48.6901 		-75.0379 		40.1148
v -48.6882 		-75.312 		39.5619
v 77.7824 		40.304 		42.572
v 78.4087 		-19.403 		0.572
v 78.409 		-39.303 		0.572
v 78.408 		40.303 		0.572
v 78.4082 		20.404 		0.572
v 78.4087 		-19.403 		8.572
v 78.409 		-39.303 		8.572
v 31.441 		98.698 		41.601
v 31.37 		98.698 		41.6
v 78.408 		40.303 		8.572
v 78.4082 		20.404 		8.572
v 25.998 		-97.498 		17.5
v 26.998 		-97.498 		17.5
v 31.508 		98.698 		41.605
v 31.573 		98.698 		41.611
v 31.635 		98.698 		41.619
v 77.7824 		40.304 		33.572
v 31.693 		98.698 		41.63
v 31.999 		-97.498 		17.5
v 39.001 		-97.498 		17.5
v 44.002 		-97.498 		17.5
v 30.811 		98.698 		41.6
v 27.998 		-97.498 		17.5
v 31.749 		98.698 		41.643
v 31.802 		98.698 		41.66
v 31.851 		98.698 		41.683
v 31.898 		98.698 		41.711
v 43.002 		-97.498 		17.5
v 31.941 		98.698 		41.744
v 31.982 		98.698 		41.784
v 45.002 		-97.498 		17.5
v 32.02 		98.698 		41.828
v 32.054 		98.698 		41.884
v 32.086 		98.698 		41.946
v 12.866 		101.1 		42.785
v -48.6862 		-75.5125 		38.9746
v -48.6842 		-75.712 		38.3906
v -48.6801 		-75.954 		37.1773
v -48.676 		-76.035 		35.943
v -48.6739 		-75.9945 		35.325
v -48.6718 		-75.954 		34.7087
v -48.6698 		-75.8329 		34.102
v -48.697 		-73.6641 		42.1632
v -48.6954 		-74.072 		41.6999
v 14.735 		101.1 		42.67
v 14.683 		101.1 		42.858
v -48.6937 		-74.4182 		41.1834
v 14.638 		101.1 		43.061
v 14.597 		101.1 		43.279
v 14.562 		101.1 		43.513
v 14.533 		101.1 		43.761
v 14.509 		101.1 		44.024
v -48.6698 		-57.2359 		34.1031
v -48.6718 		-57.115 		34.7087
v 14.487 		101.1 		44.298
v -48.6739 		-57.074 		35.3266
v -48.676 		-57.033 		35.943
v 32.114 		98.698 		42.014
v 12.59 		101.1 		44.173
v 12.705 		101.1 		43.44
v 32.14 		98.698 		42.088
v 32.162 		98.698 		42.169
v 32.182 		98.698 		42.256
v 8.198 		-94.925 		16.575
v 32.196 		98.698 		42.352
v 16.813 		101.1 		42.858
v 8.198 		-94.925 		14.74
v 16.765 		101.1 		42.67
v 32.207 		98.698 		42.459
v 8.198 		-94.927 		16.575
v 18.614 		101.1 		42.785
v 8.198 		-94.927 		14.74
v 17.009 		101.1 		44.298
v 16.99 		101.1 		44.024
v 16.964 		101.1 		43.761
v 16.933 		101.1 		43.513
v 16.898 		101.1 		43.279
v 16.858 		101.1 		43.061
v 18.705 		101.1 		43.103
v 18.785 		101.1 		43.44
v -48.6801 		-57.115 		37.1773
v 18.851 		101.1 		43.8
v -48.6842 		-57.357 		38.3906
v 18.906 		101.1 		44.179
v -48.6862 		-57.5575 		38.9778
v -48.6882 		-57.757 		39.5619
v -48.6901 		-58.0324 		40.1183
v -48.6919 		-58.306 		40.6711
v -48.6937 		-58.6527 		41.1876
v -48.6954 		-58.997 		41.6999
v -48.697 		-59.4081 		42.1664
v -48.6919 		-44.659 		40.6714
v -48.6901 		-44.9344 		40.1161
v -48.6882 		-45.209 		39.5622
v 22.218 		101.1 		42.692
v 22.025 		101.1 		42.674
v 21.841 		101.1 		42.645
v 21.667 		101.1 		42.603
v 35.294 		98.698 		40.545
v 34.131 		98.698 		40.545
v -48.6862 		-45.4087 		38.976
v -48.6842 		-45.608 		38.3909
v -48.6822 		-45.7296 		37.784
v -48.6801 		-45.851 		37.1781
v -48.676 		-45.932 		35.9438
v -48.6739 		-45.8915 		35.327
v -48.6718 		-45.851 		34.7095
v -48.6698 		-45.7296 		34.1035
v -48.697 		-43.5598 		42.1639
v -48.6954 		-43.969 		41.7002
v -48.6937 		-44.3146 		41.1852
v -48.6998 		32.4216 		43.0087
v -48.7074 		39.861 		45.2443
v -48.7075 		39.3091 		45.2803
v -48.6698 		-27.1331 		34.1022
v -48.6718 		-27.012 		34.7095
v -48.7011 		32.837 		43.3713
v -48.6739 		-26.971 		35.3263
v -48.676 		-26.93 		35.9438
v -48.7034 		33.87 		44.0584
v -48.7052 		34.985 		44.6056
v -48.7066 		36.161 		45.0032
v -48.706 		35.6382 		44.8267
v -48.6801 		-27.012 		37.1781
v -48.6822 		-27.133 		37.785
v -48.6842 		-27.254 		38.3909
v -48.7074 		37.38 		45.2443
v -48.7077 		38.62 		45.3253
v -48.6862 		-27.4542 		38.977
v -48.6882 		-27.654 		39.5622
v 45.002 		101.1 		42.589
v -48.7075 		38.0686 		45.2893
v -48.7066 		41.079 		45.0032
v -48.6901 		-27.9288 		40.1175
v -48.6919 		-28.203 		40.6714
v -48.7052 		42.256 		44.6056
v -48.7058 		41.7327 		44.7821
v 43.125 		101.1 		42.812
v -48.6937 		-28.5491 		41.1864
v -48.6954 		-28.894 		41.7002
v -48.7034 		43.371 		44.0584
v -48.697 		-29.3043 		42.1663
v 43.315 		101.1 		43.59
v 43.23 		101.1 		43.173
v -48.7011 		44.404 		43.3713
v 45.092 		101.1 		42.904
v -48.6995 		44.9237 		42.9182
v 47.248 		101.1 		42.884
v 47.245 		101.1 		42.746
v 47.238 		101.1 		42.617
v 45.173 		101.1 		43.24
v 45.242 		101.1 		43.6
v 45.298 		101.1 		43.988
v 45.342 		101.1 		44.402
v 45.373 		101.1 		44.843
v -48.792 		48.121 		70.314
v -48.7011 		62.94 		43.3716
v -48.7034 		63.973 		44.0588
v -48.7052 		65.088 		44.6059
v -48.7074 		69.964 		45.2441
v -48.7077 		68.723 		45.3251
v -48.7066 		71.183 		45.003
v -48.7052 		72.359 		44.6059
v -48.7034 		73.474 		44.0588
v -48.7011 		74.507 		43.3716
v -48.7066 		66.264 		45.003
v -48.7074 		67.483 		45.2441
v -48.792 		82.592 		70.314
v -48.7473 		-2.788 		57.0771
v 26.356 		-95.708 		32.766
v -48.7444 		-2.032 		56.2031
v 27.954 		-95.708 		33.397
v -48.7413 		-1.116 		55.2991
v 35.365 		98.698 		41.601
v 35.294 		98.698 		41.6
v 27.588 		-95.708 		33.204
v 35.434 		98.698 		41.605
v -48.7402 		-0.7487 		54.9723
v -48.7382 		-0.064 		54.3631
v 27.199 		-95.708 		33.033
v 35.5 		98.698 		41.611
v 26.788 		-95.708 		32.886
v 35.563 		98.698 		41.619
v -48.737 		0.3421 		54.0243
v 35.624 		98.698 		41.63
v 35.682 		98.698 		41.643
v 35.738 		98.698 		41.66
v -48.7349 		1.1 		53.3922
v 26.998 		-97.498 		18.5
v 35.791 		98.698 		41.681
v -48.736 		1.5059 		53.7307
v -48.7382 		2.264 		54.3631
v -48.7393 		2.6313 		54.6899
v 26.998 		-97.498 		19.501
v -48.7413 		3.316 		55.2991
v -48.7444 		4.232 		56.2031
v 26.998 		-97.498 		22.501
v 35.842 		98.698 		41.707
v -48.7473 		4.988 		57.0771
v 26.998 		-97.498 		23.501
v 35.891 		98.698 		41.738
v 35.937 		98.698 		41.774
v 26.998 		-97.498 		27.502
v 35.98 		98.698 		41.814
v -48.7608 		-3.845 		61.0631
v 36.018 		98.698 		41.865
v -48.7599 		-3.8654 		60.7994
v 31.999 		-97.498 		18.5
v 36.052 		98.698 		41.922
v -48.7582 		-3.903 		60.3114
v -48.7576 		-3.8928 		60.1184
v 27.998 		-97.498 		18.5
v -48.7564 		-3.874 		59.7621
v 29.999 		-97.498 		18.5
v 36.084 		98.698 		41.985
v -48.7557 		-3.845 		59.5491
v 36.112 		98.698 		42.055
v 36.138 		98.698 		42.131
v -48.753 		-3.719 		58.7471
v 36.16 		98.698 		42.213
v -48.752 		-3.5929 		58.4588
v -48.7502 		-3.359 		57.9241
v 36.18 		98.698 		42.303
v -48.7492 		-3.1591 		57.6275
v 36.195 		98.698 		42.402
v 36.208 		98.698 		42.509
v 27.998 		-97.498 		19.501
v -48.7678 		-0.074 		63.145
v 30.999 		-97.498 		19.501
v 30.999 		-97.498 		20.501
v -48.768 		-0.2324 		63.2094
v 31.999 		-97.498 		20.501
v 31.999 		-97.498 		19.501
v 32.999 		-97.498 		19.501
v -48.7684 		-0.524 		63.3274
v 32.999 		-97.498 		20.501
v -48.7685 		-0.6982 		63.3517
v -48.7687 		-1.019 		63.397
v -48.7684 		-1.4657 		63.3221
v -48.7679 		-2.288 		63.1834
v 29.999 		-97.498 		20.501
v -48.7673 		-2.5822 		62.9898
v 29.999 		-97.498 		26.502
v -48.7661 		-3.124 		62.634
v 30.999 		-97.498 		30.502
v -48.7652 		-3.2964 		62.3695
v -48.7635 		-3.614 		61.882
v 30.999 		-97.498 		29.502
v 29.999 		-97.498 		29.502
v 30.999 		-97.498 		22.501
v 29.999 		-97.498 		22.501
v -48.7641 		1.154 		62.0401
v -48.7638 		1.135 		61.9761
v 29.999 		-97.498 		23.501
v -48.7634 		1.1 		61.8574
v -48.7669 		1.881 		62.888
v -48.7666 		1.7667 		62.7843
v -48.7659 		1.556 		62.5924
v -48.7656 		1.4695 		62.4883
v -48.7649 		1.31 		62.297
v -48.7646 		1.2551 		62.2067
v -48.7637 		1.081 		61.9214
v 30.999 		-97.498 		21.501
v -48.7641 		1.046 		62.0401
v -48.7644 		0.9911 		62.1304
v -48.7649 		0.89 		62.297
v -48.7653 		0.8035 		62.4012
v -48.7659 		0.644 		62.5924
v 30.999 		-97.498 		31.503
v -48.7663 		0.5296 		62.6962
v -48.7669 		0.319 		62.888
v 32.999 		-97.498 		26.502
v -48.7682 		4.0413 		63.2584
v -48.7687 		3.219 		63.397
v -48.7686 		3.0448 		63.3728
v -48.7684 		2.724 		63.3274
v -48.7682 		2.5656 		63.263
v -48.7678 		2.274 		63.145
v -48.7483 		5.1878 		57.3735
v -48.7502 		5.559 		57.9241
v -48.7512 		5.6851 		58.2124
v 38.328 		98.698 		41.938
v -48.753 		5.919 		58.7471
v -48.7557 		6.045 		59.5491
v 38.366 		98.698 		41.879
v 38.407 		98.698 		41.828
v -48.7564 		6.074 		59.7621
v 32.999 		-97.498 		23.501
v 38.453 		98.698 		41.784
v -48.757 		6.0842 		59.955
v 38.501 		98.698 		41.744
v -48.7582 		6.103 		60.3114
v 38.551 		98.698 		41.711
v -48.7591 		6.0826 		60.5751
v -48.7608 		6.045 		61.0631
v 38.603 		98.698 		41.683
v -48.7635 		5.814 		61.882
v 38.657 		98.698 		41.66
v -48.7644 		5.6417 		62.1464
v 38.713 		98.698 		41.643
v -48.7661 		5.324 		62.634
v -48.7667 		5.0298 		62.8276
v 38.775 		98.698 		41.63
v 38.838 		98.698 		41.619
v -48.7679 		4.488 		63.1834
v 38.903 		98.698 		41.611
v 38.147 		98.698 		42.556
v 38.163 		98.698 		42.442
v 27.998 		-97.498 		21.501
v 38.183 		98.698 		42.337
v 38.208 		98.698 		42.242
v 28.999 		-97.498 		21.501
v -48.6996 		16.424 		42.9378
v 38.234 		98.698 		42.155
v 27.998 		-97.498 		29.502
v 28.999 		-97.498 		29.502
v -48.6996 		-14.428 		42.9378
v 38.262 		98.698 		42.076
v 28.672 		-97.91 		44.5556
v 38.294 		98.698 		42.003
v -48.7078 		-67.1572 		45.3586
v -48.7076 		-67.774 		45.3183
v -48.7072 		-68.3866 		45.1972
v -48.7068 		-68.993 		45.0772
v -48.7061 		-69.5844 		44.8777
v 28.999 		-97.498 		30.502
v 27.998 		-97.498 		22.501
v 27.998 		-97.498 		23.501
v 28.999 		-97.498 		23.501
v 27.998 		-97.498 		27.502
v 28.999 		-97.498 		27.502
v 39.959 		98.698 		41.885
v 40.003 		98.698 		41.757
v 38.97 		98.698 		41.605
v 39.039 		98.698 		41.601
v 39.11 		98.698 		41.6
v -48.792 		-45.932 		70.314
v 39.128 		98.698 		41.6
v 39.859 		98.698 		42.513
v -48.792 		-80.596 		70.314
v 39.863 		98.698 		42.389
v 39.875 		98.698 		42.264
v -48.1017 		-77.7381 		70.406
v -48.1017 		-80.6926 		70.406
v 39.895 		98.698 		42.139
v -48.1017 		82.6886 		70.406
v -48.1017 		79.7341 		70.406
v 39.923 		98.698 		42.012
v 29.999 		-97.498 		19.501
v -48.1012 		-77.7381 		70.3108
v -48.1012 		-80.596 		70.3108
v 40.639 		98.698 		42.52
v -48.1012 		82.592 		70.3108
v -48.1012 		79.7341 		70.3108
v 40.71 		98.698 		42.437
v 57.505 		101.1 		40.545
v 58.668 		101.1 		40.545
v 40.784 		98.698 		42.358
v 62.503 		101.1 		40.545
v 40.86 		98.698 		42.285
v 59.392 		101.1 		41.865
v 59.354 		101.1 		41.814
v 59.311 		101.1 		41.774
v 59.265 		101.1 		41.738
v 59.216 		101.1 		41.707
v 59.166 		101.1 		41.681
v 59.112 		101.1 		41.66
v 59.056 		101.1 		41.643
v 58.998 		101.1 		41.63
v 58.937 		101.1 		41.619
v 58.874 		101.1 		41.611
v 58.808 		101.1 		41.605
v 58.739 		101.1 		41.601
v 58.668 		101.1 		41.6
v 59.582 		101.1 		42.502
v 59.57 		101.1 		42.396
v 59.554 		101.1 		42.299
v 59.534 		101.1 		42.213
v 59.512 		101.1 		42.131
v 59.486 		101.1 		42.055
v 59.458 		101.1 		41.985
v 59.426 		101.1 		41.922
v 61.925 		101.1 		41.711
v 61.875 		101.1 		41.744
v 61.827 		101.1 		41.784
v 61.781 		101.1 		41.828
v 61.74 		101.1 		41.879
v 61.703 		101.1 		41.938
v 62.413 		101.1 		41.601
v 62.344 		101.1 		41.605
v 62.277 		101.1 		41.611
v 47.679 		-95.708 		32.561
v 62.212 		101.1 		41.619
v 47.201 		-95.708 		32.553
v 62.149 		101.1 		41.63
v 62.088 		101.1 		41.643
v 62.031 		101.1 		41.66
v 61.977 		101.1 		41.683
v 46.688 		-95.708 		32.561
v 62.503 		101.1 		41.6
v 62.484 		101.1 		41.6
v 46.199 		-95.708 		32.584
v 45.736 		-95.708 		32.623
v 45.299 		-95.708 		32.677
v 61.668 		101.1 		42.003
v 44.887 		-95.708 		32.747
v 61.636 		101.1 		42.076
v 61.608 		101.1 		42.155
v 61.582 		101.1 		42.242
v 61.558 		101.1 		42.337
v 61.537 		101.1 		42.442
v 61.521 		101.1 		42.556
v 49.077 		-95.708 		32.677
v 48.617 		-95.708 		32.623
v 58.668 		98.698 		40.545
v 17.751 		-95.708 		44.909
v 48.151 		-95.708 		32.584
v 57.505 		98.698 		40.545
v 62.503 		98.698 		40.545
v 22.138 		-95.708 		44.336
v 44.501 		-95.708 		32.833
v 58.739 		98.698 		41.601
v 58.668 		98.698 		41.6
v 22.261 		-95.708 		44.395
v 44.133 		-95.708 		32.925
v 58.808 		98.698 		41.605
v 22.389 		-95.708 		44.451
v 43.788 		-95.708 		33.028
v 58.874 		98.698 		41.611
v 58.937 		98.698 		41.619
v 43.466 		-95.708 		33.143
v 21.506 		-95.708 		44.531
v 58.998 		98.698 		41.63
v 43.168 		-95.708 		33.268
v 59.056 		98.698 		41.643
v 42.893 		-95.708 		33.405
v 17.871 		-95.708 		45.601
v 59.112 		98.698 		41.66
v 42.641 		-95.708 		33.553
v 18.018 		-95.708 		46.276
v 59.166 		98.698 		41.681
v 18.191 		-95.708 		46.922
v 59.216 		98.698 		41.707
v 18.393 		-95.708 		47.541
v 59.265 		98.698 		41.738
v 18.623 		-95.708 		48.132
v 59.311 		98.698 		41.774
v 18.88 		-95.708 		48.694
v 59.354 		98.698 		41.814
v 59.392 		98.698 		41.865
v 21.529 		-95.708 		45.085
v 21.568 		-95.708 		45.616
v 59.426 		98.698 		41.922
v 21.622 		-95.708 		46.125
v 59.458 		98.698 		41.985
v 21.693 		-95.708 		46.612
v 59.486 		98.698 		42.055
v 59.512 		98.698 		42.131
v 39.001 		-97.498 		18.5
v 21.778 		-95.708 		47.076
v 59.534 		98.698 		42.213
v 44.002 		-97.498 		18.5
v 21.878 		-95.708 		47.518
v 59.554 		98.698 		42.299
v 41.001 		-97.498 		18.5
v 21.989 		-95.708 		47.937
v 59.57 		98.698 		42.396
v 22.113 		-95.708 		48.332
v 59.582 		98.698 		42.502
v 22.249 		-95.708 		48.703
v 43.002 		-97.498 		18.5
v 19.165 		-95.708 		49.23
v 61.703 		98.698 		41.938
v 19.478 		-95.708 		49.737
v 61.74 		98.698 		41.879
v 19.819 		-95.708 		50.213
v 61.781 		98.698 		41.828
v 20.189 		-95.708 		50.655
v 61.827 		98.698 		41.784
v 20.588 		-95.708 		51.062
v 61.875 		98.698 		41.744
v 21.016 		-95.708 		51.435
v 61.925 		98.698 		41.711
v 21.472 		-95.708 		51.774
v 61.977 		98.698 		41.683
v 21.958 		-95.708 		52.078
v 62.031 		98.698 		41.66
v 37 		-97.498 		19.501
v 37 		-97.498 		20.501
v 35 		-97.498 		19.501
v 35 		-97.498 		20.501
v 62.088 		98.698 		41.643
v 62.149 		98.698 		41.63
v 62.212 		98.698 		41.619
v 62.277 		98.698 		41.611
v 62.344 		98.698 		41.605
v 62.413 		98.698 		41.601
v 62.484 		98.698 		41.6
v 62.503 		98.698 		41.6
v -47.001 		-2.032 		56.215
v -46.999 		-1.116 		55.311
v -46.997 		-0.064 		54.375
v -47.002 		-2.788 		57.089
v 12.866 		98.698 		42.785
v 14.683 		98.698 		42.858
v 14.735 		98.698 		42.67
v 14.487 		98.698 		44.298
v 14.509 		98.698 		44.024
v -47.001 		4.232 		56.215
v 14.533 		98.698 		43.761
v -47.002 		4.988 		57.089
v 14.562 		98.698 		43.513
v 14.597 		98.698 		43.279
v 14.638 		98.698 		43.061
v 12.59 		98.698 		44.173
v -46.996 		1.1 		53.404
v 12.705 		98.698 		43.44
v -46.997 		2.264 		54.375
v 16.765 		98.698 		42.67
v 16.813 		98.698 		42.858
v -46.999 		3.316 		55.311
v 18.614 		98.698 		42.785
v 16.858 		98.698 		43.061
v 16.898 		98.698 		43.279
v 16.933 		98.698 		43.513
v 61.521 		98.698 		42.556
v 16.964 		98.698 		43.761
v 61.537 		98.698 		42.442
v 16.99 		98.698 		44.024
v 61.558 		98.698 		42.337
v 17.009 		98.698 		44.298
v 61.582 		98.698 		42.242
v 61.608 		98.698 		42.155
v 18.705 		98.698 		43.103
v 61.636 		98.698 		42.076
v 18.785 		98.698 		43.44
v 61.668 		98.698 		42.003
v 18.851 		98.698 		43.8
v -47.007 		-3.874 		59.774
v 18.906 		98.698 		44.179
v -47.006 		-3.845 		59.561
v -47.005 		-3.719 		58.759
v 22.218 		98.698 		42.692
v -47.003 		-3.359 		57.936
v 22.025 		98.698 		42.674
v 21.841 		98.698 		42.645
v 21.667 		98.698 		42.603
v -47.009 		-3.845 		61.075
v -47.007 		-3.903 		60.323
v 34 		-97.498 		20.501
v 36 		-97.498 		20.501
v 36 		-97.498 		19.501
v 38.001 		-97.498 		20.501
v 38.001 		-97.498 		19.501
v 39.001 		-97.498 		19.501
v 39.001 		-97.498 		20.501
v 40.001 		-97.498 		20.501
v 40.001 		-97.498 		19.501
v 44.002 		-97.498 		19.501
v 43.002 		-97.498 		19.501
v 29.696 		98.698 		41.984
v 41.001 		-97.498 		20.501
v 38.001 		-97.498 		26.502
v 41.001 		-97.498 		26.502
v -47.013 		-1.019 		63.409
v 43.002 		-97.498 		26.502
v -47.012 		-2.288 		63.195
v -47.011 		-3.124 		62.646
v -47.01 		-3.614 		61.894
v -47.013 		-0.524 		63.339
v 41.001 		-97.498 		30.502
v 42.001 		-97.498 		30.502
v 42.001 		-97.498 		29.502
v 42.001 		-97.498 		27.502
v 43.002 		-97.498 		29.502
v 43.002 		-97.498 		27.502
v -47.012 		-0.074 		63.157
v 44.002 		-97.498 		27.502
v 40.001 		-97.498 		31.502
v 40.001 		-97.498 		30.502
v 37 		-97.498 		31.502
v 17.551 		-95.708 		42.734
v 17.591 		-95.708 		43.475
v 17.658 		-95.708 		44.201
v 22.16 		-95.708 		42.591
v 22.278 		-95.708 		42.665
v 37 		-97.498 		31.503
v 21.594 		-95.708 		44.016
v 21.498 		-95.708 		43.956
v 21.694 		-95.708 		44.078
v 21.798 		-95.708 		44.141
v 21.907 		-95.708 		44.205
v 22.02 		-95.708 		44.27
v 40.001 		-97.498 		29.502
v 43.002 		-97.498 		21.501
v 36.3854 		98.698 		41.984
v 40.001 		-97.498 		21.501
v 42.001 		-97.498 		21.501
v 40.001 		-97.498 		22.501
v 41.001 		-97.498 		22.501
v 44.002 		-97.498 		22.501
v 43.002 		-97.498 		22.501
v 67.162 		101.1 		37.046
v 67.417 		101.1 		41.216
v 34 		-97.498 		22.501
v -47.012 		0.319 		62.9
v 37 		-97.498 		22.501
v 34 		-97.498 		23.501
v 35 		-97.498 		23.501
v 67.162 		100.503 		37.046
v 35 		-97.498 		24.501
v 67.417 		100.503 		41.216
v 36 		-97.498 		24.501
v 36 		-97.498 		23.501
v -47.011 		0.89 		62.309
v 38.001 		-97.498 		23.501
v 44.002 		-97.498 		23.501
v -47.011 		0.644 		62.604
v 43.002 		-97.498 		23.501
v 41.001 		-97.498 		23.501
v 61.898 		-19.4 		33.6
v 63.098 		-19.4 		33.6
v 63.098 		20.404 		33.6
v 61.898 		20.404 		33.6
v 43.125 		98.698 		42.812
v -47.01 		1.1 		61.869
v 43.23 		98.698 		43.173
v 43.315 		98.698 		43.59
v -47.01 		1.154 		62.052
v 37 		-97.498 		23.501
v 45.002 		98.698 		42.589
v 42.001 		-97.498 		23.501
v -47.011 		1.31 		62.309
v 45.092 		98.698 		42.904
v -67.962 		101.297 		0.8773
v -67.962 		101.1 		0.8773
v -47.01 		1.046 		62.052
v 47.238 		98.698 		42.617
v 41.001 		-97.498 		19.501
v 47.245 		98.698 		42.746
v 47.248 		98.698 		42.884
v -39.218 		101.1 		6.572
v -50.187 		101.1 		4.676
v -61.389 		101.1 		3.09
v 45.173 		98.698 		43.24
v -63.0717 		101.1 		2.903
v 45.242 		98.698 		43.6
v 45.298 		98.698 		43.988
v -47.012 		1.881 		62.9
v 24.498 		-95.708 		34.393
v 45.342 		98.698 		44.402
v 24.287 		-95.708 		34.405
v 45.373 		98.698 		44.843
v -47.011 		1.556 		62.604
v 24.081 		-95.708 		34.44
v 34 		-97.498 		19.5
v 23.878 		-95.708 		34.498
v 23.681 		-95.708 		34.58
v 23.487 		-95.708 		34.685
v 36 		-97.498 		19.5
v 23.298 		-95.708 		34.813
v 23.122 		-95.708 		34.973
v 22.952 		-95.708 		35.16
v 22.788 		-95.708 		35.373
v 22.632 		-95.708 		35.614
v 22.481 		-95.708 		35.88
v 25.464 		-95.708 		34.663
v 25.167 		-95.708 		34.513
v 24.846 		-95.708 		34.423
v 26.543 		-95.708 		36.349
v 26.388 		-95.708 		35.876
v -47.013 		2.724 		63.339
v 26.199 		-95.708 		35.473
v 25.979 		-95.708 		35.143
v -47.012 		2.274 		63.157
v 25.734 		-95.708 		34.873
v 30.419 		-95.708 		36.514
v 7.9 		-98.9 		4.299
v 30.274 		-95.708 		36.116
v -21.632 		-98.9 		4.299
v 30.106 		-95.708 		35.736
v -47.013 		3.219 		63.409
v 29.914 		-95.708 		35.373
v 49.532 		-97.91 		32.747
v 26.649 		-95.708 		40.91
v 44.401 		-95.708 		43.936
v 49.982 		-97.91 		32.833
v 26.743 		-95.708 		40.326
v 26.8 		-95.708 		39.674
v 48.882 		-95.708 		45.056
v 48.729 		-95.708 		44.882
v 26.819 		-95.708 		38.954
v 26.802 		-95.708 		38.196
v 48.564 		-95.708 		44.722
v 26.75 		-95.708 		37.51
v 48.387 		-95.708 		44.576
v 26.664 		-95.708 		36.894
v 48.197 		-95.708 		44.442
v 50.844 		-97.91 		33.077
v 50.421 		-97.91 		32.944
v 47.995 		-95.708 		44.322
v -47.003 		5.559 		57.936
v 30.661 		-95.708 		40.915
v 47.782 		-95.708 		44.216
v 30.739 		-95.708 		40.52
v 47.555 		-95.708 		44.13
v 30.795 		-95.708 		40.108
v 47.315 		-95.708 		44.06
v 30.828 		-95.708 		39.68
v -47.005 		5.919 		58.759
v 47.061 		-95.708 		44.006
v 30.839 		-95.708 		39.234
v -47.006 		6.045 		59.561
v 46.795 		-95.708 		43.967
v 30.828 		-95.708 		38.742
v -47.007 		6.074 		59.774
v 30.793 		-95.708 		38.265
v 46.515 		-95.708 		43.943
v -47.007 		6.103 		60.323
v 30.734 		-95.708 		37.804
v 46.221 		-95.708 		43.936
v 30.653 		-95.708 		37.358
v 30.548 		-95.708 		36.928
v 49.022 		-95.708 		45.241
v -47.009 		6.045 		61.075
v 8.198 		98.018 		4.301
v 8.198 		97.2268 		4.301
v 32.54 		-95.708 		38.954
v 26.139 		-95.708 		42.255
v 50.903 		-94.925 		16.575
v 26.346 		-95.708 		41.874
v 26.516 		-95.708 		41.426
v 50.903 		98.018 		4.301
v 50.903 		90.728 		4.301
v 30.137 		-95.708 		42.326
v 50.903 		70.723 		4.301
v 30.297 		-95.708 		42
v 30.439 		-95.708 		41.655
v 49.532 		-95.708 		32.747
v 50.903 		90.728 		4.199
v 30.561 		-95.708 		41.293
v 50.903 		70.723 		4.199
v 49.982 		-95.708 		32.833
v 32.54 		-95.708 		41.875
v 39.76 		-95.708 		41.875
v 50.903 		-94.927 		16.575
v -47.01 		5.814 		61.894
v 50.844 		-95.708 		33.077
v 50.421 		-95.708 		32.944
v -47.011 		5.324 		62.646
v -47.012 		4.488 		63.195
v 51.644 		-97.91 		33.411
v 51.252 		-97.91 		33.233
v 51.644 		-95.708 		33.411
v 51.252 		-95.708 		33.233
v 49.151 		101.1 		48.886
v 49.105 		101.1 		53.403
v 49.144 		101.1 		53.474
v 49.144 		101.1 		55.249
v 49.105 		101.1 		55.32
v 49.154 		101.1 		49.015
v 49.161 		101.1 		49.134
# 6852 vertices

g group_0_12568524

usemtl color_12568524
s 0

f 1 	2 	3
f 1 	3 	4
f 5 	6 	7
f 5 	7 	8
f 24 	27 	9
f 24 	9 	11
f 17 	311 	15
f 1060 	64 	1068
f 18 	309 	17
f 10 	9 	27
f 29 	31 	25
f 23 	25 	31
f 24 	11 	35
f 44 	46 	29
f 31 	29 	46
f 32 	33 	30
f 20 	30 	33
f 34 	243 	33
f 36 	243 	34
f 37 	242 	36
f 39 	242 	37
f 40 	1032 	39
f 41 	1034 	40
f 42 	1040 	41
f 43 	1040 	42
f 45 	1021 	43
f 48 	50 	47
f 22 	4590 	50
f 11 	21 	35
f 52 	46 	51
f 44 	51 	46
f 53 	54 	55
f 53 	55 	56
f 66 	67 	4247
f 16 	21 	11
f 67 	70 	4250
f 4250 	4247 	67
f 4254 	4250 	70
f 62 	64 	1060
f 50 	48 	65
f 70 	1982 	4254
f 62 	68 	64
f 62 	1060 	1058
f 62 	1057 	68
f 73 	69 	72
f 74 	72 	69
f 75 	308 	18
f 77 	306 	75
f 83 	85 	324
f 323 	324 	85
f 85 	86 	323
f 322 	323 	86
f 80 	300 	82
f 321 	322 	88
f 82 	300 	84
f 88 	134 	321
f 110 	122 	157
f 104 	157 	99
f 89 	317 	90
f 52 	51 	54
f 52 	54 	53
f 4316 	102 	4319
f 110 	157 	104
f 94 	333 	93
f 86 	88 	322
f 99 	100 	101
f 104 	99 	101
f 104 	101 	105
f 107 	111 	4278
f 4283 	4279 	113
f 97 	1111 	91
f 110 	1219 	109
f 4229 	4283 	132
f 57 	59 	4233
f 1219 	110 	105
f 104 	105 	110
f 22 	115 	26
f 265 	263 	118
f 109 	58 	115
f 26 	115 	58
f 22 	122 	115
f 120 	119 	117
f 118 	117 	119
f 22 	50 	122
f 124 	125 	5892
f 110 	109 	122
f 115 	122 	109
f 161 	135 	142
f 60 	61 	4237
f 61 	63 	4241
f 1132 	1131 	91
f 129 	439 	126
f 1116 	1132 	91
f 133 	439 	131
f 4247 	4244 	66
f 134 	138 	338
f 338 	321 	134
f 140 	337 	138
f 27 	24 	139
f 136 	139 	24
f 136 	24 	21
f 35 	21 	24
f 93 	334 	141
f 141 	334 	140
f 50 	157 	122
f 135 	137 	142
f 137 	143 	142
f 145 	333 	94
f 149 	333 	145
f 553 	558 	716
f 146 	147 	148
f 152 	332 	149
f 153 	332 	152
f 147 	146 	151
f 150 	151 	146
f 716 	718 	531
f 150 	50 	151
f 65 	151 	50
f 531 	552 	716
f 154 	150 	148
f 146 	148 	150
f 552 	553 	716
f 135 	161 	91
f 50 	150 	157
f 154 	157 	150
f 100 	99 	157
f 162 	163 	4299
f 4303 	4299 	163
f 4307 	4303 	163
f 161 	167 	21
f 163 	164 	4307
f 4312 	4307 	164
f 917 	298 	382
f 102 	4316 	164
f 165 	144 	166
f 4276 	4274 	106
f 91 	182 	97
f 144 	21 	167
f 144 	167 	166
f 729 	740 	5573
f 5573 	5570 	729
f 6817 	38 	169
f 168 	169 	38
f 100 	65 	5465
f 101 	100 	5465
f 1158 	1176 	169
f 144 	210 	1906
f 179 	320 	177
f 157 	154 	100
f 183 	96 	182
f 96 	97 	182
f 148 	147 	151
f 148 	151 	154
f 182 	1176 	183
f 151 	100 	154
f 187 	161 	16
f 16 	185 	187
f 21 	16 	161
f 223 	189 	818
f 191 	812 	190
f 192 	793 	191
f 193 	791 	192
f 194 	789 	193
f 195 	780 	194
f 196 	772 	195
f 197 	772 	196
f 198 	769 	197
f 200 	769 	199
f 211 	177 	210
f 177 	1906 	210
f 65 	100 	151
f 207 	13 	206
f 208 	2107 	207
f 205 	206 	13
f 13 	14 	205
f 203 	210 	201
f 144 	201 	210
f 47 	65 	48
f 47 	5465 	65
f 290 	913 	911
f 6154 	6157 	212
f 212 	266 	213
f 916 	298 	917
f 220 	221 	838
f 222 	836 	221
f 190 	816 	189
f 212 	215 	266
f 123 	834 	121
f 144 	165 	201
f 214 	224 	215
f 184 	230 	5742
f 209 	201 	165
f 225 	76 	834
f 225 	834 	123
f 76 	225 	78
f 227 	78 	225
f 230 	6007 	5742
f 257 	231 	228
f 125 	124 	128
f 127 	128 	124
f 232 	233 	127
f 128 	127 	233
f 233 	232 	236
f 235 	236 	232
f 247 	248 	246
f 245 	246 	248
f 240 	39 	239
f 241 	39 	240
f 242 	39 	241
f 243 	36 	242
f 244 	33 	243
f 20 	33 	19
f 19 	33 	244
f 238 	39 	1030
f 236 	235 	245
f 246 	245 	235
f 248 	247 	254
f 253 	254 	247
f 259 	260 	253
f 254 	253 	260
f 263 	265 	262
f 261 	262 	265
f 262 	261 	259
f 260 	259 	261
f 117 	118 	263
f 272 	273 	271
f 270 	271 	273
f 274 	275 	272
f 273 	272 	275
f 215 	224 	266
f 278 	279 	274
f 275 	274 	279
f 277 	282 	257
f 277 	257 	268
f 284 	286 	278
f 279 	278 	286
f 276 	285 	911
f 287 	289 	6190
f 228 	268 	257
f 911 	285 	290
f 292 	295 	916
f 343 	1143 	289
f 78 	227 	255
f 78 	255 	80
f 230 	184 	229
f 2370 	2371 	297
f 288 	280 	12
f 293 	12 	280
f 80 	255 	300
f 1711 	294 	291
f 300 	301 	84
f 1906 	835 	849
f 302 	87 	301
f 84 	301 	87
f 297 	294 	6832
f 1719 	6832 	294
f 305 	79 	304
f 306 	77 	305
f 307 	75 	306
f 79 	305 	77
f 308 	75 	307
f 309 	18 	308
f 310 	17 	309
f 311 	17 	310
f 312 	15 	311
f 204 	205 	14
f 202 	204 	14
f 87 	302 	313
f 87 	313 	89
f 847 	852 	849
f 671 	846 	852
f 849 	852 	846
f 2376 	297 	69
f 297 	185 	16
f 849 	316 	1906
f 89 	313 	317
f 319 	320 	318
f 291 	318 	320
f 81 	83 	325
f 324 	325 	83
f 325 	326 	81
f 326 	304 	81
f 79 	81 	304
f 634 	635 	317
f 360 	363 	701
f 319 	177 	320
f 1906 	177 	319
f 316 	296 	1906
f 327 	92 	6596
f 92 	327 	328
f 92 	328 	95
f 331 	98 	328
f 95 	328 	98
f 330 	604 	329
f 98 	331 	335
f 98 	335 	103
f 334 	93 	333
f 337 	140 	336
f 338 	138 	337
f 336 	140 	334
f 155 	332 	153
f 144 	1906 	358
f 825 	358 	296
f 108 	819 	335
f 342 	341 	349
f 342 	349 	350
f 1148 	1149 	932
f 348 	932 	1149
f 358 	359 	144
f 350 	349 	351
f 350 	351 	352
f 352 	351 	354
f 352 	354 	356
f 188 	701 	363
f 16 	69 	297
f 296 	358 	1906
f 363 	226 	188
f 356 	354 	361
f 356 	361 	362
f 229 	186 	226
f 362 	361 	364
f 362 	364 	365
f 366 	286 	299
f 284 	299 	286
f 366 	299 	369
f 366 	369 	370
f 371 	372 	368
f 371 	368 	367
f 370 	369 	373
f 370 	373 	376
f 916 	295 	298
f 378 	379 	380
f 378 	380 	381
f 376 	373 	379
f 376 	379 	378
f 384 	2789 	500
f 2794 	2842 	500
f 439 	2842 	2847
f 2847 	2853 	439
f 2853 	2860 	439
f 387 	3276 	439
f 250 	439 	133
f 252 	439 	250
f 256 	439 	252
f 386 	385 	389
f 388 	389 	385
f 394 	395 	392
f 391 	392 	395
f 389 	388 	391
f 392 	391 	388
f 400 	448 	397
f 271 	270 	399
f 398 	399 	270
f 399 	398 	394
f 395 	394 	398
f 402 	448 	400
f 374 	375 	372
f 374 	372 	371
f 405 	404 	408
f 407 	408 	404
f 412 	413 	407
f 408 	407 	413
f 410 	411 	375
f 410 	375 	374
f 413 	412 	416
f 417 	418 	411
f 417 	411 	410
f 415 	416 	412
f 420 	421 	418
f 420 	418 	417
f 386 	416 	415
f 385 	386 	415
f 414 	500 	390
f 422 	500 	419
f 425 	426 	724
f 428 	429 	427
f 452 	470 	429
f 432 	433 	426
f 432 	426 	425
f 435 	466 	434
f 424 	430 	500
f 437 	438 	433
f 437 	433 	432
f 2219 	2220 	444
f 444 	445 	2219
f 2218 	2219 	445
f 2215 	2218 	445
f 446 	2215 	445
f 447 	2206 	446
f 448 	2170 	447
f 449 	450 	438
f 449 	438 	437
f 455 	451 	452
f 1437 	296 	453
f 430 	454 	500
f 455 	457 	451
f 456 	458 	450
f 456 	450 	449
f 460 	500 	454
f 436 	455 	452
f 436 	452 	439
f 463 	500 	460
f 461 	462 	458
f 461 	458 	456
f 466 	451 	434
f 467 	469 	462
f 467 	462 	461
f 5552 	459 	475
f 471 	427 	470
f 427 	429 	470
f 5555 	5552 	475
f 472 	474 	469
f 472 	469 	467
f 464 	500 	463
f 470 	452 	466
f 451 	466 	452
f 482 	5558 	480
f 475 	480 	5555
f 477 	478 	474
f 477 	474 	472
f 1609 	468 	316
f 479 	500 	476
f 464 	476 	500
f 486 	5528 	482
f 316 	468 	296
f 478 	477 	342
f 341 	342 	477
f 481 	500 	479
f 489 	5528 	486
f 483 	2664 	500
f 493 	5178 	489
f 485 	484 	487
f 485 	487 	488
f 496 	5178 	493
f 2664 	2719 	500
f 491 	492 	488
f 491 	488 	487
f 504 	5176 	496
f 2719 	2722 	500
f 481 	483 	500
f 468 	453 	296
f 494 	495 	492
f 494 	492 	491
f 511 	4979 	504
f 497 	498 	495
f 497 	495 	494
f 414 	419 	500
f 423 	500 	422
f 424 	500 	423
f 502 	505 	498
f 502 	498 	497
f 6713 	507 	501
f 506 	583 	499
f 508 	509 	505
f 508 	505 	502
f 510 	500 	503
f 160 	162 	4295
f 512 	583 	506
f 514 	515 	509
f 514 	509 	508
f 471 	501 	427
f 390 	500 	513
f 507 	2432 	501
f 436 	520 	455
f 519 	455 	520
f 4299 	4295 	162
f 523 	598 	518
f 522 	521 	528
f 522 	528 	529
f 529 	528 	534
f 529 	534 	535
f 536 	540 	409
f 535 	534 	537
f 535 	537 	539
f 540 	543 	409
f 543 	547 	409
f 539 	537 	544
f 539 	544 	546
f 524 	557 	542
f 541 	542 	557
f 545 	854 	538
f 448 	409 	547
f 546 	544 	548
f 546 	548 	550
f 549 	854 	545
f 558 	563 	714
f 714 	716 	558
f 527 	557 	524
f 563 	564 	714
f 561 	859 	555
f 712 	713 	601
f 564 	601 	713
f 1711 	291 	1707
f 565 	566 	550
f 565 	550 	548
f 518 	598 	393
f 294 	1711 	1715
f 1715 	1719 	294
f 569 	570 	365
f 569 	365 	364
f 320 	1707 	291
f 401 	571 	568
f 401 	568 	396
f 572 	573 	570
f 572 	570 	569
f 571 	401 	574
f 403 	574 	401
f 575 	576 	573
f 575 	573 	572
f 406 	577 	574
f 406 	574 	403
f 576 	575 	485
f 484 	485 	575
f 578 	359 	358
f 577 	406 	579
f 499 	579 	406
f 583 	579 	499
f 581 	580 	584
f 581 	584 	585
f 582 	586 	587
f 512 	588 	583
f 585 	584 	589
f 585 	589 	590
f 397 	448 	547
f 592 	593 	591
f 315 	582 	594
f 315 	594 	314
f 393 	567 	588
f 393 	588 	512
f 559 	1906 	556
f 1906 	554 	556
f 590 	589 	595
f 590 	595 	596
f 533 	536 	409
f 567 	393 	598
f 596 	595 	599
f 596 	599 	600
f 4499 	4492 	431
f 600 	599 	602
f 600 	602 	603
f 610 	620 	712
f 601 	610 	712
f 605 	606 	315
f 605 	315 	314
f 604 	607 	608
f 604 	608 	609
f 623 	710 	620
f 603 	602 	611
f 603 	611 	612
f 612 	611 	616
f 612 	616 	617
f 606 	605 	5608
f 617 	616 	618
f 617 	618 	619
f 613 	614 	615
f 532 	533 	409
f 619 	618 	621
f 619 	621 	622
f 657 	710 	625
f 622 	621 	624
f 622 	624 	626
f 632 	695 	630
f 630 	657 	625
f 510 	513 	500
f 615 	627 	613
f 626 	624 	628
f 626 	628 	629
f 521 	522 	628
f 629 	628 	522
f 635 	90 	317
f 638 	639 	635
f 638 	635 	634
f 649 	653 	639
f 649 	639 	638
f 713 	714 	564
f 651 	695 	632
f 623 	625 	710
f 660 	694 	651
f 657 	630 	695
f 712 	620 	710
f 642 	3129 	641
f 643 	3129 	642
f 644 	3129 	643
f 645 	3129 	644
f 646 	3129 	645
f 647 	3129 	646
f 648 	3129 	647
f 658 	659 	653
f 658 	653 	649
f 690 	691 	667
f 689 	690 	667
f 667 	465 	689
f 661 	662 	659
f 661 	659 	658
f 1094 	1087 	3131
f 687 	689 	465
f 676 	687 	465
f 465 	473 	676
f 421 	420 	669
f 668 	669 	420
f 672 	673 	669
f 672 	669 	668
f 666 	667 	691
f 677 	678 	673
f 677 	673 	672
f 675 	674 	6633
f 680 	681 	678
f 680 	678 	677
f 684 	685 	675
f 674 	675 	685
f 682 	683 	636
f 637 	846 	636
f 682 	636 	671
f 686 	688 	681
f 686 	681 	680
f 663 	666 	692
f 691 	692 	666
f 692 	693 	663
f 660 	663 	693
f 694 	660 	693
f 695 	651 	694
f 685 	684 	697
f 685 	697 	699
f 696 	698 	688
f 696 	688 	686
f 699 	697 	702
f 699 	702 	703
f 742 	698 	696
f 703 	702 	706
f 703 	706 	707
f 709 	711 	705
f 709 	705 	704
f 707 	706 	715
f 707 	715 	717
f 156 	531 	718
f 155 	156 	718
f 332 	155 	718
f 333 	149 	332
f 719 	720 	711
f 719 	711 	709
f 717 	715 	722
f 717 	722 	723
f 724 	725 	720
f 724 	720 	719
f 726 	594 	593
f 726 	593 	727
f 723 	722 	728
f 723 	728 	729
f 724 	426 	725
f 591 	737 	592
f 733 	592 	737
f 738 	740 	729
f 738 	729 	728
f 698 	742 	743
f 732 	734 	731
f 734 	735 	731
f 730 	731 	735
f 730 	735 	736
f 730 	736 	739
f 741 	951 	739
f 744 	745 	740
f 744 	740 	738
f 593 	594 	582
f 721 	861 	708
f 747 	746 	748
f 747 	748 	749
f 609 	4814 	604
f 749 	748 	754
f 749 	754 	756
f 751 	947 	750
f 752 	947 	751
f 753 	947 	752
f 755 	980 	753
f 757 	978 	755
f 758 	978 	757
f 759 	977 	758
f 760 	976 	759
f 761 	975 	760
f 762 	975 	761
f 763 	973 	762
f 756 	754 	765
f 756 	765 	766
f 766 	765 	767
f 766 	767 	768
f 768 	767 	770
f 768 	770 	771
f 1563 	772 	769
f 771 	770 	773
f 771 	773 	774
f 780 	772 	1563
f 774 	773 	784
f 774 	784 	786
f 679 	848 	633
f 842 	633 	848
f 777 	998 	776
f 778 	997 	777
f 779 	995 	778
f 781 	994 	779
f 782 	993 	781
f 775 	776 	998
f 783 	991 	782
f 785 	991 	783
f 787 	989 	785
f 792 	988 	787
f 786 	784 	788
f 786 	788 	790
f 852 	670 	671
f 790 	788 	704
f 790 	704 	705
f 679 	855 	848
f 636 	846 	671
f 795 	796 	794
f 792 	794 	796
f 792 	796 	797
f 792 	797 	798
f 792 	798 	799
f 792 	799 	801
f 792 	801 	803
f 792 	803 	806
f 792 	806 	807
f 863 	708 	861
f 805 	822 	804
f 822 	826 	804
f 826 	827 	804
f 76 	78 	810
f 800 	76 	810
f 353 	360 	701
f 824 	868 	701
f 814 	92 	813
f 813 	98 	811
f 817 	821 	701
f 4822 	582 	4816
f 805 	811 	819
f 103 	819 	811
f 819 	822 	805
f 821 	824 	701
f 802 	804 	827
f 868 	871 	701
f 353 	701 	871
f 825 	296 	823
f 827 	830 	802
f 314 	939 	605
f 800 	802 	830
f 830 	834 	800
f 834 	76 	800
f 78 	80 	810
f 967 	829 	832
f 809 	810 	80
f 330 	829 	967
f 808 	809 	80
f 837 	829 	330
f 837 	330 	329
f 80 	82 	808
f 837 	5691 	829
f 828 	835 	839
f 1906 	4814 	835
f 84 	367 	82
f 4668 	837 	329
f 87 	371 	84
f 828 	831 	842
f 843 	832 	340
f 843 	340 	339
f 843 	968 	832
f 4684 	664 	5717
f 764 	745 	744
f 1555 	764 	744
f 828 	842 	847
f 1555 	1560 	764
f 769 	764 	1560
f 98 	813 	95
f 95 	813 	92
f 523 	850 	598
f 769 	1560 	1563
f 1269 	527 	524
f 530 	851 	850
f 530 	850 	523
f 780 	1563 	1565
f 851 	530 	853
f 538 	853 	530
f 1569 	789 	780
f 1569 	780 	1565
f 854 	853 	538
f 848 	847 	842
f 789 	1569 	791
f 1573 	791 	1569
f 549 	856 	854
f 1576 	793 	791
f 1576 	791 	1573
f 551 	857 	856
f 551 	856 	549
f 857 	551 	858
f 555 	858 	551
f 793 	1576 	1591
f 859 	858 	555
f 1591 	812 	793
f 721 	865 	861
f 561 	6849 	859
f 812 	1591 	816
f 1595 	816 	1591
f 316 	849 	846
f 597 	4646 	5640
f 818 	1597 	820
f 1599 	820 	1597
f 846 	860 	316
f 860 	861 	865
f 823 	860 	865
f 901 	902 	1930
f 1597 	818 	816
f 1597 	816 	1595
f 820 	1599 	833
f 865 	867 	823
f 870 	1987 	869
f 833 	1610 	836
f 1617 	836 	1610
f 4816 	582 	315
f 2025 	2027 	545
f 545 	538 	2025
f 1617 	1622 	836
f 838 	836 	1622
f 877 	701 	874
f 927 	874 	701
f 1624 	840 	838
f 1624 	838 	1622
f 876 	1930 	875
f 877 	878 	701
f 876 	862 	1930
f 878 	880 	701
f 840 	1624 	841
f 1626 	841 	1624
f 4822 	4591 	582
f 880 	881 	701
f 881 	884 	701
f 1930 	879 	882
f 841 	1626 	844
f 1629 	844 	1626
f 825 	591 	582
f 358 	825 	582
f 884 	815 	701
f 885 	1930 	883
f 883 	1930 	882
f 817 	701 	815
f 885 	886 	1930
f 1629 	1632 	844
f 845 	844 	1632
f 886 	889 	1930
f 582 	587 	358
f 888 	891 	942
f 893 	894 	942
f 891 	893 	942
f 875 	1930 	889
f 894 	897 	942
f 924 	925 	942
f 897 	924 	942
f 913 	915 	996
f 920 	896 	1930
f 896 	899 	1930
f 701 	942 	925
f 901 	1930 	899
f 866 	605 	939
f 866 	864 	357
f 866 	357 	355
f 902 	903 	1930
f 903 	905 	1930
f 103 	811 	98
f 866 	1138 	864
f 905 	906 	1930
f 5608 	315 	606
f 906 	908 	1930
f 879 	1930 	908
f 354 	351 	529
f 522 	529 	351
f 349 	522 	351
f 911 	913 	996
f 910 	911 	996
f 410 	374 	89
f 87 	89 	374
f 367 	84 	371
f 371 	87 	374
f 915 	916 	996
f 917 	918 	996
f 916 	917 	996
f 1930 	996 	920
f 918 	920 	996
f 4664 	329 	4814
f 617 	619 	461
f 461 	456 	617
f 612 	617 	456
f 456 	449 	612
f 449 	437 	612
f 603 	612 	437
f 432 	603 	437
f 425 	603 	432
f 600 	603 	425
f 497 	566 	502
f 494 	566 	497
f 491 	550 	494
f 487 	550 	491
f 575 	572 	539
f 487 	484 	546
f 508 	502 	4878
f 925 	926 	701
f 406 	1997 	499
f 499 	1998 	506
f 403 	1993 	406
f 506 	1999 	512
f 512 	2001 	393
f 401 	1992 	403
f 396 	1991 	401
f 869 	1989 	396
f 393 	2001 	518
f 927 	701 	926
f 572 	569 	539
f 535 	539 	569
f 569 	364 	535
f 364 	361 	535
f 529 	535 	361
f 341 	629 	349
f 361 	354 	529
f 539 	546 	575
f 484 	575 	546
f 2023 	2024 	530
f 538 	530 	2024
f 2024 	2025 	538
f 2021 	2023 	530
f 530 	523 	2021
f 523 	518 	2021
f 2020 	2021 	518
f 546 	550 	487
f 566 	494 	550
f 4878 	502 	566
f 930 	1141 	591
f 887 	888 	942
f 941 	887 	942
f 862 	928 	929
f 596 	600 	709
f 788 	784 	590
f 719 	709 	600
f 593 	592 	931
f 724 	719 	600
f 425 	724 	600
f 935 	936 	1387
f 1386 	1387 	936
f 936 	937 	1386
f 937 	1393 	1386
f 1384 	1386 	1393
f 314 	594 	939
f 619 	622 	467
f 467 	461 	619
f 592 	943 	931
f 622 	626 	472
f 472 	467 	622
f 626 	629 	477
f 477 	472 	626
f 944 	1081 	597
f 928 	945 	929
f 938 	929 	945
f 938 	945 	946
f 938 	946 	940
f 341 	477 	629
f 522 	349 	629
f 949 	741 	948
f 950 	741 	949
f 951 	741 	950
f 952 	739 	951
f 953 	739 	952
f 954 	739 	953
f 730 	739 	954
f 947 	948 	741
f 90 	635 	420
f 417 	410 	90
f 89 	90 	410
f 808 	82 	367
f 635 	639 	668
f 672 	668 	639
f 420 	417 	90
f 668 	420 	635
f 639 	653 	672
f 677 	672 	653
f 653 	659 	677
f 6731 	862 	929
f 680 	677 	659
f 659 	662 	680
f 962 	964 	609
f 962 	609 	608
f 686 	680 	662
f 959 	753 	958
f 960 	753 	959
f 961 	753 	960
f 957 	958 	753
f 963 	753 	961
f 947 	753 	963
f 967 	968 	607
f 967 	607 	604
f 590 	596 	788
f 704 	788 	596
f 971 	972 	614
f 971 	614 	613
f 3835 	3837 	2607
f 971 	964 	962
f 974 	762 	973
f 975 	762 	974
f 976 	760 	975
f 977 	759 	976
f 978 	758 	977
f 979 	755 	978
f 980 	755 	979
f 981 	753 	980
f 982 	753 	981
f 983 	753 	982
f 984 	753 	983
f 956 	753 	984
f 957 	753 	956
f 741 	750 	947
f 330 	967 	604
f 986 	1027 	1068
f 609 	964 	971
f 609 	971 	613
f 970 	992 	627
f 970 	627 	615
f 1006 	1048 	792
f 1056 	1061 	792
f 989 	787 	988
f 990 	785 	989
f 991 	785 	990
f 993 	782 	991
f 994 	781 	993
f 995 	779 	994
f 997 	778 	995
f 998 	777 	997
f 999 	973 	775
f 763 	775 	973
f 998 	999 	775
f 608 	607 	968
f 608 	968 	962
f 615 	614 	972
f 615 	972 	970
f 276 	987 	1008
f 986 	1020 	1027
f 1008 	987 	1010
f 996 	1010 	987
f 5717 	1009 	843
f 1013 	1068 	1027
f 969 	1026 	955
f 1015 	1016 	1011
f 996 	987 	910
f 972 	962 	1009
f 971 	962 	972
f 962 	968 	1009
f 843 	1009 	968
f 967 	832 	968
f 1009 	1007 	972
f 970 	972 	1007
f 1012 	1013 	1014
f 965 	966 	1014
f 1012 	1014 	966
f 431 	71 	1016
f 664 	1009 	5717
f 1017 	1018 	637
f 1017 	637 	636
f 966 	6732 	1012
f 1014 	969 	965
f 1030 	1031 	238
f 1018 	1017 	1019
f 1013 	1027 	1014
f 683 	1019 	1017
f 683 	1017 	636
f 1026 	1020 	986
f 664 	650 	1023
f 1022 	1021 	1024
f 1022 	1024 	1025
f 560 	562 	1062
f 1026 	1027 	1020
f 1025 	1024 	1028
f 1025 	1028 	1029
f 1108 	1029 	1028
f 1026 	969 	1027
f 986 	955 	1026
f 969 	1014 	1027
f 1031 	1030 	1032
f 1031 	1032 	1033
f 1033 	1032 	1034
f 1033 	1034 	1035
f 1005 	792 	1004
f 1006 	792 	1005
f 1003 	1004 	792
f 1002 	1003 	792
f 807 	1036 	792
f 1036 	1037 	792
f 1038 	792 	1037
f 1002 	792 	1038
f 1035 	1034 	1040
f 1035 	1040 	1041
f 1021 	1022 	1040
f 1041 	1040 	1022
f 1023 	1009 	664
f 377 	1042 	1043
f 1045 	1046 	1043
f 1045 	1043 	1042
f 679 	633 	1007
f 303 	955 	1039
f 1050 	792 	1049
f 1051 	792 	1050
f 1052 	792 	1051
f 1053 	792 	1052
f 1054 	792 	1053
f 1055 	792 	1054
f 1056 	792 	1055
f 1048 	1049 	792
f 1057 	1058 	1059
f 1060 	1044 	1058
f 1059 	1058 	1044
f 988 	792 	1061
f 62 	1058 	1057
f 562 	1063 	1062
f 1023 	1007 	1009
f 1047 	1064 	1059
f 1047 	1059 	1044
f 1047 	1039 	955
f 562 	1246 	1063
f 1064 	1065 	1057
f 1064 	1057 	1059
f 1066 	1067 	671
f 1066 	671 	670
f 1064 	955 	1065
f 1068 	1065 	955
f 1064 	1047 	955
f 955 	986 	1068
f 1068 	68 	1057
f 1068 	1057 	1065
f 1066 	1023 	1069
f 1067 	1066 	1069
f 1007 	1071 	679
f 1089 	1095 	5431
f 1023 	5832 	1069
f 1145 	431 	1016
f 1066 	1071 	1023
f 1071 	855 	679
f 3341 	3342 	1042
f 1217 	3344 	1220
f 1033 	1247 	1031
f 1082 	1083 	1074
f 1073 	1074 	1083
f 1013 	1012 	288
f 1035 	1864 	1033
f 709 	704 	596
f 5205 	5199 	754
f 754 	748 	5205
f 5210 	5205 	748
f 748 	746 	5210
f 5509 	5210 	746
f 746 	6637 	5509
f 5512 	5509 	6637
f 6637 	6636 	5512
f 5518 	5512 	6636
f 1007 	1023 	1071
f 1041 	5481 	1035
f 5444 	5442 	1109
f 671 	1067 	1069
f 671 	1069 	682
f 1069 	1019 	683
f 1069 	683 	682
f 1076 	1105 	1075
f 1074 	1137 	1082
f 1076 	1075 	665
f 1076 	665 	6814
f 1077 	1078 	1079
f 1077 	1079 	1080
f 1081 	700 	597
f 6397 	6686 	1084
f 1086 	1085 	1079
f 1047 	12 	1039
f 1044 	1060 	1047
f 12 	1047 	1060
f 1080 	1079 	1085
f 68 	1068 	64
f 1246 	562 	1070
f 5881 	700 	1081
f 1101 	1104 	1092
f 1093 	1101 	1092
f 1091 	1092 	1104
f 1089 	1087 	1094
f 1089 	1094 	1095
f 12 	1060 	1068
f 1095 	1094 	1096
f 1095 	1096 	1097
f 288 	12 	1013
f 5960 	1081 	1019
f 1019 	1081 	1018
f 1097 	1096 	1099
f 1097 	1099 	1100
f 1107 	1110 	1088
f 1100 	1099 	1102
f 1100 	1102 	1103
f 863 	1098 	708
f 6432 	6431 	1115
f 1103 	1102 	1105
f 1103 	1105 	1106
f 1098 	1128 	708
f 1106 	1105 	1076
f 1081 	944 	1128
f 1108 	1109 	1029
f 1109 	1108 	1113
f 1109 	1113 	1114
f 1111 	1133 	1116
f 1112 	1133 	1111
f 1114 	1113 	1117
f 1114 	1117 	1118
f 1018 	1081 	1098
f 1087 	1089 	1117
f 1118 	1117 	1089
f 97 	96 	1111
f 1112 	1111 	96
f 1271 	542 	1564
f 1116 	91 	1111
f 597 	5640 	944
f 1122 	1123 	1135
f 1123 	1124 	1135
f 1130 	1135 	1124
f 1124 	1125 	1130
f 1125 	1126 	1130
f 1120 	1130 	1126
f 1126 	1127 	1120
f 1119 	1120 	1127
f 708 	1128 	721
f 1135 	1101 	1122
f 5640 	864 	944
f 1133 	1134 	1132
f 1131 	1132 	1134
f 1093 	1122 	1101
f 1128 	1098 	1081
f 135 	1131 	137
f 1134 	137 	1131
f 931 	1136 	727
f 931 	727 	593
f 1132 	1116 	1133
f 1138 	939 	594
f 1138 	594 	726
f 1140 	1183 	1082
f 1137 	1139 	1082
f 135 	91 	1131
f 1141 	737 	591
f 1215 	6780 	1085
f 1142 	943 	592
f 1142 	592 	733
f 931 	1142 	1136
f 1211 	1840 	1106
f 1213 	1211 	1076
f 1085 	6780 	1080
f 1145 	1016 	3522
f 939 	1138 	866
f 346 	347 	1152
f 344 	1162 	343
f 1855 	1851 	1100
f 1840 	1855 	1103
f 6190 	289 	1143
f 1103 	1106 	1840
f 943 	1142 	931
f 1106 	1076 	1211
f 726 	727 	1136
f 726 	1136 	1138
f 1149 	1150 	348
f 932 	933 	1148
f 1076 	6814 	1213
f 733 	737 	1141
f 733 	1141 	1142
f 347 	348 	1151
f 1150 	1151 	348
f 1151 	1152 	347
f 1215 	1213 	6814
f 1133 	280 	1134
f 280 	1490 	137
f 1134 	280 	137
f 2808 	4026 	3522
f 944 	864 	1138
f 1138 	1136 	944
f 1136 	1142 	944
f 1128 	944 	1142
f 1142 	1141 	1128
f 1443 	1647 	1141
f 5425 	5431 	1095
f 345 	346 	1153
f 1152 	1153 	346
f 1133 	1112 	280
f 1153 	1154 	345
f 1095 	1097 	5425
f 1909 	5425 	1097
f 1154 	1159 	345
f 1159 	1162 	344
f 344 	345 	1159
f 1165 	343 	1162
f 169 	168 	1158
f 1157 	1158 	168
f 1143 	343 	1171
f 1171 	343 	1165
f 1156 	1155 	1160
f 1156 	1160 	1161
f 1146 	1228 	1145
f 431 	1145 	1228
f 1163 	1164 	1161
f 1163 	1161 	1160
f 1166 	1168 	1164
f 1166 	1164 	1163
f 1157 	1174 	1158
f 1170 	1172 	1168
f 1170 	1168 	1166
f 182 	169 	1176
f 1176 	1158 	1174
f 1175 	1177 	1172
f 1175 	1172 	1170
f 1178 	1180 	1177
f 1178 	1177 	1175
f 1174 	183 	1176
f 1181 	1182 	1180
f 1181 	1180 	1178
f 1140 	1082 	1139
f 1183 	1184 	1082
f 1184 	1185 	1082
f 183 	1174 	1112
f 96 	183 	1112
f 1465 	1082 	1193
f 5514 	1155 	1156
f 168 	38 	1157
f 1193 	1196 	1465
f 38 	293 	1157
f 1174 	1157 	293
f 1190 	1191 	1188
f 1190 	1188 	1187
f 1194 	1195 	1191
f 1194 	1191 	1190
f 1196 	1198 	1465
f 1198 	1199 	1465
f 280 	1112 	293
f 1174 	293 	1112
f 1194 	1243 	1195
f 1199 	1200 	1465
f 582 	4591 	6768
f 1849 	1909 	1097
f 1097 	1100 	1849
f 1812 	900 	904
f 1200 	1203 	1465
f 1203 	1206 	1465
f 6770 	22 	26
f 1209 	1465 	1206
f 1078 	1077 	1202
f 1201 	1202 	1077
f 907 	1813 	904
f 1204 	1205 	1202
f 1204 	1202 	1201
f 1207 	1208 	1205
f 1207 	1205 	1204
f 542 	1271 	524
f 1212 	1211 	1213
f 1212 	1213 	1214
f 1214 	1213 	1215
f 1214 	1215 	1216
f 1216 	1215 	1085
f 1216 	1085 	1086
f 58 	109 	1210
f 1219 	1210 	109
f 1046 	1045 	1218
f 1217 	1218 	1045
f 1913 	1210 	1219
f 1220 	1221 	1218
f 1220 	1218 	1217
f 5206 	4499 	1228
f 1227 	1229 	1266
f 1265 	1266 	1229
f 1229 	1230 	1265
f 1230 	1231 	1265
f 1231 	1232 	1265
f 1077 	4282 	1201
f 1080 	4282 	1077
f 1100 	1103 	1855
f 1243 	1194 	1242
f 1236 	1237 	1263
f 1261 	1263 	1237
f 1237 	1238 	1261
f 1238 	1239 	1261
f 1239 	1240 	1261
f 1256 	1261 	1240
f 1240 	1241 	1256
f 1241 	1675 	1256
f 1811 	1256 	1675
f 970 	1458 	992
f 5427 	5450 	1118
f 1851 	1849 	1100
f 992 	1469 	627
f 541 	1564 	542
f 1045 	3344 	1217
f 633 	842 	1007
f 1268 	1208 	1207
f 970 	1007 	1521
f 1221 	1220 	1248
f 1247 	1248 	1220
f 855 	1071 	1571
f 1062 	1063 	1251
f 1253 	1254 	1363
f 1250 	1367 	1249
f 1201 	4318 	1204
f 637 	1018 	1606
f 637 	1606 	846
f 1360 	1361 	1314
f 1063 	1246 	1251
f 1118 	1089 	5428
f 1606 	1018 	1098
f 1220 	1031 	1247
f 1647 	865 	1128
f 930 	1443 	1141
f 1266 	1290 	1225
f 1226 	1227 	1266
f 1225 	1226 	1266
f 1675 	1676 	1811
f 1232 	1233 	1265
f 1128 	1141 	1647
f 1223 	1224 	1290
f 1224 	1225 	1290
f 562 	560 	1264
f 1222 	1223 	1293
f 1290 	1293 	1223
f 1264 	1070 	562
f 912 	1825 	914
f 1293 	1297 	1259
f 1259 	1222 	1293
f 2048 	209 	165
f 2048 	165 	266
f 1243 	1242 	1272
f 1243 	1272 	1273
f 1273 	1272 	1275
f 1273 	1275 	1276
f 1276 	1275 	1279
f 1276 	1279 	1280
f 985 	1859 	923
f 1850 	923 	1859
f 1280 	1279 	1281
f 1280 	1281 	1282
f 1282 	1281 	1283
f 1282 	1283 	1284
f 1270 	1255 	1278
f 1255 	1258 	1278
f 1268 	1255 	1270
f 1277 	1278 	1258
f 1258 	1260 	1277
f 1274 	1277 	1260
f 1284 	1283 	1285
f 1284 	1285 	1286
f 1847 	1875 	922
f 1257 	1259 	1297
f 1289 	1517 	1287
f 1291 	1517 	1289
f 1297 	1301 	1257
f 1294 	439 	1292
f 1296 	1517 	1295
f 1295 	1517 	1291
f 1299 	1517 	1296
f 1286 	1285 	1288
f 1286 	1288 	1300
f 1302 	1262 	1301
f 1262 	1257 	1301
f 1298 	439 	1294
f 1300 	1288 	1340
f 1182 	1181 	1306
f 1304 	1306 	1181
f 1307 	1509 	1305
f 1308 	1309 	1306
f 1308 	1306 	1304
f 1310 	1314 	1361
f 1314 	1319 	1360
f 1319 	1322 	1360
f 1632 	1121 	845
f 1312 	1509 	1307
f 1311 	1313 	1309
f 1311 	1309 	1308
f 1358 	1360 	1322
f 1317 	1318 	1313
f 1317 	1313 	1311
f 1356 	1358 	1327
f 1315 	1509 	1312
f 1316 	1509 	1315
f 1320 	1321 	1318
f 1320 	1318 	1317
f 1327 	1333 	1356
f 1325 	1509 	1323
f 1324 	1326 	1321
f 1324 	1321 	1320
f 1323 	1509 	1316
f 1332 	1509 	1329
f 1326 	1324 	1331
f 1330 	1331 	1324
f 1333 	1336 	1905
f 1338 	1904 	1336
f 1331 	1330 	1334
f 1331 	1334 	1335
f 1287 	1509 	1332
f 1328 	1329 	1509
f 1334 	503 	1335
f 1339 	1340 	1288
f 1911 	294 	1376
f 1341 	1501 	1337
f 1342 	1343 	1340
f 1342 	1340 	1339
f 1347 	1348 	1343
f 1347 	1343 	1342
f 1345 	1501 	1341
f 1349 	1350 	1348
f 1349 	1348 	1347
f 1346 	1501 	1345
f 1352 	1501 	1351
f 1353 	1354 	1350
f 1353 	1350 	1349
f 1274 	4860 	1344
f 1355 	1501 	1352
f 4864 	1958 	4861
f 1357 	1359 	1354
f 1357 	1354 	1353
f 1364 	1501 	1355
f 1361 	1362 	1310
f 1254 	1310 	1362
f 1362 	1363 	1254
f 1363 	1365 	1253
f 1252 	1253 	1365
f 1365 	1366 	1252
f 1250 	1252 	1366
f 1367 	1250 	1366
f 1369 	1371 	1359
f 1369 	1359 	1357
f 1368 	1501 	1364
f 1370 	1501 	1368
f 1346 	1351 	1501
f 1372 	1373 	1371
f 1372 	1371 	1369
f 1812 	904 	1813
f 1374 	1509 	1370
f 1377 	1378 	1373
f 1377 	1373 	1372
f 1396 	1397 	1383
f 1504 	1505 	1380
f 1380 	1382 	1504
f 1395 	1396 	1383
f 1383 	1384 	1395
f 1305 	1509 	1303
f 1303 	1509 	1375
f 1375 	1509 	1374
f 1394 	1395 	1384
f 1393 	1394 	1384
f 1387 	1144 	935
f 934 	935 	1144
f 1144 	1147 	934
f 1517 	1299 	1381
f 1166 	1163 	1188
f 6756 	1188 	1163
f 1160 	1155 	6756
f 6755 	6756 	1155
f 933 	934 	1147
f 1376 	554 	1911
f 1825 	912 	1197
f 1501 	1408 	1337
f 1147 	1148 	933
f 5514 	6755 	1155
f 1170 	1195 	1175
f 1390 	1501 	1389
f 921 	1846 	922
f 1388 	1389 	1501
f 1391 	1501 	1390
f 1399 	1504 	1382
f 1398 	1399 	1382
f 1382 	1383 	1398
f 1379 	1380 	1510
f 1397 	1398 	1383
f 1392 	1501 	1391
f 1405 	1501 	1403
f 3632 	3634 	4559
f 4559 	4560 	3632
f 3518 	3519 	1401
f 1477 	1478 	1426
f 1411 	1416 	1453
f 1408 	1501 	1407
f 1403 	1501 	1392
f 1195 	1170 	1191
f 1412 	1414 	1337
f 1415 	6846 	1413
f 1243 	1175 	1195
f 1419 	6846 	1417
f 1417 	6846 	1415
f 919 	1839 	921
f 1472 	1473 	1433
f 1473 	1474 	1433
f 1423 	143 	1422
f 1507 	1510 	1380
f 1311 	1308 	1280
f 1276 	1280 	1308
f 1308 	1304 	1276
f 1181 	1178 	1273
f 1243 	1273 	1178
f 1304 	1181 	1276
f 1273 	1276 	1181
f 1178 	1175 	1243
f 1280 	1282 	1311
f 1429 	143 	1428
f 1428 	143 	1423
f 1317 	1311 	1282
f 1431 	1435 	1010
f 1505 	1506 	1380
f 1506 	1507 	1380
f 1008 	1010 	1435
f 1320 	1317 	1284
f 1439 	1008 	1435
f 1437 	1438 	825
f 1437 	825 	823
f 1300 	1324 	1286
f 1284 	1286 	1320
f 1441 	1008 	1439
f 1442 	143 	1434
f 1438 	1437 	1443
f 1438 	1443 	930
f 1817 	1813 	909
f 1445 	1008 	1441
f 823 	296 	1437
f 1340 	1330 	1300
f 867 	1443 	1437
f 867 	1437 	823
f 1008 	1445 	1410
f 6852 	181 	1413
f 1448 	143 	1447
f 1446 	1447 	143
f 1825 	1826 	914
f 1330 	1324 	1300
f 1320 	1286 	1324
f 1450 	143 	1448
f 1451 	143 	1450
f 1826 	1839 	914
f 1409 	1411 	1454
f 1406 	1409 	1454
f 1449 	1406 	1454
f 1449 	1454 	1465
f 1449 	1465 	1209
f 1456 	143 	1451
f 6672 	1334 	1343
f 1343 	1334 	1340
f 1330 	1340 	1334
f 1282 	1284 	1317
f 1453 	1454 	1411
f 1189 	1193 	1082
f 919 	914 	1839
f 1463 	1464 	143
f 1460 	1463 	143
f 1348 	6673 	1343
f 1427 	1431 	1010
f 1509 	143 	1501
f 1464 	1388 	143
f 1185 	1189 	1082
f 1501 	143 	1388
f 1847 	922 	1846
f 831 	828 	1455
f 831 	1455 	1458
f 1495 	1731 	1494
f 6676 	2156 	6679
f 6675 	6676 	6679
f 828 	1455 	1462
f 828 	1462 	835
f 1385 	1466 	1467
f 1469 	1455 	828
f 1469 	828 	839
f 6678 	6679 	2156
f 1425 	1426 	1481
f 1478 	1481 	1426
f 1481 	1483 	1425
f 1424 	1425 	1483
f 1483 	1484 	1424
f 1484 	1452 	1424
f 1426 	1430 	1477
f 1475 	1477 	1430
f 1474 	1475 	1430
f 1430 	1433 	1474
f 1512 	1513 	1379
f 1420 	1490 	1479
f 1476 	1479 	1490
f 1534 	1480 	1482
f 1452 	1453 	1418
f 1416 	1418 	1453
f 1418 	1424 	1452
f 1486 	1487 	1482
f 1486 	1482 	1480
f 1432 	143 	1429
f 143 	1490 	1422
f 1444 	143 	1442
f 1434 	143 	1432
f 1444 	1446 	143
f 1420 	1422 	1490
f 1488 	1489 	1487
f 1488 	1487 	1486
f 1492 	1493 	1489
f 1492 	1489 	1488
f 1001 	1875 	1000
f 1457 	1459 	143
f 1459 	1460 	143
f 1405 	1407 	1501
f 1414 	1466 	1337
f 1499 	1731 	1498
f 1498 	1731 	1496
f 1496 	1731 	1495
f 1500 	1731 	1499
f 1602 	1493 	1492
f 1469 	992 	1458
f 1455 	1469 	1458
f 1408 	1412 	1337
f 1385 	1337 	1466
f 1469 	839 	627
f 1501 	1370 	1509
f 1325 	1328 	1509
f 1509 	1287 	1517
f 1456 	1457 	143
f 1510 	1511 	1379
f 1511 	1512 	1379
f 1440 	1379 	1513
f 1513 	1514 	1440
f 1514 	1515 	1440
f 1515 	1516 	1440
f 1436 	1440 	1516
f 1516 	1522 	1436
f 1522 	1524 	1436
f 1508 	1519 	1548
f 1167 	1169 	1890
f 1548 	1519 	1520
f 1521 	1007 	842
f 1892 	1173 	1167
f 1518 	1509 	1517
f 1381 	5522 	1517
f 1524 	1525 	1436
f 1525 	1526 	1436
f 1526 	1527 	1436
f 1527 	1528 	1436
f 1433 	1436 	1528
f 1528 	1471 	1433
f 1471 	1472 	1433
f 1179 	1173 	1892
f 1458 	1521 	842
f 1458 	842 	831
f 1903 	1186 	1179
f 1537 	1533 	1744
f 1535 	1744 	1533
f 1890 	1169 	1129
f 1521 	1458 	970
f 1744 	1536 	1537
f 1542 	1455 	847
f 1541 	1567 	1697
f 849 	835 	1545
f 1462 	1545 	835
f 1540 	1744 	1539
f 1186 	1914 	1192
f 1545 	1462 	1542
f 1546 	1508 	1548
f 1915 	1197 	1914
f 1192 	1914 	1197
f 828 	847 	1455
f 1520 	1551 	1548
f 1547 	1543 	1744
f 1543 	1544 	1744
f 1544 	1539 	1744
f 1551 	1520 	1523
f 1551 	1523 	1553
f 1462 	1455 	1542
f 1550 	1547 	1744
f 1530 	1556 	1523
f 1553 	1523 	1556
f 1557 	1542 	847
f 1557 	847 	848
f 1554 	1552 	1744
f 1552 	1549 	1744
f 1549 	1550 	1744
f 1556 	1530 	1534
f 1556 	1534 	1561
f 524 	1267 	1269
f 1545 	1542 	847
f 1545 	847 	849
f 1561 	1534 	1482
f 1271 	1564 	2894
f 1744 	1980 	1558
f 1559 	1744 	1558
f 1559 	1554 	1744
f 852 	1066 	670
f 852 	1568 	1066
f 524 	1271 	1267
f 1571 	1557 	848
f 1571 	848 	855
f 1777 	1697 	1567
f 1575 	1578 	1580
f 1575 	1580 	1581
f 1570 	1980 	1572
f 1579 	1572 	1733
f 1583 	1586 	1578
f 1583 	1578 	1575
f 1542 	1557 	1571
f 1376 	73 	72
f 1585 	1577 	1733
f 1577 	1579 	1733
f 1587 	1590 	1586
f 1587 	1586 	1583
f 1542 	1568 	852
f 1542 	852 	847
f 1590 	1587 	1594
f 1589 	1585 	1733
f 1574 	557 	527
f 1592 	1593 	1733
f 1593 	1588 	1733
f 1588 	1589 	1733
f 1066 	1568 	1071
f 1582 	557 	1574
f 1493 	1602 	1603
f 1568 	1542 	1571
f 1571 	1071 	1568
f 1596 	1598 	1733
f 1598 	1592 	1733
f 1584 	557 	1582
f 1604 	1605 	1603
f 1604 	1603 	1602
f 1601 	1596 	1733
f 1600 	1601 	1733
f 1607 	1608 	1605
f 1607 	1605 	1604
f 559 	72 	74
f 1610 	833 	1599
f 1611 	1613 	1608
f 1611 	1608 	1607
f 1616 	1618 	1613
f 1616 	1613 	1611
f 861 	860 	1609
f 861 	1609 	1619
f 1620 	1621 	1618
f 1620 	1618 	1616
f 3524 	3522 	1016
f 860 	1609 	316
f 1581 	1580 	1621
f 1581 	1621 	1620
f 1098 	1627 	1606
f 1269 	490 	1614
f 863 	1627 	1098
f 1614 	3315 	1615
f 1619 	1627 	863
f 1619 	863 	861
f 860 	846 	1609
f 1606 	1609 	846
f 1635 	2144 	1633
f 3136 	3147 	1615
f 1634 	1630 	1600
f 1623 	1600 	1630
f 1609 	1606 	1627
f 1609 	1627 	1619
f 860 	823 	1609
f 1638 	890 	1642
f 892 	1642 	890
f 1600 	1733 	1634
f 895 	1644 	1642
f 895 	1642 	892
f 721 	1128 	865
f 1637 	1634 	1733
f 1644 	895 	1649
f 898 	1649 	895
f 1648 	1747 	1651
f 1639 	1640 	1733
f 900 	1652 	1649
f 900 	1649 	898
f 1645 	1646 	1733
f 900 	1812 	1652
f 1654 	1650 	1733
f 1485 	4555 	1404
f 1437 	1609 	823
f 867 	865 	1443
f 1647 	1443 	865
f 1402 	1491 	1485
f 1402 	1485 	1404
f 1653 	1654 	1733
f 907 	909 	1813
f 468 	1609 	453
f 1437 	453 	1609
f 1491 	1402 	1497
f 1401 	1497 	1402
f 72 	556 	1376
f 1660 	1659 	1509
f 1658 	1980 	1659
f 1400 	1655 	1497
f 1400 	1497 	1401
f 930 	591 	1438
f 825 	1438 	591
f 1509 	1661 	1660
f 6083 	2808 	3522
f 1421 	1679 	1400
f 1655 	1400 	1679
f 1651 	1747 	1669
f 1668 	1413 	1410
f 1668 	1410 	1665
f 1468 	1731 	1465
f 1494 	1731 	1468
f 1670 	1415 	1413
f 1670 	1413 	1668
f 1672 	1417 	1415
f 1672 	1415 	1670
f 1674 	1419 	1417
f 1674 	1417 	1672
f 1673 	1761 	1677
f 1679 	1421 	1419
f 1679 	1419 	1674
f 1677 	1761 	1685
f 1805 	1807 	1683
f 1683 	1684 	1805
f 1684 	1689 	1805
f 1682 	1683 	1807
f 1681 	1682 	1807
f 1807 	1809 	1681
f 1801 	1805 	1689
f 1689 	1690 	1801
f 839 	835 	4814
f 1427 	1687 	1688
f 1427 	1688 	1431
f 1431 	1688 	1693
f 1431 	1693 	1435
f 1696 	1698 	1793
f 1698 	1700 	1793
f 1790 	1793 	1700
f 1793 	1795 	1696
f 1700 	1865 	1790
f 1786 	1790 	1865
f 985 	1000 	1859
f 1701 	1697 	1777
f 1783 	1703 	1701
f 1724 	1725 	1538
f 1532 	1731 	1531
f 1531 	1731 	1500
f 1641 	1703 	1783
f 74 	431 	559
f 1661 	1509 	1663
f 1667 	1664 	1518
f 1662 	1518 	1664
f 1001 	922 	1875
f 1706 	1716 	1538
f 1716 	1718 	1538
f 1666 	1667 	1518
f 1718 	1720 	1538
f 1709 	1710 	1518
f 4308 	4315 	1707
f 1720 	1722 	1538
f 1722 	1723 	1538
f 1713 	1714 	1518
f 1705 	6826 	1719
f 1723 	1724 	1538
f 1725 	1727 	1538
f 923 	1817 	909
f 1727 	1729 	1538
f 1532 	1538 	1729
f 554 	1376 	556
f 1731 	1532 	1729
f 1728 	1699 	1707
f 320 	1728 	1707
f 1728 	1730 	1702
f 1728 	1702 	1699
f 1082 	1465 	1731
f 556 	72 	559
f 1717 	1713 	1518
f 1726 	1717 	1518
f 1714 	1709 	1518
f 1710 	1666 	1518
f 1663 	1509 	1662
f 1518 	1662 	1509
f 1658 	1657 	1980
f 1733 	1980 	1656
f 1657 	1656 	1980
f 1656 	1653 	1733
f 1509 	1659 	1980
f 1732 	1734 	1771
f 1734 	1736 	1771
f 1736 	1738 	1771
f 1738 	1742 	1771
f 1646 	1639 	1733
f 1650 	1645 	1733
f 1640 	1636 	1733
f 1636 	1637 	1733
f 1623 	1630 	1721
f 1435 	1693 	1735
f 1435 	1735 	1439
f 1538 	1771 	1742
f 1742 	1746 	1538
f 1439 	1735 	1737
f 1439 	1737 	1441
f 1566 	1562 	1980
f 1570 	1566 	1980
f 1562 	1558 	1980
f 1733 	1572 	1980
f 1441 	1737 	1740
f 1441 	1740 	1445
f 1641 	1741 	1643
f 1739 	1643 	1741
f 1746 	1748 	1538
f 1445 	1740 	1665
f 1445 	1665 	1410
f 1906 	1932 	554
f 1745 	1648 	1643
f 1745 	1643 	1739
f 1748 	1753 	1538
f 1540 	1536 	1744
f 1529 	1743 	1535
f 1744 	1535 	1743
f 1743 	1529 	1612
f 1648 	1745 	1747
f 1753 	1755 	1538
f 1755 	1760 	1538
f 1751 	1669 	1747
f 1782 	1929 	1749
f 1669 	1751 	1671
f 1754 	1671 	1751
f 921 	1839 	1846
f 1757 	1750 	1929
f 1750 	1752 	1929
f 1752 	1749 	1929
f 1758 	1673 	1671
f 1758 	1671 	1754
f 1760 	1762 	1538
f 1756 	1757 	1929
f 1759 	1756 	1929
f 1673 	1758 	1761
f 1706 	1538 	1762
f 1875 	1870 	1000
f 1765 	1685 	1761
f 1806 	3288 	1802
f 1685 	1765 	1686
f 1767 	1686 	1765
f 1789 	1704 	1767
f 1763 	3288 	1766
f 1772 	1773 	1771
f 1773 	1776 	1771
f 1771 	1776 	1780
f 3468 	5019 	1655
f 1881 	1121 	1632
f 1770 	1768 	3288
f 1768 	1766 	3288
f 1774 	1775 	1929
f 1769 	1929 	1775
f 1881 	1884 	1121
f 2375 	2376 	73
f 1771 	1780 	1732
f 1779 	1774 	1929
f 1781 	1701 	1777
f 1778 	1929 	1782
f 1779 	1929 	1778
f 1376 	2375 	73
f 1783 	1701 	1781
f 1694 	1695 	1799
f 1692 	1694 	1799
f 1741 	1641 	1783
f 1903 	1179 	1892
f 1686 	1767 	1704
f 1885 	1887 	1810
f 1691 	1692 	1799
f 1668 	3480 	1670
f 1670 	3529 	1672
f 1672 	3532 	1674
f 1799 	1801 	1691
f 1690 	1691 	1801
f 2162 	1708 	1704
f 2162 	1704 	1789
f 1787 	1806 	1792
f 1680 	1681 	1809
f 1129 	1884 	1890
f 1708 	2162 	1712
f 2166 	1712 	2162
f 1794 	1791 	1806
f 1791 	1792 	1806
f 1737 	3475 	1740
f 1735 	3475 	1737
f 1693 	3568 	1735
f 1688 	3568 	1693
f 1687 	3565 	1688
f 1678 	1680 	1809
f 1809 	1811 	1678
f 1912 	1186 	1903
f 1798 	1796 	1806
f 1796 	1794 	1806
f 3552 	1800 	1461
f 1676 	1678 	1811
f 1235 	1236 	1263
f 1186 	1912 	1914
f 1461 	1800 	1687
f 1461 	1687 	1427
f 1804 	1797 	1806
f 1806 	1797 	1798
f 1234 	1235 	1263
f 1804 	1806 	1802
f 1764 	1802 	3288
f 1263 	1265 	1234
f 1665 	1740 	3478
f 1233 	1234 	1265
f 1816 	1814 	1806
f 1827 	1833 	1893
f 1821 	1255 	1834
f 1927 	1893 	1833
f 1893 	1894 	1827
f 1824 	1258 	1255
f 1824 	1255 	1821
f 1822 	1818 	1806
f 1818 	1816 	1806
f 1833 	1835 	1927
f 1828 	1260 	1258
f 1828 	1258 	1824
f 1838 	1926 	1835
f 1926 	1927 	1835
f 1260 	1828 	4860
f 1829 	1830 	1806
f 1820 	1806 	1830
f 1834 	1268 	1207
f 1837 	1831 	1806
f 1831 	1832 	1806
f 1832 	1829 	1806
f 1825 	1197 	1915
f 1836 	1837 	1806
f 1270 	1855 	1840
f 1211 	1212 	1840
f 1270 	1840 	1212
f 1834 	1255 	1268
f 1695 	1696 	1795
f 1274 	1849 	1851
f 1274 	1851 	1277
f 1817 	923 	1850
f 1795 	1799 	1695
f 1277 	1851 	1855
f 1277 	1855 	1278
f 1278 	1855 	1270
f 1844 	3288 	1853
f 1861 	1856 	3288
f 1857 	3288 	1856
f 1248 	1247 	1292
f 1862 	1292 	1247
f 1860 	1861 	3288
f 1864 	1294 	1292
f 1864 	1292 	1862
f 1863 	1860 	3288
f 1868 	1298 	1294
f 1868 	1294 	1864
f 1867 	1863 	3288
f 1878 	1848 	1920
f 1838 	1841 	1925
f 1919 	1920 	1848
f 1848 	1854 	1919
f 1918 	1919 	1854
f 1917 	1918 	1854
f 1854 	1858 	1917
f 1859 	1000 	1870
f 1916 	1917 	1858
f 1872 	3288 	1877
f 1873 	3288 	1872
f 1873 	1869 	3288
f 1858 	1786 	1916
f 1865 	1866 	1786
f 6820 	4939 	1702
f 1207 	1204 	4321
f 1866 	1916 	1786
f 1880 	1876 	3288
f 1876 	1877 	3288
f 613 	627 	609
f 1879 	3288 	1883
f 3288 	1879 	1880
f 5430 	5428 	1089
f 587 	586 	578
f 587 	578 	358
f 1882 	3288 	1814
f 1129 	1121 	1884
f 5448 	5446 	1114
f 586 	6770 	1889
f 1888 	1167 	1890
f 1836 	1806 	1887
f 1806 	1785 	1887
f 1114 	1118 	5448
f 1892 	1167 	1888
f 5431 	5430 	1089
f 1819 	1823 	1896
f 1896 	1897 	1819
f 1823 	1827 	1894
f 1815 	1819 	1897
f 1897 	1898 	1815
f 1908 	1815 	1898
f 1898 	1899 	1908
f 1907 	1908 	1899
f 1899 	1901 	1907
f 1891 	1907 	1901
f 1891 	1901 	1902
f 1322 	1327 	1358
f 1904 	1338 	1902
f 1905 	1356 	1333
f 1905 	1336 	1904
f 1891 	1902 	1338
f 71 	431 	74
f 1900 	3288 	1843
f 58 	1886 	26
f 1913 	3165 	1886
f 1210 	1886 	58
f 1852 	3288 	1857
f 1853 	3288 	1852
f 1845 	1842 	3288
f 1844 	1845 	3288
f 1842 	1843 	3288
f 1895 	1896 	1823
f 5425 	1909 	1344
f 1344 	1909 	1849
f 1344 	1849 	1274
f 1820 	1822 	1806
f 1882 	1883 	3288
f 1869 	1867 	3288
f 2315 	1298 	5452
f 1868 	5452 	1298
f 1210 	1913 	1886
f 1806 	1814 	3288
f 1785 	1784 	1887
f 1787 	1788 	1806
f 1788 	1785 	1806
f 1784 	1810 	1887
f 6036 	1885 	1810
f 69 	73 	2376
f 5442 	5440 	1109
f 1769 	1770 	3288
f 1763 	1764 	3288
f 1874 	1878 	1921
f 1920 	1921 	1878
f 1921 	1922 	1874
f 1871 	1874 	1922
f 1922 	1923 	1871
f 1923 	1924 	1871
f 1841 	1871 	1924
f 1925 	1841 	1924
f 1926 	1838 	1925
f 1894 	1895 	1823
f 5446 	5444 	1114
f 5428 	5427 	1118
f 1759 	1929 	1808
f 144 	359 	1886
f 1889 	1886 	359
f 1911 	1932 	1933
f 1911 	1933 	1910
f 1936 	1913 	1219
f 1937 	3365 	1934
f 1911 	554 	1932
f 1938 	3365 	1937
f 2201 	2203 	1941
f 1944 	2009 	1943
f 1945 	2009 	1944
f 1946 	2009 	1945
f 1947 	2009 	1946
f 1948 	2009 	1947
f 1949 	2009 	1948
f 1950 	2009 	1949
f 1951 	2009 	1950
f 1219 	5462 	1936
f 1274 	1260 	4860
f 1940 	3365 	1939
f 1954 	3365 	1953
f 1940 	1953 	3365
f 1938 	1939 	3365
f 1889 	359 	586
f 578 	586 	359
f 1932 	319 	1933
f 1906 	319 	1932
f 1956 	3365 	1954
f 1957 	3365 	1956
f 4860 	4861 	1344
f 1960 	3365 	1957
f 1712 	2166 	6715
f 1966 	1967 	1964
f 1965 	1966 	1964
f 1967 	1968 	1964
f 1968 	1969 	1964
f 1969 	1970 	1964
f 1970 	1971 	1964
f 1963 	1964 	1971
f 1972 	2009 	1971
f 1974 	2009 	1972
f 1975 	2009 	1974
f 1976 	2009 	1975
f 1942 	2009 	1976
f 1541 	1697 	1519
f 70 	2221 	1982
f 1980 	1981 	1983
f 1979 	1978 	1933
f 1977 	1933 	1978
f 1982 	2221 	1985
f 1519 	1508 	1541
f 6450 	1541 	1508
f 1508 	6423 	6450
f 6448 	6450 	6423
f 6423 	6422 	6448
f 6445 	6448 	6422
f 1933 	318 	1984
f 1942 	1943 	2009
f 2009 	1951 	1986
f 2009 	1986 	1987
f 1989 	869 	1987
f 1990 	396 	1989
f 1991 	396 	1990
f 1992 	401 	1991
f 1993 	403 	1992
f 1997 	406 	1993
f 1998 	499 	1997
f 1999 	506 	1998
f 2000 	512 	1999
f 2001 	512 	2000
f 1962 	3365 	1960
f 1996 	3365 	1962
f 2004 	3365 	1996
f 1963 	1971 	2010
f 2009 	2010 	1971
f 2009 	1987 	870
f 1983 	1981 	167
f 2012 	3365 	2011
f 2006 	3365 	2004
f 2005 	2002 	318
f 2008 	2005 	318
f 2015 	3365 	2012
f 2036 	2035 	318
f 2034 	2032 	318
f 2013 	2008 	318
f 2019 	3365 	2018
f 2015 	2018 	3365
f 2017 	2240 	1931
f 2020 	518 	2001
f 2130 	2145 	2030
f 2128 	2130 	2030
f 2127 	2128 	2030
f 2125 	2127 	2030
f 2145 	2146 	2030
f 2123 	2125 	2030
f 2030 	2031 	2123
f 2120 	2123 	2031
f 2042 	2134 	2031
f 2146 	2147 	2030
f 2152 	873 	2030
f 1935 	1931 	2198
f 2032 	2022 	318
f 224 	177 	211
f 2201 	1941 	1935
f 2034 	318 	2035
f 266 	224 	210
f 211 	210 	224
f 1952 	1941 	2203
f 1744 	4338 	1980
f 1981 	1980 	4338
f 2036 	318 	2037
f 318 	291 	2037
f 1952 	2203 	1955
f 2207 	1955 	2203
f 266 	210 	2048
f 2041 	2042 	2039
f 2042 	2043 	2039
f 2043 	2044 	2039
f 2044 	2045 	2039
f 2045 	2047 	2039
f 2047 	2049 	2039
f 2038 	2039 	2049
f 2051 	2054 	2049
f 2052 	2054 	2051
f 2053 	2054 	2052
f 2038 	2049 	2054
f 2210 	1959 	1955
f 2210 	1955 	2207
f 2055 	2057 	2088
f 1959 	2210 	1961
f 2213 	1961 	2210
f 2058 	2060 	2087
f 2087 	2088 	2058
f 2057 	2058 	2088
f 1583 	1575 	1685
f 1575 	1581 	1685
f 1671 	1673 	1616
f 1616 	1611 	1671
f 1669 	1671 	1611
f 1611 	1607 	1669
f 1607 	1604 	1669
f 1648 	1651 	1602
f 1492 	1648 	1602
f 1651 	1669 	1604
f 1614 	1615 	1574
f 2062 	2059 	291
f 1973 	1961 	2213
f 166 	4582 	165
f 2085 	2087 	2060
f 2061 	2085 	2060
f 2033 	2050 	3365
f 203 	201 	2048
f 2065 	2084 	2064
f 2061 	2064 	2085
f 291 	2063 	2062
f 2048 	201 	209
f 1594 	1587 	1686
f 1625 	1594 	1686
f 1685 	1686 	1587
f 1587 	1583 	1685
f 203 	2048 	210
f 2067 	2079 	2066
f 2066 	2082 	2065
f 2069 	291 	2068
f 1492 	1488 	1643
f 1643 	1648 	1492
f 1604 	1602 	1651
f 1620 	1616 	1673
f 2221 	2224 	1985
f 1673 	1677 	1620
f 1581 	1620 	1677
f 2070 	1910 	2071
f 4338 	4582 	1981
f 1981 	166 	167
f 1677 	1685 	1581
f 1994 	1985 	2227
f 2224 	2227 	1985
f 1934 	3365 	2072
f 2230 	2003 	2227
f 1994 	2227 	2003
f 2075 	2079 	2067
f 2233 	2007 	2230
f 2003 	2230 	2007
f 1803 	1635 	1708
f 2014 	2007 	2237
f 2233 	2237 	2007
f 2063 	291 	2077
f 1635 	1633 	1704
f 2082 	2066 	2079
f 2014 	2237 	2017
f 2078 	2077 	291
f 2084 	2065 	2082
f 1486 	1480 	1641
f 1703 	1641 	1480
f 2080 	291 	2083
f 2081 	2103 	2076
f 1641 	1643 	1486
f 3365 	2050 	2088
f 2086 	291 	2089
f 1488 	1486 	1643
f 1910 	2091 	2074
f 2090 	2251 	2094
f 2096 	3365 	2093
f 2172 	1803 	1708
f 2099 	2094 	2251
f 2095 	2091 	1910
f 2098 	3365 	2097
f 2097 	3365 	2096
f 2100 	2095 	1910
f 2104 	3365 	2098
f 2184 	2181 	6715
f 2106 	2109 	3365
f 2092 	2093 	3365
f 2109 	2111 	3365
f 2267 	13 	2107
f 2113 	3288 	2111
f 3288 	3365 	2111
f 14 	13 	2267
f 1628 	1625 	1686
f 1686 	1704 	1628
f 1631 	1628 	1704
f 1633 	1631 	1704
f 1704 	1708 	1635
f 1712 	2175 	1708
f 1712 	6715 	2181
f 2181 	2178 	1712
f 2115 	3288 	2113
f 1594 	2117 	1590
f 2271 	15 	14
f 1625 	2124 	1594
f 2122 	1928 	2121
f 2121 	1928 	2115
f 17 	15 	2271
f 2124 	2117 	1594
f 2129 	1928 	2122
f 1269 	1614 	527
f 2149 	2150 	2030
f 2150 	2151 	2030
f 2151 	2152 	2030
f 2148 	2149 	2030
f 2147 	2148 	2030
f 2041 	2134 	2042
f 2120 	2031 	2134
f 2124 	1625 	2132
f 1628 	2132 	1625
f 2076 	2103 	2112
f 2332 	18 	17
f 1628 	1631 	2132
f 2137 	2132 	1631
f 2135 	1928 	2133
f 2137 	1631 	2138
f 1633 	2138 	1631
f 2140 	1928 	2135
f 2141 	1928 	2140
f 2139 	2136 	2103
f 2119 	1933 	2126
f 1633 	2144 	2138
f 2337 	57 	2474
f 873 	872 	2030
f 872 	561 	2030
f 561 	555 	2030
f 2029 	2030 	555
f 555 	551 	2029
f 2028 	2029 	551
f 551 	549 	2028
f 2027 	2028 	549
f 549 	545 	2027
f 1635 	1803 	2171
f 2136 	2112 	2103
f 57 	2337 	2342
f 57 	2342 	59
f 1984 	1979 	1933
f 2131 	1933 	1977
f 2126 	1933 	2131
f 2347 	60 	2342
f 59 	2342 	60
f 2108 	2105 	1910
f 1910 	2105 	2102
f 2102 	2100 	1910
f 2074 	2073 	1910
f 2073 	2071 	1910
f 2068 	291 	2070
f 2089 	291 	2069
f 60 	2347 	2351
f 60 	2351 	61
f 1958 	1344 	4861
f 527 	1614 	1574
f 6832 	1719 	6826
f 2155 	2156 	525
f 2119 	2118 	1933
f 2116 	1933 	2118
f 1910 	1933 	2114
f 2114 	2110 	1910
f 2108 	1910 	2110
f 61 	2351 	63
f 4864 	4865 	2282
f 2282 	1958 	4864
f 2157 	2158 	2156
f 2157 	2156 	2155
f 63 	2359 	66
f 318 	2022 	2016
f 2002 	1995 	318
f 1995 	1988 	318
f 1988 	1984 	318
f 2157 	2160 	2158
f 66 	2359 	67
f 2159 	2160 	2157
f 2142 	1928 	2141
f 2143 	1928 	2142
f 2161 	2163 	2160
f 2161 	2160 	2159
f 67 	2366 	70
f 2164 	1928 	2143
f 3288 	2115 	1928
f 2076 	228 	2081
f 228 	231 	2081
f 2165 	2167 	2163
f 2165 	2163 	2161
f 2221 	70 	2366
f 402 	2169 	2170
f 75 	18 	2332
f 2144 	1635 	2171
f 2079 	2075 	2168
f 2173 	2171 	1803
f 2172 	2173 	1803
f 1582 	1574 	1615
f 75 	2379 	77
f 2175 	2176 	2173
f 2175 	2173 	2172
f 2174 	1928 	2164
f 2178 	2179 	2176
f 2178 	2176 	2175
f 79 	2389 	81
f 2181 	2182 	2179
f 2181 	2179 	2178
f 2184 	2185 	2182
f 2184 	2182 	2181
f 2394 	83 	2389
f 81 	2389 	83
f 161 	142 	167
f 2186 	2187 	2185
f 2186 	2185 	2184
f 83 	2394 	2398
f 83 	2398 	85
f 2083 	291 	2086
f 1910 	2070 	291
f 2080 	2078 	291
f 2059 	2056 	291
f 291 	2056 	2046
f 291 	2046 	2040
f 2037 	291 	2040
f 2189 	2249 	2188
f 1911 	1910 	294
f 2133 	1928 	2129
f 85 	2398 	2402
f 85 	2402 	86
f 2193 	2249 	2189
f 2191 	2192 	2194
f 291 	294 	1910
f 2405 	88 	2402
f 86 	2402 	88
f 2092 	3365 	2088
f 2085 	2064 	2084
f 6143 	6198 	2075
f 142 	143 	1983
f 1980 	1983 	143
f 2026 	2033 	3365
f 2104 	2106 	3365
f 2019 	2026 	3365
f 1983 	167 	142
f 2006 	2011 	3365
f 2200 	1935 	2198
f 2201 	1935 	2200
f 2270 	2202 	2169
f 2170 	2169 	2202
f 2206 	2202 	2270
f 2279 	2215 	2212
f 268 	2112 	2136
f 2217 	1973 	2213
f 2218 	2215 	2279
f 2248 	1973 	2217
f 1287 	1332 	1749
f 268 	2136 	277
f 1289 	1752 	1750
f 1289 	1750 	1291
f 1752 	1289 	1287
f 1752 	1287 	1749
f 2292 	2223 	2220
f 1757 	1295 	1291
f 1757 	1291 	1750
f 2226 	2223 	2292
f 1295 	1757 	1756
f 1295 	1756 	1296
f 1299 	1296 	1759
f 2139 	282 	277
f 2139 	277 	2136
f 1756 	1759 	1296
f 1759 	1808 	1299
f 2235 	2167 	2177
f 2165 	2177 	2167
f 1763 	1305 	1764
f 1303 	1764 	1305
f 2180 	2239 	2177
f 2235 	2177 	2239
f 2237 	2240 	2017
f 1305 	1763 	1307
f 1766 	1307 	1763
f 2239 	2180 	2183
f 2239 	2183 	2243
f 1307 	1766 	1768
f 1307 	1768 	1312
f 2198 	1931 	2240
f 1769 	1316 	1770
f 1315 	1770 	1316
f 2188 	2246 	2183
f 2243 	2183 	2246
f 1770 	1315 	1768
f 1312 	1768 	1315
f 2090 	1973 	2248
f 2246 	2188 	2249
f 1316 	1769 	1323
f 1775 	1323 	1769
f 2090 	2248 	2251
f 2193 	2253 	2249
f 1774 	1325 	1775
f 1323 	1775 	1325
f 1325 	1774 	1328
f 2251 	2256 	2099
f 2253 	2193 	2195
f 2253 	2195 	2257
f 1779 	1328 	1774
f 1778 	1329 	1779
f 1328 	1779 	1329
f 2196 	2261 	2195
f 2257 	2195 	2261
f 2260 	2101 	2256
f 2099 	2256 	2101
f 1782 	1332 	1329
f 1782 	1329 	1778
f 2261 	2196 	2197
f 2261 	2197 	2264
f 2101 	2260 	2263
f 2101 	2263 	2107
f 1782 	1749 	1332
f 2199 	2266 	2197
f 2264 	2197 	2266
f 2107 	2263 	2267
f 1784 	1337 	1810
f 1337 	1784 	1341
f 1785 	1341 	1784
f 2266 	2199 	2320
f 2204 	2493 	2208
f 2267 	2269 	14
f 1787 	1346 	1788
f 1345 	1788 	1346
f 14 	2269 	2271
f 1341 	1785 	1345
f 1788 	1345 	1785
f 2272 	2206 	2270
f 1346 	1787 	1351
f 1792 	1351 	1787
f 1791 	1352 	1792
f 1351 	1792 	1352
f 2206 	2272 	2209
f 2274 	2209 	2272
f 1352 	1791 	1355
f 1794 	1355 	1791
f 2275 	2212 	2209
f 2275 	2209 	2274
f 1355 	1794 	1364
f 1796 	1364 	1794
f 2280 	2430 	2278
f 2212 	2275 	2279
f 1797 	1370 	1798
f 1368 	1798 	1370
f 2283 	2218 	2279
f 1364 	1796 	1368
f 1798 	1368 	1796
f 2282 	2430 	2280
f 2276 	2278 	2430
f 1802 	1375 	1804
f 1374 	1804 	1375
f 2218 	2283 	2219
f 2285 	2219 	2283
f 1370 	1797 	1374
f 1804 	1374 	1797
f 2289 	439 	2286
f 2288 	2220 	2219
f 2288 	2219 	2285
f 1764 	1303 	1802
f 1375 	1802 	1303
f 2291 	439 	2289
f 2220 	2288 	2292
f 1381 	1299 	1808
f 2294 	2430 	2291
f 1381 	1808 	5987
f 1381 	5987 	5522
f 2295 	2226 	2292
f 2296 	2430 	2294
f 2298 	2430 	2296
f 2226 	2295 	2229
f 2299 	2229 	2295
f 1337 	1385 	1810
f 2300 	2430 	2298
f 2302 	2430 	2300
f 2338 	2229 	2299
f 1388 	1814 	1816
f 1388 	1816 	1389
f 2304 	2430 	2302
f 440 	2305 	2306
f 1389 	1816 	1818
f 1389 	1818 	1390
f 1391 	1822 	1820
f 1391 	1820 	1392
f 2276 	2430 	2312
f 2307 	2430 	2304
f 1390 	1818 	1822
f 1390 	1822 	1391
f 2311 	2310 	2313
f 2311 	2313 	2314
f 1830 	1403 	1392
f 1830 	1392 	1820
f 2309 	2312 	2430
f 2307 	2309 	2430
f 1403 	1830 	1829
f 1403 	1829 	1405
f 1407 	1832 	1831
f 1407 	1831 	1408
f 2319 	439 	2315
f 2317 	2318 	2320
f 2317 	2320 	2321
f 1832 	1407 	1405
f 2323 	439 	2319
f 1298 	2315 	439
f 2324 	2325 	2318
f 2324 	2318 	2317
f 1832 	1405 	1829
f 2326 	439 	2323
f 2325 	2324 	2311
f 2310 	2311 	2324
f 1837 	1412 	1408
f 1837 	1408 	1831
f 1412 	1837 	1836
f 1412 	1836 	1414
f 2271 	2330 	17
f 2493 	2204 	2205
f 2328 	439 	2326
f 1836 	1887 	1414
f 17 	2330 	2332
f 2498 	2208 	2493
f 2321 	2320 	2199
f 2498 	2501 	2208
f 1843 	1842 	1420
f 2211 	2501 	2214
f 2338 	2339 	2229
f 1844 	1423 	1845
f 1422 	1845 	1423
f 2341 	2343 	2339
f 2341 	2339 	2338
f 2216 	2214 	2505
f 1420 	1842 	1422
f 1845 	1422 	1842
f 2345 	2346 	2343
f 2345 	2343 	2341
f 2344 	2817 	2340
f 2216 	2508 	2222
f 2348 	2349 	2346
f 2348 	2346 	2345
f 1423 	1844 	1428
f 1853 	1428 	1844
f 2205 	2153 	2154
f 2352 	2353 	2349
f 2352 	2349 	2348
f 1852 	1429 	1853
f 1428 	1853 	1429
f 2351 	2354 	63
f 2355 	2356 	2353
f 2355 	2353 	2352
f 1856 	1434 	1857
f 1432 	1857 	1434
f 2357 	2358 	2356
f 2357 	2356 	2355
f 63 	2354 	2359
f 1857 	1432 	1852
f 2515 	2225 	2222
f 2359 	2362 	67
f 1429 	1852 	1432
f 2358 	2357 	2365
f 2364 	2365 	2357
f 2515 	2518 	2225
f 67 	2362 	2366
f 1434 	1856 	1442
f 1861 	1442 	1856
f 2368 	2369 	2365
f 2368 	2365 	2364
f 294 	297 	2371
f 2228 	2518 	2231
f 1860 	1444 	1861
f 1442 	1861 	1444
f 2372 	2373 	2369
f 2372 	2369 	2368
f 2377 	2378 	2373
f 2377 	2373 	2372
f 2234 	2231 	2525
f 2379 	75 	2332
f 2375 	1376 	2371
f 1444 	1860 	1446
f 1863 	1446 	1860
f 2380 	2381 	2378
f 2380 	2378 	2377
f 2382 	77 	2379
f 2533 	2238 	2234
f 1446 	1863 	1447
f 1867 	1447 	1863
f 2383 	2384 	2381
f 2383 	2381 	2380
f 77 	2382 	79
f 2386 	79 	2382
f 1447 	1867 	1448
f 1869 	1448 	1867
f 2533 	2538 	2238
f 1872 	1451 	1873
f 1450 	1873 	1451
f 2384 	2383 	2390
f 2388 	2390 	2383
f 79 	2386 	2389
f 2242 	2538 	2245
f 1448 	1869 	1450
f 1873 	1450 	1869
f 2391 	2393 	2390
f 2391 	2390 	2388
f 2250 	2245 	2543
f 1451 	1872 	1456
f 1877 	1456 	1872
f 2395 	2396 	2393
f 2395 	2393 	2391
f 1876 	1457 	1877
f 1456 	1877 	1457
f 2396 	2395 	2399
f 2396 	2399 	2400
f 2560 	2254 	2250
f 1879 	1460 	1880
f 1459 	1880 	1460
f 2959 	2943 	2401
f 2400 	2399 	2403
f 2400 	2403 	2404
f 2258 	2254 	2560
f 1880 	1459 	1876
f 2404 	2403 	2406
f 2404 	2406 	2408
f 1876 	1459 	1457
f 2408 	2406 	4476
f 1460 	1879 	1463
f 1883 	1463 	1879
f 1882 	1464 	1883
f 1463 	1883 	1464
f 2410 	2409 	2413
f 2410 	2413 	2414
f 1388 	1464 	1814
f 2414 	2413 	2416
f 2414 	2416 	2417
f 1814 	1464 	1882
f 2495 	2205 	2154
f 4137 	2002 	4180
f 2417 	2416 	2419
f 2417 	2419 	2420
f 1466 	1887 	1885
f 1466 	1885 	1467
f 2495 	2493 	2205
f 1466 	1414 	1887
f 2420 	2419 	2421
f 2420 	2421 	2422
f 2422 	2421 	2424
f 2422 	2424 	2425
f 2458 	106 	102
f 1900 	1476 	6080
f 2427 	439 	2335
f 2328 	2333 	439
f 2211 	2208 	2501
f 2428 	439 	2427
f 106 	2458 	107
f 1843 	1479 	1900
f 2505 	2214 	2501
f 2429 	439 	2428
f 1476 	1900 	1479
f 1479 	1843 	1420
f 2508 	2216 	2505
f 1517 	1929 	1928
f 1517 	1928 	1518
f 2539 	2232 	2236
f 2286 	439 	2429
f 2333 	2335 	439
f 6050 	1929 	1517
f 2566 	2236 	2241
f 2474 	132 	113
f 2244 	2573 	2566
f 2244 	2566 	2241
f 439 	2291 	2430
f 132 	2474 	57
f 1934 	1529 	1535
f 1934 	1535 	1937
f 1937 	1535 	1533
f 1937 	1533 	1938
f 2573 	2244 	2586
f 2247 	2586 	2244
f 88 	2405 	134
f 1939 	1537 	1536
f 1939 	1536 	1940
f 466 	435 	2435
f 2434 	2435 	435
f 2247 	2252 	2586
f 2599 	2586 	2252
f 138 	134 	2479
f 2437 	471 	2436
f 470 	2436 	471
f 1938 	1537 	1939
f 2438 	2190 	541
f 2438 	541 	557
f 2434 	2437 	2436
f 2434 	2436 	2435
f 2599 	2252 	2255
f 1938 	1533 	1537
f 2482 	140 	138
f 2036 	4302 	2035
f 470 	466 	2435
f 470 	2435 	2436
f 1540 	1953 	1940
f 1540 	1940 	1536
f 2624 	2255 	2259
f 2485 	141 	140
f 2485 	140 	2482
f 1953 	1540 	1539
f 1953 	1539 	1954
f 2262 	2624 	2259
f 1956 	1544 	1543
f 1956 	1543 	1957
f 93 	141 	2485
f 2265 	2643 	2262
f 1544 	1956 	1954
f 1544 	1954 	1539
f 94 	2488 	145
f 2643 	2265 	2652
f 2268 	2652 	2265
f 1547 	1960 	1957
f 1547 	1957 	1543
f 2385 	2652 	2268
f 145 	2488 	149
f 1549 	1996 	1550
f 1962 	1550 	1996
f 1960 	1547 	1962
f 1550 	1962 	1547
f 1251 	1070 	1264
f 2496 	152 	149
f 1552 	2004 	1996
f 1552 	1996 	1549
f 152 	2496 	2500
f 152 	2500 	153
f 2277 	2692 	2273
f 2681 	2273 	2692
f 1554 	2006 	2004
f 1554 	2004 	1552
f 2440 	2563 	2439
f 2006 	1554 	2011
f 1559 	2011 	1554
f 153 	2500 	155
f 2692 	2277 	2281
f 1558 	2012 	1559
f 2011 	1559 	2012
f 155 	2507 	156
f 2707 	2281 	2284
f 2015 	1562 	2018
f 2444 	2445 	2537
f 2537 	2548 	2444
f 2548 	2550 	2444
f 2696 	2537 	2445
f 2012 	1558 	2015
f 2707 	2284 	2287
f 156 	2507 	531
f 1562 	2015 	1558
f 1562 	1566 	2018
f 2290 	2718 	2287
f 2018 	1566 	2019
f 1570 	2019 	1566
f 2293 	2727 	2290
f 2718 	2290 	2727
f 2450 	1010 	2449
f 2019 	1570 	2026
f 1572 	2026 	1570
f 158 	2511 	159
f 2451 	1010 	2450
f 2026 	1572 	2033
f 1579 	2033 	1572
f 2728 	2727 	2297
f 2293 	2297 	2727
f 159 	2517 	160
f 1577 	2050 	1579
f 2033 	1579 	2050
f 1461 	1427 	1010
f 2728 	2297 	2301
f 1585 	2055 	1577
f 160 	2517 	162
f 2050 	1577 	2055
f 2303 	2734 	2301
f 162 	2530 	163
f 2055 	1585 	2057
f 1589 	2057 	1585
f 2447 	2448 	1470
f 2308 	2737 	2303
f 2734 	2303 	2737
f 1588 	2058 	1589
f 2057 	1589 	2058
f 163 	2530 	164
f 2448 	2449 	1470
f 1592 	2061 	1593
f 2060 	1593 	2061
f 2308 	2539 	2737
f 2232 	2539 	2308
f 2457 	102 	164
f 2058 	1588 	2060
f 1593 	2060 	1588
f 2453 	1470 	2452
f 93 	2455 	94
f 2454 	94 	2455
f 2456 	1470 	2453
f 2061 	1592 	2064
f 1598 	2064 	1592
f 1596 	2065 	1598
f 2064 	1598 	2065
f 2488 	94 	2454
f 2322 	2765 	2316
f 2753 	2316 	2765
f 1600 	2067 	1601
f 2066 	1601 	2067
f 1470 	2506 	2452
f 1470 	2456 	2446
f 1470 	2446 	2447
f 2765 	2322 	2327
f 1601 	2066 	1596
f 2065 	1596 	2066
f 2777 	2327 	2329
f 102 	2457 	2458
f 1623 	2075 	1600
f 2462 	2465 	2461
f 2465 	2466 	2461
f 2460 	2461 	2466
f 2777 	2329 	2331
f 2072 	6132 	1612
f 2514 	2222 	2508
f 2458 	2463 	107
f 1612 	1529 	2072
f 1934 	2072 	1529
f 2334 	2790 	2331
f 2067 	1600 	2075
f 2222 	2514 	2515
f 2464 	111 	2463
f 107 	2463 	111
f 2790 	2334 	2336
f 2228 	2225 	2518
f 2469 	113 	2464
f 111 	2464 	113
f 2459 	2460 	2466
f 2466 	2467 	2459
f 2467 	2468 	2459
f 2468 	2470 	2459
f 2470 	2471 	2459
f 2471 	2472 	2459
f 2472 	2473 	2459
f 2473 	2693 	2459
f 2693 	2694 	2459
f 2811 	2336 	2340
f 2525 	2231 	2518
f 113 	2469 	2474
f 2079 	1630 	1634
f 2079 	1634 	2082
f 2811 	2340 	2817
f 2082 	1634 	1637
f 2082 	1637 	2084
f 2817 	2344 	2350
f 2084 	1637 	1636
f 2084 	1636 	2085
f 2478 	3050 	2477
f 2479 	134 	2405
f 2087 	1640 	1639
f 2087 	1639 	2088
f 2480 	3050 	2478
f 2681 	2350 	2273
f 2242 	2238 	2538
f 2481 	138 	2479
f 2855 	2361 	2360
f 1636 	1640 	2085
f 2087 	2085 	1640
f 2543 	2245 	2538
f 138 	2481 	2482
f 1646 	2092 	2088
f 1646 	2088 	1639
f 2363 	2855 	2360
f 2484 	3050 	2483
f 2092 	1646 	1645
f 2092 	1645 	2093
f 2487 	1470 	2486
f 2480 	2483 	3050
f 2367 	2875 	2363
f 1650 	2096 	2093
f 1650 	2093 	1645
f 2250 	2545 	2560
f 2455 	93 	2485
f 2875 	2367 	2885
f 2374 	2885 	2367
f 3050 	2484 	1470
f 2560 	2568 	2258
f 1653 	2098 	1654
f 2097 	1654 	2098
f 2411 	2885 	2374
f 2096 	1650 	2097
f 1654 	2097 	1650
f 2490 	1470 	2489
f 2491 	149 	2488
f 2494 	1470 	2492
f 1656 	2104 	2098
f 1656 	2098 	1653
f 2496 	149 	2491
f 2497 	1470 	2494
f 1657 	2106 	2104
f 1657 	2104 	1656
f 2499 	1470 	2497
f 1658 	2109 	2106
f 1658 	2106 	1657
f 2502 	1470 	2499
f 2492 	1470 	2490
f 2392 	2933 	2387
f 2109 	1658 	2111
f 1659 	2111 	1658
f 2503 	155 	2500
f 2504 	1470 	2502
f 2933 	2392 	2943
f 2397 	2943 	2392
f 2111 	1659 	2113
f 1660 	2113 	1659
f 155 	2503 	2507
f 2397 	2401 	2943
f 2506 	1470 	2504
f 2113 	1660 	2115
f 1661 	2115 	1660
f 3150 	3050 	1470
f 2959 	2401 	2407
f 490 	3140 	1470
f 2509 	2510 	2371
f 2509 	2371 	2370
f 2115 	1661 	2121
f 1663 	2121 	1661
f 2513 	2376 	2512
f 2376 	2375 	2512
f 1662 	2122 	1663
f 2121 	1663 	2122
f 2512 	2375 	2510
f 2371 	2510 	2375
f 2509 	2370 	2513
f 2376 	2513 	2370
f 2511 	2516 	159
f 2415 	3001 	2411
f 159 	2516 	2517
f 2116 	2114 	1933
f 3001 	2415 	2418
f 3001 	2418 	3015
f 4990 	4991 	5015
f 5014 	5015 	4991
f 2517 	2526 	162
f 294 	2371 	1376
f 3015 	2418 	2423
f 4992 	4993 	5013
f 5011 	5012 	4994
f 2520 	2519 	2527
f 2520 	2527 	2528
f 2370 	297 	2376
f 162 	2526 	2530
f 2529 	2234 	2525
f 2521 	2439 	2532
f 2553 	2554 	2443
f 2531 	2532 	2439
f 2016 	2013 	318
f 2530 	2534 	164
f 2533 	2234 	2529
f 2528 	2527 	2535
f 2528 	2535 	2536
f 319 	318 	1933
f 2753 	2426 	2316
f 2552 	2553 	2443
f 2443 	2444 	2552
f 2550 	2552 	2444
f 2425 	2424 	2571
f 164 	2534 	2457
f 2536 	2535 	2541
f 2536 	2541 	2542
f 2250 	2543 	2545
f 2236 	2546 	2539
f 2542 	2541 	2549
f 2542 	2549 	2551
f 2540 	2512 	2544
f 2539 	2103 	2737
f 2546 	2103 	2539
f 2424 	2570 	2571
f 2442 	2443 	2554
f 2555 	2556 	2442
f 2554 	2555 	2442
f 2441 	2442 	2556
f 2556 	2557 	2441
f 2557 	2558 	2441
f 2440 	2441 	2558
f 2559 	2440 	2558
f 2561 	2440 	2559
f 2563 	2440 	2561
f 2531 	2439 	2563
f 2551 	2549 	2565
f 2551 	2565 	2567
f 2566 	2546 	2236
f 170 	2596 	171
f 2566 	2103 	2546
f 2567 	2565 	2571
f 2567 	2571 	2570
f 2568 	2574 	2258
f 2412 	2258 	2574
f 2573 	2103 	2566
f 6472 	6451 	6465
f 2588 	2412 	2574
f 172 	2583 	2575
f 172 	2575 	173
f 2584 	2585 	2578
f 2584 	2578 	2577
f 2580 	2576 	2510
f 2572 	2510 	2576
f 2412 	2588 	2589
f 2583 	172 	2590
f 171 	2590 	172
f 2579 	2581 	6463
f 6463 	2617 	2579
f 2622 	2579 	2617
f 2591 	2592 	2585
f 2591 	2585 	2584
f 2586 	2103 	2573
f 2594 	2595 	2589
f 2594 	2589 	2588
f 2596 	2590 	171
f 2597 	2600 	2592
f 2597 	2592 	2591
f 2601 	2602 	2595
f 2601 	2595 	2594
f 2605 	3082 	2604
f 2604 	3082 	2603
f 2606 	2607 	2602
f 2606 	2602 	2601
f 2608 	2609 	2600
f 2608 	2600 	2597
f 2599 	2103 	2586
f 2687 	2688 	3082
f 2593 	2510 	2598
f 2610 	2611 	2607
f 2610 	2607 	2606
f 2612 	2613 	2609
f 2612 	2609 	2608
f 2255 	2614 	2599
f 2616 	2618 	2613
f 2616 	2613 	2612
f 184 	2639 	186
f 2617 	2620 	2622
f 2624 	2614 	2255
f 2623 	2625 	2618
f 2623 	2618 	2616
f 186 	2649 	188
f 2615 	2510 	2621
f 2627 	2628 	2625
f 2627 	2625 	2623
f 2262 	2632 	2624
f 2635 	2637 	2628
f 2635 	2628 	2627
f 2633 	2678 	2631
f 2634 	2676 	2633
f 2678 	2679 	2631
f 2636 	2674 	2634
f 2671 	2672 	2656
f 2630 	2680 	2617
f 2175 	1712 	2178
f 2172 	1708 	2175
f 2640 	2641 	2637
f 2640 	2637 	2635
f 2643 	2632 	2262
f 2644 	2645 	2641
f 2644 	2641 	2640
f 2208 	2211 	2153
f 2204 	2208 	2153
f 2205 	2204 	2153
f 2647 	186 	2639
f 2645 	2644 	2410
f 2409 	2410 	2644
f 186 	2647 	2649
f 2646 	2642 	2509
f 2638 	2509 	2642
f 2214 	2153 	2211
f 2668 	2306 	2305
f 2643 	257 	2632
f 2652 	2913 	257
f 483 	2662 	2664
f 2670 	2671 	2657
f 2656 	2657 	2671
f 2657 	2658 	2670
f 2653 	2670 	2658
f 2658 	2659 	2653
f 2651 	2653 	2659
f 2659 	2660 	2651
f 2650 	2651 	2660
f 2650 	2660 	2661
f 2663 	3214 	2661
f 3173 	3214 	2663
f 2648 	2646 	2509
f 2153 	2214 	2216
f 170 	200 	2830
f 2655 	2648 	2509
f 2667 	2668 	2305
f 2666 	2665 	2509
f 2665 	2655 	2509
f 199 	2830 	200
f 2933 	257 	2922
f 2913 	2922 	257
f 2675 	2677 	2668
f 2675 	2668 	2667
f 2222 	2225 	2153
f 2216 	2222 	2153
f 2654 	2656 	2672
f 2673 	2654 	2672
f 2674 	2636 	2673
f 2676 	2634 	2674
f 2631 	2679 	2630
f 2680 	2630 	2679
f 2619 	2617 	2680
f 2620 	2617 	2619
f 2678 	2633 	2676
f 2654 	2673 	2636
f 2669 	2666 	2509
f 2225 	2228 	2153
f 2228 	2231 	2153
f 2677 	2675 	2682
f 2677 	2682 	2683
f 2231 	2234 	2153
f 2234 	2238 	2153
f 3387 	3388 	3082
f 2688 	3387 	3082
f 2683 	2682 	2690
f 2683 	2690 	2691
f 2685 	2513 	2684
f 2242 	3933 	2238
f 2245 	3933 	2242
f 196 	2857 	197
f 2691 	2690 	2695
f 2691 	2695 	2697
f 2692 	2081 	2681
f 2696 	2445 	2694
f 2445 	2459 	2694
f 2697 	2695 	2698
f 2697 	2698 	2700
f 195 	2857 	196
f 2699 	2692 	2281
f 2700 	2698 	2703
f 2700 	2703 	2704
f 2431 	1564 	2432
f 2699 	2081 	2692
f 2669 	2509 	2701
f 2701 	2509 	2702
f 2704 	2703 	2705
f 2704 	2705 	2706
f 2707 	2699 	2281
f 1246 	1070 	1251
f 2706 	2705 	2709
f 2706 	2709 	2710
f 2707 	2713 	2081
f 541 	2192 	2432
f 541 	2432 	1564
f 192 	2882 	193
f 2710 	2709 	2712
f 2710 	2712 	2714
f 2713 	2707 	2287
f 2433 	2431 	2432
f 191 	2882 	192
f 2103 	2081 	2713
f 2708 	2512 	2711
f 2664 	2662 	2719
f 2717 	2719 	2662
f 2718 	2713 	2287
f 2589 	3933 	2412
f 2721 	2722 	2719
f 2721 	2719 	2717
f 189 	2904 	190
f 2724 	2726 	2722
f 2724 	2722 	2721
f 2725 	2512 	2540
f 2723 	2512 	2725
f 2720 	2512 	2723
f 2250 	3933 	2245
f 2254 	3933 	2250
f 2258 	3933 	2254
f 2412 	3933 	2258
f 2153 	2238 	3933
f 1664 	2129 	1662
f 207 	2972 	208
f 2602 	3933 	2595
f 2607 	2611 	3835
f 2122 	1662 	2129
f 940 	3835 	2611
f 1666 	2135 	1667
f 2133 	1667 	2135
f 2731 	2728 	2301
f 206 	2981 	207
f 2129 	1664 	2133
f 1667 	2133 	1664
f 6728 	6730 	938
f 2135 	1666 	2140
f 1710 	2140 	1666
f 2972 	216 	208
f 2734 	2731 	2301
f 1709 	2141 	1710
f 2140 	1710 	2141
f 2981 	206 	205
f 1713 	2143 	1714
f 2142 	1714 	2143
f 2732 	2513 	2733
f 2141 	1709 	2142
f 1714 	2142 	1709
f 2735 	2733 	2513
f 2736 	2513 	2738
f 2739 	2738 	2513
f 2741 	2740 	2743
f 2741 	2743 	2744
f 2745 	2747 	2810
f 2744 	2743 	4962
f 2734 	2103 	2731
f 2749 	2751 	2747
f 2749 	2747 	2745
f 2752 	2750 	2755
f 2752 	2755 	2757
f 2756 	2758 	2751
f 2756 	2751 	2749
f 2757 	2755 	2759
f 2757 	2759 	2760
f 2512 	2754 	2748
f 2761 	2762 	2758
f 2761 	2758 	2756
f 541 	2194 	2192
f 2760 	2759 	2763
f 2760 	2763 	2764
f 2762 	2761 	2766
f 2762 	2766 	2767
f 2740 	2741 	2763
f 2764 	2763 	2741
f 2732 	2730 	2513
f 2736 	2735 	2513
f 2729 	2513 	2730
f 2513 	2729 	2689
f 2513 	2689 	2684
f 2702 	2509 	2685
f 2767 	2766 	2768
f 2767 	2768 	2769
f 2770 	2765 	2327
f 2769 	2768 	2771
f 2769 	2771 	2772
f 2763 	6761 	2740
f 2759 	6761 	2763
f 2716 	2715 	2512
f 2715 	2711 	2512
f 2512 	2708 	2754
f 2512 	2748 	2746
f 2742 	2513 	2746
f 2512 	2746 	2513
f 2739 	2513 	2742
f 2081 	231 	2770
f 2143 	1713 	2164
f 1717 	2164 	1713
f 2772 	2771 	2775
f 2772 	2775 	2776
f 2777 	2770 	2327
f 2164 	1717 	2174
f 2776 	2775 	2884
f 2510 	2593 	2587
f 2587 	2580 	2510
f 2572 	2569 	2510
f 2510 	2569 	2564
f 2564 	2562 	2510
f 2510 	2562 	2547
f 2547 	2544 	2510
f 2510 	2544 	2512
f 2720 	2716 	2512
f 2778 	2779 	6529
f 2724 	2780 	2726
f 2782 	2726 	2780
f 2781 	2777 	2331
f 1721 	1630 	2168
f 2079 	2168 	1630
f 2783 	2784 	2779
f 2783 	2779 	2778
f 2785 	384 	2782
f 2785 	2782 	2780
f 2786 	2787 	2784
f 2786 	2784 	2783
f 1717 	1726 	2174
f 2788 	2789 	384
f 2788 	384 	2785
f 2790 	2781 	2331
f 2791 	2792 	2787
f 2791 	2787 	2786
f 220 	2935 	221
f 2793 	2794 	2789
f 2793 	2789 	2788
f 2795 	2796 	2792
f 2795 	2792 	2791
f 2935 	220 	219
f 2809 	2801 	2808
f 4959 	452 	2801
f 2798 	2799 	2796
f 2798 	2796 	2795
f 2800 	2790 	2336
f 218 	2950 	219
f 2811 	2081 	2800
f 2802 	2803 	2804
f 2802 	2804 	2805
f 2806 	2807 	2799
f 2806 	2799 	2798
f 2950 	218 	2958
f 217 	2958 	218
f 2811 	2800 	2336
f 2797 	2808 	2801
f 2810 	2812 	2803
f 2810 	2803 	2802
f 2810 	2747 	2812
f 2807 	2806 	2816
f 2815 	2816 	2806
f 2813 	2814 	2819
f 2818 	2819 	2814
f 2820 	2821 	2714
f 2820 	2714 	2712
f 2822 	2823 	2816
f 2822 	2816 	2815
f 2790 	2800 	2081
f 2817 	2081 	2811
f 2824 	2827 	2821
f 2824 	2821 	2820
f 2825 	2828 	2823
f 2825 	2823 	2822
f 2829 	2817 	2350
f 2596 	170 	2830
f 2831 	2833 	2827
f 2831 	2827 	2824
f 2832 	2834 	2828
f 2832 	2828 	2825
f 2826 	2835 	2836
f 199 	2837 	2830
f 2805 	2804 	2833
f 2805 	2833 	2831
f 2838 	2839 	2834
f 2838 	2834 	2832
f 2350 	2681 	2829
f 2794 	2793 	2842
f 2840 	2842 	2793
f 2841 	2843 	2839
f 2841 	2839 	2838
f 198 	2844 	2837
f 198 	2837 	199
f 2845 	2847 	2842
f 2845 	2842 	2840
f 2846 	2848 	2843
f 2846 	2843 	2841
f 2817 	2829 	2081
f 2681 	2081 	2829
f 2844 	198 	2849
f 197 	2849 	198
f 2851 	2853 	2847
f 2851 	2847 	2845
f 2852 	2854 	2848
f 2852 	2848 	2846
f 2855 	2856 	2361
f 2857 	2849 	197
f 2858 	2860 	2853
f 2858 	2853 	2851
f 2859 	2861 	2854
f 2859 	2854 	2852
f 2862 	2863 	2860
f 2862 	2860 	2858
f 2864 	2865 	2861
f 2864 	2861 	2859
f 195 	2866 	2857
f 2363 	2867 	2855
f 2868 	2869 	2863
f 2868 	2863 	2862
f 2870 	2871 	2865
f 2870 	2865 	2864
f 194 	2872 	2866
f 194 	2866 	195
f 2873 	2874 	2869
f 2873 	2869 	2868
f 2875 	2867 	2363
f 2872 	194 	2877
f 193 	2877 	194
f 2882 	2877 	193
f 2884 	2775 	2883
f 2880 	2879 	2887
f 2880 	2887 	2888
f 2878 	2154 	2881
f 2881 	4983 	2886
f 4981 	6446 	2886
f 2884 	2883 	2890
f 2884 	2890 	2892
f 191 	2889 	2882
f 2888 	2887 	2891
f 2888 	2891 	2893
f 2885 	231 	2875
f 2892 	2890 	2895
f 2892 	2895 	2896
f 2893 	2891 	2897
f 2893 	2897 	2898
f 2876 	1586 	2878
f 190 	2899 	2889
f 190 	2889 	191
f 2896 	2895 	2900
f 2896 	2900 	2902
f 2901 	2903 	2898
f 2901 	2898 	2897
f 2902 	2900 	2905
f 2902 	2905 	2906
f 2904 	2899 	190
f 2907 	2908 	2903
f 2907 	2903 	2901
f 2885 	2988 	231
f 2906 	2905 	2909
f 2906 	2909 	2910
f 2911 	2912 	2908
f 2911 	2908 	2907
f 2519 	2520 	2909
f 2910 	2909 	2520
f 2385 	2913 	2652
f 2914 	2915 	2912
f 2914 	2912 	2911
f 189 	223 	2904
f 2916 	2904 	223
f 2826 	1621 	2876
f 2894 	2917 	3116
f 2919 	2921 	2915
f 2919 	2915 	2914
f 2894 	1564 	2917
f 69 	1618 	5714
f 2387 	2922 	2913
f 2387 	2913 	2385
f 222 	2923 	2916
f 222 	2916 	223
f 2920 	2918 	2926
f 2920 	2926 	2927
f 2924 	2925 	2921
f 2924 	2921 	2919
f 2928 	2951 	2850
f 2923 	222 	2930
f 221 	2930 	222
f 2929 	2931 	2925
f 2929 	2925 	2924
f 6693 	2928 	2850
f 2933 	2922 	2387
f 2927 	2926 	2932
f 2927 	2932 	2934
f 2935 	2930 	221
f 2929 	3168 	2931
f 2934 	2932 	2937
f 2934 	2937 	2939
f 2878 	2938 	2936
f 2878 	2936 	2876
f 219 	2940 	2935
f 2881 	2945 	2938
f 2881 	2938 	2878
f 2942 	2941 	2946
f 2942 	2946 	2948
f 2939 	2937 	2947
f 2939 	2947 	2949
f 2950 	2940 	219
f 2886 	2951 	2945
f 2886 	2945 	2881
f 2948 	2946 	2953
f 2948 	2953 	2954
f 2949 	2947 	2955
f 2949 	2955 	2956
f 2957 	3050 	2952
f 2850 	2951 	2886
f 2954 	2953 	2960
f 2954 	2960 	2961
f 2835 	2826 	2936
f 2876 	2936 	2826
f 2956 	2955 	2962
f 2956 	2962 	2963
f 2475 	3050 	2957
f 2959 	2970 	257
f 2961 	2960 	2964
f 2961 	2964 	2965
f 2958 	217 	216
f 2963 	2962 	2966
f 2963 	2966 	2967
f 2944 	2952 	3050
f 2965 	2964 	2968
f 2965 	2968 	2969
f 2938 	1564 	2936
f 2407 	2970 	2959
f 207 	2971 	2972
f 2967 	2966 	2973
f 2967 	2973 	2974
f 2969 	2968 	2975
f 2969 	2975 	2976
f 2936 	1564 	2835
f 2970 	2856 	257
f 2974 	2973 	2977
f 2974 	2977 	2979
f 2976 	2975 	2978
f 2976 	2978 	2980
f 2477 	3050 	2476
f 2476 	3050 	2475
f 2928 	1564 	2951
f 2407 	2361 	2970
f 2856 	2970 	2361
f 2981 	2971 	207
f 2979 	2977 	2982
f 2979 	2982 	2983
f 2980 	2978 	3054
f 2855 	231 	2856
f 2945 	1564 	2938
f 2951 	1564 	2945
f 2986 	3046 	2984
f 2983 	2982 	2985
f 2983 	2985 	2987
f 2411 	2988 	2885
f 2986 	2984 	2991
f 2986 	2991 	2992
f 2987 	2985 	2994
f 2987 	2994 	2996
f 205 	2993 	2981
f 3002 	3007 	3045
f 2992 	2991 	2999
f 2992 	2999 	3000
f 2797 	2995 	2998
f 2808 	2998 	4066
f 2797 	2998 	2808
f 3007 	3016 	3039
f 3001 	2988 	2411
f 2996 	2994 	2577
f 2996 	2577 	2578
f 3000 	2999 	3003
f 3000 	3003 	3004
f 3036 	3039 	3016
f 3006 	6713 	3005
f 2813 	2819 	6713
f 3005 	6713 	2819
f 3004 	3003 	3010
f 3004 	3010 	3011
f 2874 	2873 	3009
f 3008 	3009 	2873
f 204 	3012 	2993
f 204 	2993 	205
f 2990 	3048 	2989
f 3050 	3036 	3016
f 3011 	3010 	3018
f 3011 	3018 	3020
f 3017 	3019 	3009
f 3017 	3009 	3008
f 3020 	3018 	3023
f 3020 	3023 	3025
f 3022 	3024 	3019
f 3022 	3019 	3017
f 3027 	3015 	2423
f 3012 	204 	3028
f 202 	3028 	204
f 3013 	3034 	2995
f 2941 	2942 	3023
f 3025 	3023 	2942
f 3031 	3050 	3026
f 3029 	3030 	3024
f 3029 	3024 	3022
f 3001 	231 	2988
f 3027 	231 	3015
f 3036 	3050 	3031
f 3035 	3037 	3030
f 3035 	3030 	3029
f 3039 	3045 	3007
f 3038 	3027 	2423
f 3038 	2423 	2426
f 3033 	3032 	3040
f 3033 	3040 	3041
f 2801 	3042 	2797
f 3037 	3035 	3043
f 3037 	3043 	3044
f 2997 	3002 	3045
f 3041 	3040 	3046
f 3041 	3046 	3047
f 2753 	231 	3038
f 3048 	2997 	3045
f 3021 	3026 	3050
f 3044 	3043 	3049
f 3044 	3049 	3051
f 3052 	2958 	216
f 3047 	3046 	2986
f 2426 	2753 	3038
f 3051 	3049 	2920
f 2918 	2920 	3049
f 3054 	2978 	3053
f 3052 	216 	2972
f 3014 	2989 	3048
f 2990 	2997 	3048
f 2944 	3050 	3016
f 2879 	2880 	3053
f 3054 	3053 	2880
f 3057 	3056 	3060
f 3057 	3060 	3061
f 2871 	2870 	3059
f 3058 	3059 	2870
f 3071 	2814 	3062
f 2813 	3062 	2814
f 2489 	1470 	2487
f 2486 	1470 	2484
f 3061 	3060 	3063
f 3061 	3063 	3065
f 2933 	2943 	257
f 2943 	2959 	257
f 257 	2856 	231
f 231 	2855 	2867
f 2875 	231 	2867
f 3001 	3015 	231
f 3064 	3066 	3059
f 3064 	3059 	3058
f 3065 	3063 	3067
f 3065 	3067 	3069
f 3068 	3070 	3042
f 2801 	3068 	3042
f 3062 	3042 	3070
f 3071 	3062 	3070
f 2513 	2685 	2509
f 2638 	2629 	2509
f 2629 	2626 	2509
f 2510 	2509 	2626
f 2626 	2621 	2510
f 2615 	2598 	2510
f 2894 	490 	1271
f 3074 	3076 	3066
f 3074 	3066 	3064
f 3075 	3078 	3072
f 3069 	3067 	3077
f 3069 	3077 	3079
f 3085 	3456 	2894
f 1267 	1271 	490
f 3080 	3081 	3087
f 3083 	3084 	3076
f 3083 	3076 	3074
f 3027 	3038 	231
f 2753 	2765 	231
f 2777 	2081 	2770
f 2781 	2081 	2777
f 2781 	2790 	2081
f 2765 	2770 	231
f 226 	3103 	229
f 3087 	3081 	3086
f 3079 	3077 	3088
f 3079 	3088 	3089
f 3090 	3091 	3084
f 3090 	3084 	3083
f 3122 	230 	229
f 3089 	3088 	3092
f 3089 	3092 	3093
f 3096 	3097 	3091
f 3096 	3091 	3090
f 230 	3122 	6007
f 3099 	3100 	3093
f 3099 	3093 	3092
f 2699 	2707 	2081
f 2713 	2718 	2103
f 2103 	2718 	2727
f 2727 	2728 	2103
f 2103 	2728 	2731
f 2103 	2734 	2737
f 3101 	3102 	3097
f 3101 	3097 	3096
f 3104 	3105 	3100
f 3104 	3100 	3099
f 2894 	3116 	3085
f 3072 	3073 	3075
f 3098 	3107 	3073
f 3095 	3075 	3094
f 3073 	3081 	3075
f 3107 	3086 	3073
f 3081 	3073 	3086
f 3094 	3075 	3081
f 3106 	3108 	3102
f 3106 	3102 	3101
f 6702 	3082 	3109
f 3110 	3112 	3105
f 3110 	3105 	3104
f 1582 	3113 	1584
f 3114 	3115 	3108
f 3114 	3108 	3106
f 3085 	3116 	3109
f 3085 	3109 	3082
f 2103 	2599 	257
f 2614 	2624 	257
f 2614 	257 	2599
f 2624 	2632 	257
f 2643 	2652 	257
f 3103 	3111 	229
f 3072 	3078 	3113
f 3117 	3118 	3112
f 3117 	3112 	3110
f 1584 	3113 	3119
f 3119 	3113 	3078
f 3120 	3121 	3115
f 3120 	3115 	3114
f 2139 	2103 	257
f 2139 	257 	282
f 229 	3111 	3122
f 3113 	1582 	3123
f 3124 	3113 	3123
f 2836 	2835 	1564
f 3113 	3124 	3073
f 3113 	3073 	3072
f 3125 	3126 	3121
f 3125 	3121 	3120
f 3075 	3127 	3119
f 3075 	3119 	3078
f 3128 	3129 	3131
f 3128 	3131 	3132
f 3123 	3098 	3124
f 3073 	3124 	3098
f 3130 	3133 	3126
f 3130 	3126 	3125
f 1564 	3116 	2917
f 3095 	3134 	3127
f 3095 	3127 	3075
f 3132 	3131 	3135
f 3132 	3135 	3138
f 3137 	3139 	3133
f 3137 	3133 	3130
f 3138 	3135 	3141
f 3138 	3141 	3142
f 3087 	3136 	3080
f 3143 	1470 	3140
f 281 	3169 	283
f 3144 	3145 	3139
f 3144 	3139 	3137
f 3142 	3141 	3148
f 3142 	3148 	3149
f 3136 	3146 	3147
f 3087 	3086 	3146
f 3087 	3146 	3136
f 143 	1509 	1980
f 3149 	3148 	3151
f 3149 	3151 	3153
f 3154 	3081 	3152
f 3081 	3080 	3152
f 3107 	3147 	3146
f 3107 	3146 	3086
f 3145 	3144 	3156
f 3155 	3156 	3144
f 3021 	3050 	3150
f 3153 	3151 	3157
f 3153 	3157 	3158
f 287 	3192 	289
f 3081 	3154 	3159
f 3081 	3159 	3094
f 3160 	3161 	3156
f 3160 	3156 	3155
f 3150 	1470 	3143
f 3158 	3157 	3162
f 3158 	3162 	3163
f 3163 	3162 	3164
f 3163 	3164 	3166
f 3167 	3168 	2929
f 3161 	3160 	3172
f 3171 	3172 	3160
f 3166 	3164 	3284
f 3129 	3128 	3057
f 3056 	3057 	3128
f 3183 	283 	3169
f 3109 	3116 	1564
f 6702 	3109 	1564
f 3176 	3177 	3175
f 3174 	3175 	3177
f 3173 	3174 	3177
f 3173 	3177 	3178
f 3173 	3178 	3180
f 3173 	3180 	3182
f 3173 	3182 	3184
f 3185 	3186 	3168
f 3185 	3168 	3167
f 3118 	3117 	3188
f 3187 	3188 	3117
f 283 	3183 	287
f 3189 	287 	3183
f 3209 	3172 	3171
f 3190 	3191 	3188
f 3190 	3188 	3187
f 287 	3189 	3192
f 427 	2192 	2191
f 3193 	3194 	3186
f 3193 	3186 	3185
f 1582 	1615 	3123
f 6713 	2433 	507
f 2432 	507 	2433
f 3195 	3196 	3191
f 3195 	3191 	3190
f 3201 	3202 	3194
f 3201 	3194 	3193
f 2192 	501 	2432
f 427 	501 	2192
f 3200 	3203 	3196
f 3200 	3196 	3195
f 289 	3192 	343
f 3172 	3209 	3210
f 3173 	3184 	3197
f 3173 	3197 	3198
f 3173 	3198 	3199
f 3173 	3199 	3204
f 3173 	3204 	3205
f 3173 	3205 	3206
f 3173 	3206 	3207
f 3173 	3207 	3208
f 3173 	3208 	3211
f 3173 	3211 	3212
f 3173 	3212 	3214
f 2650 	2661 	3214
f 3213 	3215 	3203
f 3213 	3203 	3200
f 3210 	3209 	3202
f 3210 	3202 	3201
f 3103 	226 	3364
f 363 	3364 	226
f 3216 	3218 	3215
f 3216 	3215 	3213
f 202 	312 	3028
f 3299 	3028 	312
f 3227 	3222 	3223
f 3220 	3221 	3218
f 3220 	3218 	3216
f 3222 	631 	3223
f 311 	3299 	312
f 3224 	3226 	3221
f 3224 	3221 	3220
f 3222 	3227 	3228
f 3230 	3231 	3226
f 3230 	3226 	3224
f 3228 	3227 	3232
f 3228 	3232 	3233
f 3234 	3278 	3229
f 3219 	3278 	3217
f 3235 	3236 	3231
f 3235 	3231 	3230
f 309 	3305 	310
f 3225 	3278 	3219
f 3233 	3232 	3238
f 3233 	3238 	3239
f 3240 	3241 	3236
f 3240 	3236 	3235
f 3229 	3278 	3225
f 308 	3305 	309
f 3239 	3238 	3243
f 3239 	3243 	3244
f 3245 	3246 	3241
f 3245 	3241 	3240
f 3244 	3243 	3248
f 3244 	3248 	3249
f 3250 	3251 	3246
f 3250 	3246 	3245
f 3252 	490 	3247
f 3249 	3248 	3253
f 3249 	3253 	3254
f 3254 	3253 	3256
f 3254 	3256 	3257
f 3257 	3256 	3259
f 3257 	3259 	3261
f 3251 	3250 	3260
f 3258 	3260 	3250
f 3255 	490 	3252
f 3247 	490 	3242
f 3261 	3259 	3262
f 3261 	3262 	3264
f 1016 	1015 	4022
f 3263 	3265 	3260
f 3263 	3260 	3258
f 3264 	3262 	3268
f 3264 	3268 	3269
f 3271 	3277 	3278
f 3270 	3272 	3265
f 3270 	3265 	3263
f 3147 	3123 	1615
f 3269 	3268 	3273
f 3269 	3273 	3274
f 3275 	3276 	3272
f 3275 	3272 	3270
f 3123 	3147 	3107
f 3274 	3273 	4282
f 3279 	3280 	3276
f 3279 	3276 	3275
f 3281 	3282 	3280
f 3281 	3280 	3279
f 3281 	126 	3282
f 3266 	3267 	3283
f 3278 	3283 	3267
f 3267 	3271 	3278
f 3277 	3217 	3278
f 3278 	3234 	3237
f 45 	3284 	3164
f 325 	3323 	326
f 2898 	2903 	6526
f 2786 	2783 	2908
f 2908 	2912 	2786
f 2888 	2893 	6521
f 6521 	6518 	2888
f 2880 	2888 	6518
f 6518 	6515 	2880
f 3054 	2880 	6515
f 6515 	6511 	3054
f 3170 	3179 	144
f 3181 	144 	3179
f 43 	3286 	3284
f 43 	3284 	45
f 3098 	3123 	3107
f 3287 	490 	3285
f 324 	3323 	325
f 42 	3289 	3286
f 42 	3286 	43
f 3290 	490 	3287
f 3285 	490 	3255
f 323 	3328 	324
f 3291 	490 	3290
f 41 	3292 	3289
f 41 	3289 	42
f 3328 	323 	322
f 3294 	490 	3291
f 1251 	1264 	560
f 40 	3295 	3292
f 40 	3292 	41
f 321 	3335 	322
f 2806 	2798 	2915
f 2815 	2806 	2915
f 2798 	2795 	2915
f 2912 	2915 	2795
f 2795 	2791 	2912
f 2791 	2786 	2912
f 2825 	2822 	2921
f 2846 	2841 	2925
f 2841 	2838 	2925
f 2921 	2925 	2838
f 39 	3297 	3295
f 39 	3295 	40
f 338 	3335 	321
f 2822 	2815 	2915
f 37 	3298 	3297
f 37 	3297 	39
f 2915 	2921 	2822
f 1251 	560 	1062
f 36 	3300 	3298
f 36 	3298 	37
f 2832 	2825 	2921
f 311 	3301 	3299
f 34 	3302 	3300
f 34 	3300 	36
f 2925 	2931 	2864
f 2838 	2832 	2921
f 3301 	311 	3303
f 310 	3303 	311
f 33 	3304 	3302
f 33 	3302 	34
f 2870 	2864 	2931
f 3305 	3303 	310
f 3058 	2870 	2931
f 32 	3306 	3304
f 32 	3304 	33
f 3159 	3134 	3095
f 3159 	3095 	3094
f 308 	3307 	3305
f 1584 	3119 	3308
f 520 	3308 	3119
f 30 	3309 	3306
f 30 	3306 	32
f 3096 	3090 	3168
f 3101 	3096 	3168
f 3134 	520 	3119
f 3127 	3134 	3119
f 307 	3310 	3307
f 307 	3307 	308
f 20 	3311 	3309
f 20 	3309 	30
f 520 	3134 	519
f 3152 	519 	3159
f 3152 	3159 	3154
f 4125 	1984 	1988
f 3159 	519 	3134
f 3106 	3101 	3168
f 3310 	307 	3312
f 306 	3312 	307
f 19 	3313 	3311
f 19 	3311 	20
f 1988 	1995 	4125
f 305 	3314 	3312
f 305 	3312 	306
f 3314 	305 	3316
f 304 	3316 	305
f 3319 	126 	3281
f 3011 	6507 	3004
f 2948 	6489 	2942
f 3318 	500 	3317
f 439 	3317 	500
f 3320 	129 	126
f 3320 	126 	3319
f 6524 	6521 	2893
f 2954 	6489 	2948
f 304 	326 	3316
f 3321 	3316 	326
f 4188 	4180 	2008
f 2893 	2898 	6524
f 6526 	6524 	2898
f 3322 	130 	129
f 3322 	129 	3320
f 3323 	3321 	326
f 3324 	131 	130
f 3324 	130 	3322
f 6529 	6526 	2903
f 324 	3325 	3323
f 1584 	3308 	557
f 3326 	133 	131
f 3326 	131 	3324
f 2778 	6529 	2903
f 3308 	2438 	557
f 3326 	250 	133
f 3328 	3325 	324
f 436 	2190 	2438
f 3308 	520 	2438
f 436 	2438 	520
f 3329 	3317 	452
f 439 	452 	3317
f 3333 	3313 	244
f 19 	244 	3313
f 3327 	3330 	3331
f 322 	3332 	3328
f 2903 	2908 	2778
f 3330 	3327 	3334
f 3315 	3334 	3327
f 3333 	244 	243
f 3333 	243 	3336
f 3335 	3332 	322
f 2022 	2032 	4281
f 4284 	4281 	2032
f 2992 	6503 	2986
f 3004 	6504 	3000
f 3336 	243 	242
f 3336 	242 	3338
f 3000 	6504 	2992
f 3337 	3329 	3339
f 452 	3339 	3329
f 3338 	242 	241
f 3338 	241 	3340
f 4284 	2032 	2034
f 3679 	701 	2649
f 3337 	3318 	3317
f 3337 	3317 	3329
f 3020 	6482 	3011
f 3340 	241 	240
f 3340 	240 	3341
f 188 	2649 	701
f 3025 	6482 	3020
f 3341 	240 	239
f 3341 	239 	3342
f 3335 	338 	3343
f 457 	3152 	3080
f 2942 	6484 	3025
f 3342 	239 	238
f 3342 	238 	3344
f 1615 	3080 	3136
f 337 	3345 	3343
f 337 	3343 	338
f 4302 	2036 	2037
f 3344 	238 	1031
f 336 	3346 	3345
f 336 	3345 	337
f 3347 	250 	3326
f 6503 	6829 	2986
f 3047 	2986 	6829
f 334 	3348 	3346
f 334 	3346 	336
f 3349 	252 	250
f 3349 	250 	3347
f 333 	3350 	3348
f 333 	3348 	334
f 3351 	256 	252
f 3351 	252 	3349
f 2783 	2778 	2908
f 457 	455 	3152
f 332 	3352 	3350
f 332 	3350 	333
f 3353 	377 	256
f 3353 	256 	3351
f 519 	3152 	455
f 332 	3684 	3352
f 1042 	377 	3353
f 347 	3356 	3354
f 347 	3354 	348
f 3327 	3331 	451
f 2062 	4331 	2059
f 346 	3357 	3356
f 346 	3356 	347
f 3375 	429 	3358
f 428 	3358 	429
f 3114 	3106 	3168
f 3168 	3186 	3120
f 3114 	3168 	3120
f 2931 	3168 	3090
f 3090 	3083 	2931
f 3083 	3074 	2931
f 3074 	3064 	2931
f 2859 	2852 	2925
f 2864 	2859 	2925
f 2852 	2846 	2925
f 345 	3359 	3357
f 345 	3357 	346
f 344 	3360 	3359
f 344 	3359 	345
f 451 	3315 	3327
f 3144 	3137 	3194
f 3137 	3130 	3186
f 3186 	3194 	3137
f 3064 	3058 	2931
f 3130 	3125 	3186
f 3125 	3120 	3186
f 343 	3361 	3360
f 343 	3360 	344
f 3160 	3155 	3202
f 3194 	3202 	3155
f 3155 	3144 	3194
f 343 	3192 	3361
f 3171 	3160 	3202
f 3209 	3171 	3202
f 353 	3362 	3363
f 353 	3363 	360
f 2071 	5076 	2070
f 360 	3363 	3364
f 360 	3364 	363
f 4 	2191 	3355
f 2194 	3355 	2191
f 3257 	3261 	6791
f 3080 	1615 	3315
f 3366 	3625 	459
f 3315 	451 	457
f 3315 	457 	3080
f 6517 	6514 	2167
f 6733 	3165 	3288
f 3365 	3288 	3165
f 434 	3371 	2434
f 434 	2434 	435
f 2167 	2235 	6517
f 3165 	6733 	3170
f 3170 	3293 	3179
f 3264 	1080 	3261
f 3293 	3181 	3179
f 3296 	490 	3294
f 6514 	6510 	2163
f 6683 	6682 	2160
f 3367 	490 	3296
f 2163 	2167 	6514
f 2253 	2257 	2283
f 2285 	2283 	2257
f 3368 	490 	3367
f 3237 	3242 	3278
f 3339 	6433 	3337
f 5 	6091 	2433
f 6091 	2431 	2433
f 2257 	2261 	2285
f 2288 	2285 	2261
f 473 	3530 	475
f 3369 	490 	3368
f 2261 	2264 	2288
f 3379 	3384 	3032
f 3370 	490 	3369
f 475 	3530 	480
f 2292 	2288 	2264
f 500 	3318 	3373
f 2437 	3374 	3358
f 3374 	3375 	3358
f 2264 	2266 	2292
f 3371 	3374 	2434
f 2437 	2434 	3374
f 3268 	3210 	3273
f 2295 	2292 	2266
f 3140 	490 	3376
f 3372 	3376 	490
f 2299 	2295 	2266
f 486 	3543 	489
f 2266 	2320 	2299
f 3382 	3383 	3381
f 3380 	3381 	3383
f 3383 	3384 	3380
f 3379 	3380 	3384
f 3385 	2999 	3384
f 6434 	3373 	3337
f 3318 	3337 	3373
f 3392 	303 	3386
f 3390 	3391 	3082
f 3389 	3390 	3082
f 3391 	3403 	3082
f 3442 	3082 	3441
f 489 	3543 	493
f 3393 	303 	3392
f 3378 	3386 	303
f 3414 	3330 	6437
f 3394 	3399 	303
f 3273 	3210 	3377
f 3396 	3397 	3210
f 3397 	3398 	3210
f 3398 	3401 	3210
f 3402 	3210 	3401
f 3377 	3210 	3402
f 3201 	3193 	3419
f 3404 	3082 	3403
f 3405 	3082 	3404
f 3406 	3082 	3405
f 3409 	3082 	3406
f 3410 	3082 	3409
f 3411 	3082 	3410
f 3412 	3082 	3411
f 3413 	3082 	3412
f 3416 	3082 	3413
f 504 	3555 	511
f 3331 	3330 	3414
f 3334 	6436 	3330
f 6436 	6437 	3330
f 3443 	3444 	565
f 511 	3555 	516
f 3210 	3201 	3419
f 3419 	3420 	3210
f 3420 	3421 	3210
f 3421 	3422 	3210
f 3422 	3423 	3210
f 3423 	3427 	3210
f 3427 	3428 	3210
f 1929 	1769 	3288
f 3561 	517 	516
f 2050 	2055 	2088
f 1928 	1929 	3288
f 3429 	3431 	3210
f 3431 	3432 	3210
f 3432 	3395 	3210
f 3395 	3396 	3210
f 517 	3561 	2511
f 517 	2511 	158
f 3426 	3460 	3425
f 3430 	3473 	3426
f 3433 	3473 	3430
f 3434 	3472 	3433
f 3435 	3470 	3434
f 3436 	3469 	3435
f 3470 	3435 	3469
f 3461 	3425 	3460
f 2507 	3566 	531
f 3415 	565 	3444
f 580 	3443 	565
f 531 	3566 	552
f 3570 	552 	3566
f 3438 	3082 	3437
f 3439 	3082 	3438
f 3440 	3082 	3439
f 3437 	3082 	3417
f 3441 	3082 	3440
f 3417 	3082 	3416
f 553 	552 	3570
f 4388 	2078 	2080
f 2249 	2253 	2279
f 2283 	2279 	2253
f 2279 	2275 	2249
f 2246 	2249 	2275
f 2275 	2274 	2246
f 2243 	2246 	2274
f 2274 	2272 	2243
f 2239 	2243 	2272
f 2272 	2270 	2239
f 2270 	2169 	2239
f 2235 	2239 	2169
f 2169 	6517 	2235
f 3577 	558 	553
f 3436 	3415 	3444
f 3436 	3444 	3445
f 3436 	3445 	3446
f 3436 	3446 	3447
f 3436 	3447 	3448
f 3436 	3448 	3449
f 3436 	3449 	3450
f 3436 	3450 	3451
f 3436 	3451 	3452
f 3436 	3452 	3453
f 3436 	3453 	3491
f 3491 	3492 	3436
f 3388 	3389 	3082
f 563 	558 	3577
f 3455 	69 	3454
f 3400 	3454 	69
f 3585 	564 	563
f 3458 	69 	3457
f 3459 	69 	3458
f 3455 	3457 	69
f 2368 	2364 	2314
f 601 	564 	3585
f 3278 	490 	3456
f 3372 	490 	3370
f 722 	1652 	728
f 715 	1652 	722
f 738 	728 	1652
f 1560 	1555 	1652
f 684 	1652 	697
f 1563 	1560 	1652
f 1565 	1563 	1652
f 675 	1652 	684
f 697 	1652 	702
f 3278 	3242 	490
f 4347 	4404 	2069
f 3463 	3464 	3462
f 3462 	3424 	3461
f 3424 	3462 	3464
f 3425 	3461 	3424
f 2686 	2687 	3082
f 2686 	3082 	2605
f 490 	2894 	3456
f 3456 	3085 	3442
f 1569 	1565 	1652
f 5103 	5099 	2095
f 490 	3315 	1614
f 3598 	623 	620
f 3466 	69 	3465
f 3459 	3465 	69
f 1267 	490 	1269
f 3467 	69 	3466
f 5103 	2095 	2100
f 625 	623 	3598
f 2357 	2355 	2311
f 2364 	2357 	2311
f 2355 	2352 	2325
f 2318 	2325 	2352
f 2352 	2348 	2318
f 2348 	2345 	2318
f 2345 	2341 	2318
f 2338 	2299 	2320
f 2320 	2318 	2341
f 2341 	2338 	2320
f 3468 	2440 	2439
f 2311 	2314 	2364
f 144 	1886 	3165
f 5118 	2102 	2105
f 630 	3608 	632
f 3170 	144 	3165
f 3472 	3434 	3471
f 3471 	3434 	3470
f 3473 	3433 	3472
f 3460 	3426 	3473
f 2108 	5122 	2105
f 3476 	3479 	3563
f 3476 	3563 	3474
f 3475 	2445 	2444
f 3475 	2444 	3478
f 3477 	3165 	1936
f 3481 	3365 	3477
f 3165 	3477 	3365
f 1913 	1936 	3165
f 651 	3608 	3613
f 632 	3608 	651
f 3478 	2444 	2443
f 3478 	2443 	3480
f 2325 	2311 	2355
f 2368 	2314 	2372
f 2377 	6819 	2380
f 2372 	6819 	2377
f 3479 	3512 	3563
f 651 	3613 	660
f 6441 	3481 	3477
f 3563 	69 	3474
f 2391 	2388 	6821
f 2395 	2391 	6821
f 2388 	2383 	6821
f 6819 	6821 	2383
f 2380 	6819 	2383
f 6821 	6822 	2395
f 663 	3616 	666
f 3365 	3481 	6430
f 3485 	1401 	3484
f 3483 	3484 	1401
f 3486 	1401 	3485
f 3487 	1401 	3486
f 3488 	1401 	3487
f 3489 	1401 	3488
f 666 	3616 	667
f 3490 	49 	6733
f 3288 	3490 	6733
f 6436 	5455 	3490
f 3494 	3495 	3436
f 3496 	3436 	3495
f 3497 	3436 	3496
f 3493 	3494 	3436
f 3492 	3493 	3436
f 3498 	3436 	3497
f 3499 	3436 	3498
f 3500 	3436 	3499
f 3501 	3436 	3500
f 3503 	3436 	3501
f 3469 	3436 	3503
f 3507 	3490 	3288
f 3506 	3508 	1401
f 3516 	1401 	3489
f 3508 	3509 	1401
f 3509 	3510 	1401
f 3510 	3511 	1401
f 3511 	3482 	1401
f 3482 	3483 	1401
f 3505 	3506 	1401
f 3504 	3505 	1401
f 3507 	6443 	3490
f 2419 	2416 	2536
f 2528 	2536 	2416
f 2416 	2413 	2528
f 2520 	2528 	2413
f 3512 	3513 	3563
f 2421 	2419 	2542
f 2536 	2542 	2419
f 3288 	6258 	3507
f 2542 	2551 	2421
f 3617 	3515 	465
f 3517 	1401 	3516
f 3521 	946 	1401
f 946 	945 	1401
f 945 	928 	1401
f 465 	3515 	3523
f 465 	3523 	473
f 2551 	2567 	2424
f 2424 	2421 	2551
f 2570 	2424 	2567
f 3528 	3549 	3526
f 3524 	6085 	6083
f 3524 	6083 	3522
f 3480 	2443 	2442
f 3480 	2442 	3529
f 473 	3523 	3530
f 3525 	3526 	3549
f 3529 	2442 	2441
f 3529 	2441 	3532
f 3530 	3533 	480
f 3532 	2441 	2440
f 3532 	2440 	3534
f 3534 	2440 	3468
f 3536 	482 	3533
f 480 	3533 	482
f 3537 	3539 	3556
f 2456 	3538 	2446
f 3623 	3556 	3539
f 482 	3536 	3540
f 482 	3540 	486
f 2005 	2008 	4180
f 2640 	2635 	2910
f 2906 	2910 	2635
f 2635 	2627 	2906
f 2627 	2623 	2906
f 2623 	2616 	2906
f 2616 	2612 	2906
f 2612 	2608 	2906
f 2608 	2597 	2906
f 2597 	2591 	2906
f 2591 	2584 	2906
f 2584 	2577 	2906
f 2577 	2994 	2906
f 2446 	3538 	3541
f 2446 	3541 	2447
f 3542 	3623 	3539
f 486 	3540 	3543
f 2447 	3541 	3544
f 2447 	3544 	2448
f 3535 	3537 	3556
f 6574 	6572 	2683
f 2016 	4203 	2013
f 2448 	3544 	3547
f 2448 	3547 	2449
f 3543 	3548 	493
f 3531 	3567 	3549
f 6576 	6574 	2697
f 2691 	2697 	6574
f 2683 	2691 	6574
f 2449 	3547 	3550
f 2449 	3550 	2450
f 3551 	496 	3548
f 493 	3548 	496
f 2662 	6576 	2700
f 2697 	2700 	6576
f 2450 	3550 	3552
f 2450 	3552 	2451
f 2016 	2022 	4281
f 706 	1652 	715
f 1555 	744 	1652
f 702 	1652 	706
f 744 	738 	1652
f 2451 	3552 	1461
f 496 	3551 	3553
f 496 	3553 	504
f 1595 	1652 	1597
f 3528 	3531 	3549
f 3623 	3542 	3545
f 3554 	2452 	3740
f 504 	3553 	3555
f 3557 	2453 	2452
f 3557 	2452 	3554
f 3558 	2456 	2453
f 3558 	2453 	3557
f 3555 	3559 	516
f 3513 	3514 	3563
f 3556 	3563 	3514
f 3514 	3535 	3556
f 3538 	2456 	3558
f 516 	3559 	3561
f 3563 	3560 	69
f 3467 	3474 	69
f 1624 	1817 	1626
f 1626 	1817 	1629
f 1622 	1813 	1624
f 1617 	1813 	1622
f 1629 	1817 	1632
f 1610 	1812 	1617
f 1597 	1652 	1599
f 1591 	1652 	1595
f 1576 	1652 	1591
f 1573 	1652 	1576
f 1599 	1812 	1610
f 3702 	3560 	3563
f 3560 	3742 	69
f 3564 	2460 	3565
f 1642 	675 	1638
f 3565 	2460 	3568
f 1644 	675 	1642
f 3569 	3546 	3567
f 1649 	675 	1644
f 4007 	2598 	2615
f 3571 	3572 	3546
f 4322 	2040 	2046
f 1652 	675 	1649
f 3572 	3575 	3546
f 3546 	3549 	3567
f 3570 	3574 	553
f 4322 	2046 	2056
f 3545 	3546 	3575
f 1817 	1624 	1813
f 3573 	2472 	3576
f 553 	3574 	3577
f 3578 	3545 	3575
f 3579 	3545 	3578
f 3576 	2472 	3580
f 3577 	3581 	563
f 3582 	3545 	3579
f 1569 	1652 	1573
f 3584 	3623 	3582
f 2063 	4337 	2062
f 563 	3581 	3585
f 3586 	3623 	3584
f 3569 	3571 	3546
f 1813 	1617 	1812
f 3585 	3588 	601
f 2077 	4337 	2063
f 3587 	2467 	3590
f 1812 	1599 	1652
f 3589 	3623 	3586
f 2068 	4346 	2069
f 3590 	2467 	3591
f 3592 	610 	3588
f 601 	3588 	610
f 3595 	620 	3592
f 610 	3592 	620
f 3596 	3623 	3593
f 3597 	3623 	3596
f 3599 	3623 	3597
f 3593 	3623 	3589
f 620 	3595 	3598
f 3598 	3601 	625
f 1859 	1884 	1850
f 1850 	1881 	1817
f 3603 	630 	3601
f 625 	3601 	630
f 4388 	2080 	4393
f 3605 	3623 	3599
f 1914 	1912 	1839
f 630 	3603 	3608
f 3612 	2575 	3648
f 3646 	3647 	2575
f 2639 	3646 	2575
f 3607 	3623 	3605
f 1870 	1890 	1859
f 1875 	1888 	1870
f 3594 	2462 	3562
f 2575 	2583 	2639
f 3562 	2462 	2461
f 3562 	2461 	3564
f 3613 	3614 	660
f 1846 	1903 	1847
f 1826 	1914 	1839
f 1825 	1914 	1826
f 1847 	1903 	1875
f 3564 	2461 	2460
f 3615 	663 	3614
f 660 	3614 	663
f 1995 	4132 	4125
f 4132 	1995 	4137
f 2002 	4137 	1995
f 2460 	2459 	3568
f 2700 	2704 	2662
f 2717 	2662 	2704
f 2005 	4180 	2002
f 663 	3615 	3616
f 2445 	3475 	2459
f 3568 	2459 	3475
f 3616 	3617 	667
f 3573 	4041 	2473
f 2704 	2706 	2717
f 465 	667 	3617
f 3573 	2473 	2472
f 2706 	2710 	2717
f 3607 	3610 	3623
f 3622 	3623 	3648
f 2472 	2471 	3580
f 2710 	2714 	2721
f 3618 	657 	3644
f 2714 	2821 	2724
f 2470 	3583 	2471
f 3580 	2471 	3583
f 676 	3625 	687
f 2780 	2724 	2821
f 3583 	2470 	2468
f 3583 	2468 	3587
f 459 	3625 	676
f 3587 	2468 	2467
f 2034 	4288 	4284
f 4555 	4556 	3642
f 1404 	4555 	3642
f 3629 	3630 	3627
f 3626 	3627 	3630
f 3626 	3630 	3631
f 3626 	3631 	3633
f 3626 	3633 	3635
f 3626 	3635 	3637
f 3626 	3637 	3639
f 3626 	3639 	3640
f 3621 	3622 	3648
f 3641 	3643 	3640
f 2467 	2466 	3591
f 2840 	2747 	2751
f 2035 	4296 	2034
f 3626 	3640 	3643
f 2758 	2845 	2751
f 3644 	657 	695
f 2465 	3594 	2466
f 3591 	2466 	3594
f 3527 	3624 	3638
f 3638 	3624 	3642
f 3502 	1401 	3642
f 2762 	2851 	2758
f 694 	3645 	3644
f 694 	3644 	695
f 3594 	2465 	2462
f 2767 	2769 	2858
f 2862 	2858 	2769
f 1401 	1402 	3642
f 3518 	1401 	3517
f 1402 	1404 	3642
f 693 	3649 	3645
f 693 	3645 	694
f 2475 	2957 	3600
f 3651 	3652 	3620
f 3650 	3651 	3620
f 3619 	3620 	3652
f 3648 	3650 	3620
f 3641 	3619 	3652
f 3643 	3641 	3652
f 3648 	3623 	3610
f 3620 	3621 	3648
f 692 	3653 	3649
f 692 	3649 	693
f 3602 	2476 	2475
f 3602 	2475 	3600
f 3049 	3043 	2896
f 691 	3654 	3653
f 691 	3653 	692
f 3604 	2477 	3602
f 2476 	3602 	2477
f 690 	3660 	3654
f 690 	3654 	691
f 3658 	3731 	3657
f 3659 	3731 	3658
f 3657 	3731 	3656
f 3661 	3731 	3659
f 2477 	3604 	3606
f 2477 	3606 	2478
f 2056 	4325 	4322
f 689 	3663 	3660
f 689 	3660 	690
f 3609 	2480 	3606
f 2478 	3606 	2480
f 2059 	4325 	2056
f 687 	3665 	3663
f 687 	3663 	689
f 2480 	3609 	3678
f 3665 	687 	3625
f 2480 	3678 	2483
f 3669 	3731 	3668
f 3670 	3731 	3669
f 3671 	3731 	3670
f 3672 	3731 	3671
f 3673 	3731 	3672
f 3674 	3731 	3673
f 3675 	3731 	3674
f 3677 	3731 	3675
f 3655 	3731 	3677
f 2724 	2721 	2714
f 2721 	2717 	2710
f 2785 	2780 	2833
f 2803 	2788 	2804
f 2812 	2788 	2803
f 2840 	2793 	2747
f 2788 	2812 	2793
f 2785 	2804 	2788
f 2062 	4337 	4331
f 4209 	701 	3679
f 2483 	3678 	3681
f 2483 	3681 	2484
f 2747 	2793 	2812
f 2077 	4370 	4337
f 2484 	3681 	3683
f 2484 	3683 	2486
f 718 	3684 	332
f 2827 	2833 	2780
f 2821 	2827 	2780
f 3656 	3731 	3655
f 3685 	3731 	3661
f 3686 	3169 	3685
f 3690 	3691 	3169
f 3691 	3122 	3169
f 3183 	3169 	3122
f 3189 	3183 	3111
f 716 	3692 	3684
f 716 	3684 	718
f 4347 	2069 	4346
f 714 	3693 	3692
f 714 	3692 	716
f 2489 	3695 	3696
f 2489 	3696 	2490
f 2070 	4346 	2068
f 3733 	3734 	3701
f 3702 	3706 	3732
f 3701 	3702 	3733
f 713 	3703 	3693
f 713 	3693 	714
f 2833 	2804 	2785
f 3704 	2487 	3683
f 2486 	3683 	2487
f 3667 	3731 	3706
f 712 	3705 	3703
f 712 	3703 	713
f 2487 	3704 	3695
f 2487 	3695 	2489
f 710 	3708 	3705
f 710 	3705 	712
f 3731 	3732 	3706
f 3563 	3706 	3702
f 2490 	3696 	3709
f 2490 	3709 	2492
f 710 	657 	3708
f 3618 	3708 	657
f 2492 	3709 	3711
f 2492 	3711 	2494
f 2083 	4393 	2080
f 2494 	3711 	3716
f 2494 	3716 	2497
f 3715 	3717 	3714
f 3717 	3718 	3714
f 3718 	3719 	3714
f 3719 	3720 	3714
f 3720 	3722 	3714
f 3722 	3724 	3714
f 3713 	3714 	3697
f 3724 	3697 	3714
f 2497 	3716 	3725
f 2497 	3725 	2499
f 5978 	2711 	2715
f 739 	3726 	3723
f 739 	3723 	741
f 2499 	3725 	3728
f 2499 	3728 	2502
f 736 	3729 	3726
f 736 	3726 	739
f 2716 	5980 	2715
f 2502 	3728 	3736
f 2502 	3736 	2504
f 735 	3738 	3729
f 735 	3729 	736
f 3699 	3700 	3735
f 3735 	3737 	3699
f 3734 	3735 	3700
f 3697 	3698 	3737
f 3713 	3697 	3737
f 3698 	3699 	3737
f 3700 	3701 	3734
f 3667 	3668 	3731
f 3732 	3733 	3702
f 2504 	3736 	3740
f 2504 	3740 	2506
f 1890 	1870 	1888
f 1888 	1875 	1892
f 1884 	1859 	1890
f 2506 	3740 	2452
f 1674 	3532 	1679
f 1914 	1825 	1915
f 1903 	1846 	1912
f 1892 	1875 	1903
f 1632 	1817 	1881
f 1881 	1850 	1884
f 1846 	1839 	1912
f 3532 	1672 	3529
f 1665 	3480 	1668
f 6000 	2729 	2730
f 3747 	3766 	3746
f 3748 	3765 	3747
f 3749 	3765 	3748
f 3750 	3764 	3749
f 3751 	3763 	3750
f 3752 	3762 	3751
f 3753 	3761 	3752
f 1655 	1679 	3468
f 3743 	3742 	3753
f 2732 	6000 	2730
f 4004 	2580 	2587
f 2213 	2210 	2217
f 2248 	2217 	2210
f 2248 	2210 	2207
f 2248 	2207 	2203
f 2248 	2203 	2201
f 2248 	2201 	2200
f 3676 	3486 	3680
f 4006 	2587 	2593
f 3478 	1740 	3475
f 3757 	3746 	3756
f 3756 	3746 	3755
f 3758 	3746 	3757
f 3759 	3746 	3758
f 3745 	3746 	3759
f 3755 	3746 	3754
f 3480 	1665 	3478
f 2598 	4007 	2593
f 3529 	1670 	3480
f 2269 	2267 	2230
f 2237 	2233 	2267
f 2271 	2269 	2227
f 2389 	2386 	2354
f 2359 	2354 	2386
f 2227 	2224 	2271
f 3468 	1679 	3534
f 3534 	1679 	3532
f 3763 	3751 	3762
f 3764 	3750 	3763
f 3765 	3749 	3764
f 3762 	3752 	3761
f 3754 	3746 	3766
f 3766 	3747 	3765
f 2263 	2200 	2267
f 2233 	2230 	2267
f 2198 	2240 	2267
f 2260 	2200 	2263
f 2240 	2237 	2267
f 2256 	2200 	2260
f 2251 	2200 	2256
f 2248 	2200 	2251
f 2198 	2267 	2200
f 2230 	2227 	2269
f 3541 	3564 	3544
f 3547 	3544 	3564
f 3564 	3565 	3547
f 3538 	3558 	3564
f 3541 	3538 	3564
f 3550 	3547 	3565
f 3552 	3565 	1800
f 4014 	2626 	2629
f 3773 	3795 	3772
f 3772 	3795 	3771
f 3770 	3771 	3795
f 3774 	3795 	3773
f 3775 	3795 	3774
f 3776 	3795 	3775
f 3777 	3795 	3776
f 3778 	3795 	3777
f 3779 	3795 	3778
f 3780 	3795 	3779
f 3554 	3564 	3557
f 3558 	3557 	3564
f 4014 	2629 	2638
f 2354 	2351 	2389
f 2394 	2389 	2351
f 2347 	2342 	2402
f 2402 	2398 	2347
f 2405 	2402 	2342
f 2342 	2337 	2405
f 2479 	2405 	2337
f 2474 	2479 	2337
f 3554 	3740 	3564
f 6045 	2754 	2708
f 3785 	4502 	3784
f 4502 	3795 	3784
f 3794 	3767 	3795
f 3783 	3784 	3795
f 4480 	4502 	3785
f 4451 	3786 	144
f 4451 	144 	3181
f 3552 	3550 	3565
f 3568 	1688 	3565
f 1800 	3565 	1687
f 4033 	2646 	2648
f 3786 	136 	144
f 21 	144 	136
f 2221 	2366 	2332
f 2366 	2362 	2379
f 2379 	2332 	2366
f 2382 	2379 	2362
f 2362 	2359 	2382
f 2332 	2330 	2221
f 2224 	2221 	2330
f 2330 	2271 	2224
f 2386 	2382 	2359
f 3475 	1735 	3568
f 3790 	3786 	3789
f 2840 	2751 	2845
f 2772 	2868 	2769
f 2845 	2758 	2851
f 2896 	2902 	2937
f 2973 	2966 	2902
f 2862 	2769 	2868
f 2858 	2851 	2767
f 2762 	2767 	2851
f 2977 	2973 	2902
f 2982 	2977 	2902
f 3602 	3600 	3591
f 3600 	4050 	3591
f 2644 	2640 	2910
f 2910 	2520 	2644
f 2463 	2458 	2455
f 2454 	2455 	2458
f 2458 	2457 	2454
f 2488 	2454 	2457
f 2455 	2485 	2463
f 2464 	2463 	2485
f 2485 	2482 	2464
f 2469 	2464 	2482
f 2482 	2481 	2469
f 2474 	2469 	2481
f 2474 	2481 	2479
f 2351 	2347 	2394
f 2398 	2394 	2347
f 3488 	3666 	3664
f 3604 	3602 	3591
f 3486 	3676 	3666
f 3591 	3594 	3604
f 2409 	2644 	2520
f 3606 	3604 	3594
f 2413 	2409 	2520
f 3736 	3728 	3562
f 3740 	3736 	3562
f 3483 	3689 	3682
f 2534 	2530 	2491
f 2496 	2491 	2530
f 2530 	2526 	2496
f 2491 	2488 	2534
f 2457 	2534 	2488
f 2500 	2496 	2526
f 2526 	2517 	2500
f 2503 	2500 	2517
f 2517 	2516 	2503
f 2507 	2503 	2516
f 2516 	2511 	2507
f 3566 	2507 	2511
f 3768 	3769 	3795
f 3782 	3783 	3795
f 3780 	3781 	3795
f 3781 	3782 	3795
f 3769 	3770 	3795
f 4011 	2615 	2621
f 3483 	3482 	3689
f 3562 	3564 	3740
f 2647 	2639 	2583
f 3792 	3793 	3796
f 3511 	3707 	3482
f 2955 	2947 	2902
f 2947 	2937 	2902
f 2937 	2932 	2896
f 2932 	2926 	2896
f 2926 	2918 	2896
f 2918 	3049 	2896
f 2892 	2896 	3043
f 3043 	3035 	2892
f 3035 	3029 	2892
f 2962 	2955 	2902
f 2966 	2962 	2902
f 2994 	2985 	2906
f 2985 	2982 	2906
f 2902 	2906 	2982
f 3545 	3582 	3623
f 3797 	3791 	3796
f 2590 	2649 	2583
f 3798 	3799 	3791
f 3511 	3510 	3707
f 3728 	3725 	3562
f 3609 	3606 	3594
f 4048 	4045 	3590
f 3587 	3590 	4045
f 4045 	4101 	3587
f 4101 	4098 	3587
f 3022 	3017 	2884
f 3017 	3008 	2884
f 2772 	2776 	2873
f 2776 	2884 	3008
f 2873 	2776 	3008
f 2868 	2772 	2873
f 2884 	2892 	3022
f 3029 	3022 	2892
f 3710 	3510 	3712
f 2830 	2649 	2596
f 2596 	2649 	2590
f 3788 	3791 	3787
f 3799 	3787 	3791
f 3797 	3798 	3791
f 3792 	3796 	3791
f 136 	3790 	139
f 3800 	139 	3790
f 3786 	3790 	136
f 3678 	3609 	3594
f 3683 	3681 	3594
f 3704 	3683 	3594
f 3725 	3716 	3562
f 3716 	3711 	3562
f 3711 	3709 	3562
f 3709 	3696 	3562
f 3594 	3562 	3696
f 3696 	3695 	3594
f 3695 	3704 	3594
f 3077 	3110 	3088
f 3067 	3187 	3077
f 3063 	3190 	3067
f 3060 	3235 	3063
f 3149 	3153 	3235
f 3110 	3077 	3117
f 3092 	3088 	3110
f 3092 	3110 	3104
f 3092 	3104 	3099
f 27 	3802 	10
f 3801 	10 	3802
f 3611 	3612 	3648
f 3610 	3611 	3648
f 3681 	3678 	3594
f 3060 	3056 	3138
f 3132 	3138 	3056
f 3128 	3132 	3056
f 3138 	3142 	3060
f 3800 	3802 	27
f 3800 	27 	139
f 2837 	2649 	2830
f 4451 	4460 	3786
f 3153 	3158 	3235
f 3142 	3149 	3060
f 2844 	2649 	2837
f 3399 	3400 	303
f 3286 	3289 	3240
f 3809 	3808 	3802
f 3801 	3802 	3808
f 2849 	2649 	2844
f 3250 	3245 	3289
f 3245 	3240 	3289
f 3812 	303 	3811
f 3808 	3809 	3790
f 3808 	3790 	3789
f 3289 	3292 	3250
f 2857 	2649 	2849
f 3814 	303 	3812
f 3802 	3800 	3809
f 3790 	3809 	3800
f 2866 	2649 	2857
f 3816 	303 	3814
f 3817 	303 	3816
f 2872 	2649 	2866
f 3258 	3250 	3292
f 3818 	303 	3817
f 3819 	303 	3818
f 3807 	5010 	2524
f 2882 	2649 	2877
f 368 	303 	3819
f 2523 	3810 	3807
f 2523 	3807 	2524
f 2889 	2649 	2882
f 2241 	2236 	2112
f 2236 	2232 	2112
f 2899 	2649 	2889
f 3810 	2523 	3813
f 2522 	3813 	2523
f 2244 	2241 	2112
f 3997 	3992 	2569
f 2904 	2649 	2899
f 734 	3741 	3738
f 734 	3738 	735
f 2521 	3815 	3813
f 2521 	3813 	2522
f 3822 	303 	3821
f 2247 	2244 	2112
f 2572 	4001 	2569
f 3997 	2569 	4001
f 732 	3823 	3741
f 732 	3741 	734
f 3811 	303 	3822
f 3821 	303 	3820
f 2647 	2583 	2649
f 4001 	2572 	4002
f 2576 	4002 	2572
f 3824 	3815 	2521
f 114 	112 	634
f 112 	108 	634
f 638 	634 	108
f 2580 	4004 	2576
f 2532 	3824 	2521
f 3158 	3163 	3235
f 3060 	3149 	3235
f 3230 	3063 	3235
f 3224 	3063 	3230
f 3220 	3063 	3224
f 3216 	3063 	3220
f 3213 	3063 	3216
f 3200 	3063 	3213
f 3195 	3063 	3200
f 3190 	3063 	3195
f 3187 	3067 	3190
f 3117 	3077 	3187
f 2923 	2930 	3028
f 2916 	2649 	2904
f 2531 	3825 	3824
f 2531 	3824 	2532
f 2930 	2935 	3028
f 2531 	3828 	3825
f 2935 	2940 	3012
f 2265 	2262 	268
f 2259 	268 	2262
f 3826 	2548 	2537
f 3240 	3235 	3286
f 3284 	3286 	3235
f 3166 	3284 	3235
f 3163 	3166 	3235
f 4007 	4006 	2593
f 2993 	3012 	2940
f 302 	301 	313
f 301 	300 	313
f 300 	255 	313
f 255 	227 	313
f 317 	313 	227
f 225 	123 	634
f 123 	121 	634
f 121 	116 	634
f 116 	114 	634
f 634 	317 	225
f 2950 	2993 	2940
f 3826 	2537 	2696
f 2265 	268 	2268
f 268 	2385 	2268
f 3509 	3721 	3712
f 731 	3827 	3823
f 731 	3823 	732
f 3828 	2531 	2563
f 3295 	3297 	3263
f 3292 	3295 	3258
f 3263 	3258 	3295
f 2615 	4010 	4007
f 730 	3829 	3827
f 730 	3827 	731
f 3828 	2563 	2561
f 3828 	2561 	3830
f 3275 	3270 	3297
f 3830 	2561 	2559
f 3830 	2559 	3831
f 4011 	2621 	2626
f 3505 	3739 	3730
f 3831 	2559 	2558
f 3831 	2558 	3832
f 3298 	3300 	3279
f 3279 	3275 	3298
f 2273 	2076 	2277
f 3832 	2558 	2557
f 3832 	2557 	3833
f 3281 	3279 	3300
f 2277 	2076 	2281
f 2281 	2076 	2284
f 3833 	2557 	2556
f 3833 	2556 	3834
f 3902 	763 	762
f 3304 	3319 	3302
f 940 	946 	3835
f 3834 	2556 	2555
f 3834 	2555 	3836
f 3306 	3319 	3304
f 4028 	4025 	2646
f 3836 	2555 	2554
f 3836 	2554 	3838
f 3309 	3320 	3306
f 4033 	4028 	2646
f 3838 	2554 	2553
f 3838 	2553 	3840
f 760 	759 	3927
f 2552 	3842 	3840
f 2552 	3840 	2553
f 2297 	2293 	2112
f 3927 	759 	758
f 2297 	2112 	2301
f 2550 	3845 	3842
f 2550 	3842 	2552
f 2666 	4046 	2665
f 2548 	3846 	3845
f 2548 	3845 	2550
f 2669 	4046 	2666
f 2548 	3826 	3846
f 2232 	2308 	2112
f 2303 	2112 	2308
f 3488 	3664 	3662
f 755 	753 	3938
f 2582 	3847 	6465
f 3938 	753 	752
f 4056 	4055 	2702
f 3270 	3263 	3297
f 3297 	3298 	3275
f 3300 	3302 	3281
f 3311 	3322 	3309
f 3313 	3324 	3311
f 3313 	3333 	3324
f 3322 	3311 	3324
f 3322 	3320 	3309
f 3320 	3319 	3306
f 3281 	3302 	3319
f 2316 	228 	2322
f 752 	751 	3946
f 2581 	3848 	3847
f 2581 	3847 	2582
f 2579 	3849 	3848
f 2579 	3848 	2581
f 3946 	751 	750
f 3680 	3485 	3682
f 3336 	3338 	3347
f 3347 	3326 	3336
f 3333 	3336 	3326
f 3326 	3324 	3333
f 3349 	3347 	3338
f 3338 	3340 	3349
f 3351 	3349 	3340
f 2622 	3855 	2579
f 3849 	2579 	3855
f 3353 	3351 	3340
f 3340 	3341 	3353
f 3694 	3689 	3482
f 1042 	3353 	3341
f 2331 	2076 	2334
f 3694 	3482 	3707
f 1045 	1042 	3342
f 3710 	3707 	3510
f 2344 	2340 	2076
f 3342 	3344 	1045
f 3509 	3712 	3510
f 1031 	1220 	3344
f 2350 	2076 	2273
f 2344 	2076 	2350
f 2604 	3851 	2605
f 3850 	2605 	3851
f 781 	779 	3967
f 3851 	2604 	2603
f 3851 	2603 	3852
f 4033 	2648 	2655
f 3730 	3727 	3505
f 3967 	779 	778
f 6502 	3852 	2603
f 2686 	2605 	3850
f 778 	777 	3971
f 3854 	3853 	3856
f 3854 	3856 	3857
f 3971 	777 	776
f 2620 	3858 	3855
f 2620 	3855 	2622
f 2367 	2363 	228
f 776 	775 	3974
f 3844 	3516 	3662
f 2619 	3859 	3858
f 2619 	3858 	2620
f 2701 	4055 	2669
f 3860 	3861 	3882
f 3662 	3489 	3488
f 763 	3974 	775
f 3488 	3487 	3666
f 3666 	3487 	3486
f 807 	3979 	4390
f 3864 	3863 	3865
f 3864 	3865 	3866
f 3680 	3486 	3485
f 3484 	3682 	3485
f 806 	3981 	807
f 2958 	2981 	2950
f 2877 	2649 	2872
f 3866 	3865 	3868
f 3866 	3868 	3869
f 3483 	3682 	3484
f 803 	3981 	806
f 3869 	3868 	3871
f 3869 	3871 	3872
f 3870 	2633 	3873
f 3872 	3871 	3874
f 3872 	3874 	3875
f 3873 	2633 	3876
f 2981 	3052 	2971
f 3875 	3874 	3877
f 3875 	3877 	3878
f 2993 	2950 	2981
f 627 	839 	4814
f 3853 	3854 	3877
f 3878 	3877 	3854
f 798 	3987 	799
f 2916 	2923 	3028
f 3880 	3881 	3882
f 3880 	3882 	3883
f 4977 	3884 	4971
f 797 	3987 	798
f 3883 	3882 	3861
f 3508 	3721 	3509
f 3052 	2981 	2958
f 3506 	3727 	3721
f 3506 	3721 	3508
f 1705 	1719 	4971
f 4975 	4971 	1719
f 3888 	3887 	3881
f 3888 	3881 	3880
f 3505 	3727 	3506
f 2972 	2971 	3052
f 3012 	3028 	2935
f 3028 	2649 	2916
f 3310 	2649 	3307
f 3314 	2649 	3312
f 3504 	3739 	3505
f 1719 	1715 	4975
f 3890 	3891 	3960
f 794 	3994 	795
f 3744 	3739 	3502
f 3502 	3739 	3504
f 3893 	3894 	3891
f 3893 	3891 	3890
f 3994 	794 	3998
f 792 	3998 	794
f 3647 	3648 	2575
f 3895 	3896 	3894
f 3895 	3894 	3893
f 787 	3998 	792
f 3897 	3898 	3896
f 3897 	3896 	3895
f 946 	3521 	3835
f 3900 	3901 	3898
f 3900 	3898 	3897
f 3364 	3361 	3103
f 3103 	3189 	3111
f 3122 	3111 	3183
f 3520 	3837 	3521
f 3835 	3521 	3837
f 3974 	763 	3902
f 3904 	3905 	3901
f 3904 	3901 	3900
f 3837 	3520 	3519
f 3837 	3519 	3839
f 762 	3906 	3902
f 3903 	2660 	3907
f 3905 	3904 	3888
f 3887 	3888 	3904
f 3518 	3841 	3519
f 3839 	3519 	3841
f 3189 	3103 	3192
f 3688 	3690 	3169
f 3687 	3688 	3169
f 3686 	3687 	3169
f 3731 	3685 	3169
f 3906 	762 	761
f 3906 	761 	3908
f 3907 	2660 	3909
f 3841 	3518 	3517
f 3841 	3517 	3843
f 3516 	3844 	3517
f 3843 	3517 	3844
f 3911 	3910 	3913
f 3911 	3913 	3914
f 3489 	3662 	3516
f 3301 	2649 	3299
f 3914 	3913 	3916
f 3914 	3916 	3917
f 2387 	268 	2392
f 2392 	268 	2397
f 3303 	2649 	3301
f 3299 	2649 	3028
f 3917 	3916 	3918
f 3917 	3918 	3919
f 2397 	268 	2401
f 2401 	268 	2407
f 3305 	2649 	3303
f 3919 	3918 	3921
f 3919 	3921 	3922
f 3933 	3664 	2153
f 2595 	3933 	2589
f 760 	3923 	761
f 3908 	761 	3923
f 3922 	3921 	3925
f 3922 	3925 	3926
f 3923 	760 	3927
f 3926 	3925 	3928
f 3926 	3928 	3929
f 3307 	2649 	3305
f 3989 	2562 	2564
f 758 	3930 	3927
f 3924 	2636 	3867
f 3929 	3928 	3931
f 3929 	3931 	3932
f 3312 	2649 	3310
f 3867 	2636 	2634
f 3867 	2634 	3870
f 3666 	2153 	3664
f 3930 	758 	757
f 3930 	757 	3934
f 3932 	3931 	3935
f 3932 	3935 	3936
f 3316 	2649 	3314
f 3676 	2153 	3666
f 3662 	3664 	3933
f 3870 	2634 	2633
f 755 	3937 	757
f 3934 	757 	3937
f 3680 	2153 	3676
f 3863 	3864 	3935
f 3936 	3935 	3864
f 2633 	2631 	3876
f 3682 	2153 	3680
f 3937 	755 	3938
f 3682 	3689 	2153
f 2630 	3879 	2631
f 3876 	2631 	3879
f 4002 	2576 	4004
f 3323 	2649 	3321
f 752 	3941 	3938
f 3940 	3939 	3942
f 3940 	3942 	3943
f 3689 	3694 	2153
f 2617 	3862 	2630
f 3862 	3879 	2630
f 3325 	2649 	3323
f 3943 	3942 	3944
f 3943 	3944 	3945
f 3941 	752 	3946
f 2653 	3886 	2670
f 3328 	2649 	3325
f 3945 	3944 	3947
f 3945 	3947 	3948
f 3946 	750 	3949
f 3332 	2649 	3328
f 3316 	3321 	2649
f 2651 	3889 	3886
f 2651 	3886 	2653
f 3948 	3947 	3950
f 3948 	3950 	3951
f 3710 	3977 	3707
f 3707 	3977 	3694
f 3335 	3343 	2649
f 750 	741 	3723
f 3949 	750 	3723
f 3889 	2651 	3892
f 2650 	3892 	2651
f 3951 	3950 	3952
f 3951 	3952 	3953
f 3712 	3977 	3710
f 3721 	3977 	3712
f 3727 	3977 	3721
f 3343 	3345 	2649
f 3332 	3335 	2649
f 3953 	3952 	3954
f 3953 	3954 	3955
f 787 	3956 	3998
f 3955 	3954 	3957
f 3955 	3957 	3958
f 3730 	3739 	3977
f 3956 	787 	785
f 3956 	785 	3959
f 3899 	4200 	2663
f 4011 	4010 	2615
f 3739 	3744 	3977
f 3958 	3957 	3960
f 3958 	3960 	3961
f 3345 	3346 	2649
f 783 	3962 	785
f 3959 	785 	3962
f 3899 	2663 	2661
f 3899 	2661 	3903
f 3961 	3960 	3891
f 3679 	2649 	3346
f 3962 	783 	782
f 3962 	782 	3963
f 3903 	2661 	2660
f 3350 	3679 	3348
f 781 	3965 	782
f 3963 	782 	3965
f 2660 	2659 	3909
f 3346 	3348 	3679
f 3965 	781 	3967
f 2602 	2607 	3837
f 2638 	4020 	4014
f 2658 	3912 	2659
f 3909 	2659 	3912
f 3966 	4059 	3968
f 3839 	3841 	2602
f 3837 	3839 	2602
f 3352 	3679 	3350
f 3684 	3679 	3352
f 3703 	3679 	3693
f 778 	3969 	3967
f 3912 	2658 	2657
f 3912 	2657 	3915
f 3841 	3843 	2602
f 2642 	4025 	2638
f 3968 	4059 	3970
f 3843 	3844 	3933
f 3933 	2602 	3843
f 3969 	778 	3971
f 2656 	3920 	2657
f 3915 	2657 	3920
f 3363 	3362 	3356
f 3662 	3933 	3844
f 3971 	776 	3973
f 3357 	3364 	3356
f 2654 	3924 	2656
f 3920 	2656 	3924
f 3359 	3364 	3357
f 3973 	776 	3974
f 2654 	2636 	3924
f 2680 	3976 	2619
f 3859 	2619 	3976
f 3361 	3364 	3360
f 3976 	2680 	2679
f 3976 	2679 	3978
f 3624 	2154 	3977
f 2153 	3977 	2154
f 3978 	2679 	2678
f 3978 	2678 	3980
f 2415 	2411 	228
f 3192 	3103 	3361
f 3359 	3360 	3364
f 4146 	4142 	4148
f 3363 	3356 	3364
f 3979 	807 	3981
f 2418 	2415 	228
f 3980 	2678 	2676
f 3980 	2676 	3982
f 803 	3983 	3981
f 2674 	3984 	3982
f 2674 	3982 	2676
f 4055 	4051 	2669
f 2316 	2426 	228
f 2423 	228 	2426
f 3983 	803 	801
f 3983 	801 	3985
f 799 	3986 	801
f 3985 	801 	3986
f 331 	328 	649
f 658 	649 	328
f 328 	327 	658
f 2701 	2702 	4055
f 2374 	2367 	228
f 228 	2411 	2374
f 2363 	2360 	228
f 228 	2360 	2361
f 2407 	268 	2361
f 2385 	268 	2387
f 3986 	799 	3987
f 797 	3988 	3987
f 350 	352 	372
f 2076 	2340 	2336
f 2336 	2334 	2076
f 2076 	2331 	2329
f 2076 	2329 	2327
f 2322 	228 	2327
f 2423 	2418 	228
f 2076 	2327 	228
f 352 	356 	372
f 3988 	797 	796
f 3988 	796 	3990
f 303 	372 	356
f 795 	3991 	796
f 3990 	796 	3991
f 3543 	3540 	3548
f 3540 	3536 	3548
f 3536 	3533 	3548
f 3533 	3530 	3548
f 3530 	3523 	3548
f 3523 	3515 	3548
f 3515 	3617 	3548
f 3617 	3616 	3548
f 3616 	3615 	3548
f 3615 	3614 	3548
f 3614 	3613 	3548
f 3613 	3608 	3548
f 3608 	3603 	3548
f 3603 	3601 	3548
f 2303 	2301 	2112
f 2293 	2290 	2112
f 2112 	2290 	2287
f 2284 	2076 	2287
f 2112 	2287 	2076
f 3992 	3989 	2564
f 3991 	795 	3994
f 3992 	6832 	3989
f 2564 	2569 	3992
f 3996 	3632 	3999
f 228 	2361 	268
f 2259 	2255 	268
f 2255 	2252 	268
f 2112 	268 	2252
f 2252 	2247 	2112
f 3999 	3632 	4000
f 3588 	3585 	3548
f 3585 	3581 	3548
f 3551 	3548 	3581
f 3553 	3551 	3581
f 3581 	3577 	3553
f 3555 	3553 	3577
f 3577 	3574 	3555
f 3559 	3555 	3574
f 3574 	3570 	3559
f 3561 	3559 	3570
f 3570 	3566 	3561
f 2511 	3561 	3566
f 815 	4138 	817
f 3601 	3598 	3548
f 3598 	3595 	3548
f 3595 	3592 	3548
f 3592 	3588 	3548
f 365 	303 	362
f 4004 	4005 	6832
f 362 	303 	356
f 365 	570 	303
f 2587 	4005 	4004
f 6092 	6093 	1146
f 1228 	1146 	6093
f 868 	4149 	871
f 372 	303 	368
f 4006 	4005 	2587
f 375 	350 	372
f 3362 	353 	4148
f 4001 	4002 	6832
f 469 	474 	418
f 418 	421 	469
f 6095 	1015 	6094
f 1011 	6094 	1015
f 4006 	6832 	4005
f 4007 	6832 	4006
f 3653 	4012 	3649
f 462 	469 	421
f 4010 	6832 	4007
f 3654 	4012 	3653
f 438 	678 	433
f 3663 	4012 	3660
f 450 	673 	438
f 433 	681 	426
f 458 	673 	450
f 3625 	4012 	3665
f 3665 	4012 	3663
f 411 	418 	474
f 474 	478 	411
f 375 	411 	478
f 478 	342 	375
f 4013 	4011 	2626
f 6830 	6832 	4011
f 4013 	6830 	4011
f 462 	669 	458
f 342 	350 	375
f 4014 	4013 	2626
f 2673 	4016 	3984
f 2673 	3984 	2674
f 488 	303 	485
f 2672 	4018 	4016
f 2672 	4016 	2673
f 492 	303 	488
f 4015 	4064 	4019
f 4061 	4022 	4017
f 2671 	4021 	4018
f 2671 	4018 	2672
f 4019 	4064 	4023
f 2670 	4024 	4021
f 2670 	4021 	2671
f 4020 	2638 	4025
f 4023 	3910 	3911
f 495 	303 	492
f 3886 	4024 	2670
f 515 	303 	509
f 498 	303 	495
f 3378 	303 	515
f 2642 	2646 	4025
f 4029 	3387 	2688
f 4171 	4170 	897
f 505 	303 	498
f 4029 	2688 	2687
f 4029 	2687 	4031
f 4026 	4066 	4035
f 4031 	2687 	2686
f 4031 	2686 	4032
f 4032 	2686 	3850
f 565 	548 	544
f 565 	544 	537
f 565 	537 	534
f 528 	565 	534
f 521 	565 	528
f 2696 	4037 	3826
f 2655 	4038 	4033
f 4039 	4037 	2696
f 573 	303 	570
f 927 	4166 	874
f 4040 	4073 	4042
f 485 	303 	576
f 576 	303 	573
f 2665 	4043 	4038
f 2665 	4038 	2655
f 4043 	6830 	4038
f 4042 	4073 	4044
f 4046 	4043 	2665
f 4046 	6830 	4043
f 565 	521 	628
f 565 	628 	624
f 565 	624 	621
f 565 	621 	618
f 565 	618 	616
f 565 	616 	611
f 565 	611 	602
f 565 	602 	599
f 565 	599 	595
f 565 	595 	589
f 565 	589 	584
f 565 	584 	580
f 817 	4146 	821
f 3692 	3679 	3684
f 2669 	4051 	4046
f 4049 	4077 	4052
f 3693 	3679 	3692
f 824 	821 	4150
f 4146 	4150 	821
f 3705 	3679 	3703
f 335 	331 	638
f 649 	638 	331
f 227 	225 	317
f 108 	335 	638
f 4052 	4077 	3964
f 4126 	2836 	4061
f 824 	4150 	4149
f 824 	4149 	868
f 3708 	3946 	3705
f 3618 	3934 	3708
f 673 	458 	669
f 4033 	4038 	6830
f 4051 	6830 	4046
f 4148 	871 	4149
f 678 	438 	673
f 681 	433 	678
f 871 	4148 	353
f 669 	462 	421
f 688 	725 	681
f 4003 	3642 	3977
f 6830 	4055 	4056
f 3741 	3679 	3738
f 3964 	4057 	4058
f 3964 	4058 	3966
f 3823 	3679 	3741
f 3827 	3679 	3823
f 3738 	3679 	3729
f 3966 	4058 	4059
f 4221 	3679 	3829
f 4055 	6830 	4051
f 4059 	4060 	3970
f 880 	4157 	4155
f 880 	4155 	881
f 4062 	3972 	4060
f 3970 	4060 	3972
f 6832 	3992 	3997
f 6832 	3997 	4001
f 4002 	4004 	6832
f 711 	720 	698
f 884 	881 	4154
f 4155 	4154 	881
f 3972 	4062 	4063
f 3972 	4063 	4015
f 688 	698 	720
f 3829 	3679 	3827
f 4225 	4226 	3679
f 4226 	4228 	3679
f 4012 	3908 	3644
f 3644 	3923 	3618
f 4012 	3644 	3645
f 3645 	3649 	4012
f 3654 	3660 	4012
f 725 	688 	720
f 884 	4154 	815
f 4015 	4063 	4064
f 4014 	4020 	6830
f 4025 	6830 	4020
f 4025 	4028 	6830
f 4033 	6830 	4028
f 4022 	4061 	2819
f 3005 	2819 	4061
f 4067 	774 	743
f 4064 	4065 	4023
f 4008 	4035 	4066
f 6161 	4067 	743
f 4065 	3910 	4023
f 4066 	2998 	4008
f 3908 	4012 	3906
f 4068 	4027 	4409
f 698 	743 	711
f 426 	681 	725
f 790 	705 	743
f 786 	790 	743
f 888 	4174 	891
f 3923 	3644 	3908
f 4069 	4030 	4068
f 4027 	4068 	4030
f 3927 	3618 	3923
f 891 	4174 	893
f 4030 	4069 	4070
f 4030 	4070 	4034
f 3902 	3906 	4012
f 4071 	4036 	4070
f 4034 	4070 	4036
f 3938 	3708 	3937
f 3930 	3618 	3927
f 4036 	4071 	4072
f 4036 	4072 	4040
f 3941 	3708 	3938
f 4040 	4072 	4073
f 4008 	4780 	4035
f 3946 	3708 	3941
f 924 	897 	4170
f 3949 	3705 	3946
f 4073 	4074 	4044
f 924 	4170 	925
f 4075 	4047 	4074
f 4044 	4074 	4047
f 705 	711 	743
f 786 	743 	774
f 3723 	3705 	3949
f 3726 	3705 	3723
f 3729 	3705 	3726
f 4047 	4075 	4076
f 4047 	4076 	4049
f 505 	509 	303
f 4166 	927 	926
f 3959 	4012 	3956
f 4049 	4076 	4077
f 6125 	3820 	303
f 3962 	4012 	3959
f 2696 	2694 	4039
f 4288 	2034 	4296
f 4057 	3964 	4077
f 3963 	4012 	3962
f 2693 	4041 	2694
f 4039 	2694 	4041
f 4094 	4053 	4078
f 2035 	4302 	4296
f 3965 	4012 	3963
f 1489 	1503 	1487
f 2693 	2473 	4041
f 4078 	4053 	4054
f 4078 	4054 	4079
f 3967 	4012 	3965
f 1482 	1487 	1503
f 4101 	4045 	3016
f 2944 	3016 	4045
f 3969 	4012 	3967
f 4054 	3939 	3940
f 4079 	4054 	3940
f 3742 	3743 	69
f 1503 	69 	3743
f 4048 	2952 	2944
f 4048 	2944 	4045
f 3971 	4012 	3969
f 4050 	2957 	2952
f 4050 	2952 	4048
f 1556 	1561 	1503
f 1493 	1603 	1503
f 1621 	2826 	1618
f 3973 	4012 	3971
f 4082 	4083 	4081
f 4082 	4081 	4080
f 4157 	880 	878
f 3974 	4012 	3973
f 4050 	3600 	2957
f 4084 	4085 	4083
f 4084 	4083 	4082
f 4086 	2990 	2989
f 4086 	2989 	4087
f 1551 	1503 	1548
f 4088 	4089 	4085
f 4088 	4085 	4084
f 1553 	1503 	1551
f 4090 	4091 	4089
f 4090 	4089 	4088
f 3902 	4012 	3974
f 3937 	3708 	3934
f 3934 	3618 	3930
f 4092 	2997 	2990
f 4092 	2990 	4086
f 4093 	4094 	4091
f 4093 	4091 	4090
f 3788 	1546 	3791
f 4138 	815 	4154
f 3981 	3983 	3315
f 4053 	4094 	4093
f 4095 	3002 	2997
f 4095 	2997 	4092
f 1546 	1548 	1503
f 1482 	1503 	1561
f 1556 	1503 	1553
f 3791 	1546 	1503
f 4098 	3007 	3002
f 4098 	3002 	4095
f 4097 	4096 	4099
f 4097 	4099 	4100
f 3805 	4528 	3804
f 2989 	3014 	4087
f 3986 	3987 	3315
f 4101 	3016 	3007
f 4101 	3007 	4098
f 4100 	4099 	4140
f 3987 	3988 	3315
f 4102 	4087 	3014
f 4012 	3315 	3988
f 4174 	4173 	893
f 3014 	4127 	4102
f 3990 	4012 	3988
f 3983 	3985 	3315
f 4105 	4106 	4104
f 4105 	4104 	4103
f 2078 	4370 	2077
f 4173 	894 	893
f 3991 	4012 	3990
f 4107 	4109 	4267
f 3956 	4012 	3998
f 1590 	2878 	1586
f 4110 	4111 	4109
f 4110 	4109 	4107
f 2998 	4009 	4008
f 69 	1503 	1603
f 1605 	69 	1603
f 3021 	4108 	4113
f 3021 	4113 	3026
f 4112 	4114 	4111
f 4112 	4111 	4110
f 4393 	2083 	2086
f 1608 	69 	1605
f 4170 	4169 	925
f 4115 	4116 	4114
f 4115 	4114 	4112
f 3026 	4113 	4117
f 3026 	4117 	3031
f 1613 	69 	1608
f 4118 	4119 	4116
f 4118 	4116 	4115
f 3031 	4117 	4120
f 3031 	4120 	3036
f 1618 	69 	1613
f 925 	4169 	926
f 1489 	1493 	1503
f 3036 	4120 	4123
f 3036 	4123 	3039
f 4121 	4122 	4119
f 4121 	4119 	4118
f 3039 	4123 	4124
f 3039 	4124 	3045
f 1638 	4122 	4121
f 890 	1638 	4121
f 1580 	2876 	1621
f 1578 	2876 	1580
f 1586 	2876 	1578
f 3045 	4124 	4127
f 3045 	4127 	3048
f 4128 	4129 	4130
f 4128 	4130 	4131
f 4133 	4134 	4129
f 4133 	4129 	4128
f 3048 	4127 	3014
f 942 	701 	4209
f 4061 	4017 	4126
f 1761 	4528 	1765
f 1758 	4528 	1761
f 1754 	4528 	1758
f 1751 	4528 	1754
f 1747 	4528 	1751
f 1745 	4528 	1747
f 1739 	4528 	1745
f 1741 	4528 	1739
f 2826 	2836 	4126
f 1707 	4945 	4132
f 4136 	3143 	3140
f 4136 	3140 	4135
f 3005 	4061 	2836
f 4139 	4140 	4099
f 4141 	3150 	3143
f 4141 	3143 	4136
f 3994 	3998 	4012
f 3991 	3994 	4012
f 4138 	4142 	817
f 4143 	4144 	4140
f 4143 	4140 	4139
f 1781 	4528 	1783
f 1777 	4528 	1781
f 1567 	4528 	1777
f 3803 	4528 	1567
f 3804 	4528 	3803
f 1783 	4528 	1741
f 4108 	3021 	3150
f 4108 	3150 	4141
f 817 	4142 	4146
f 4145 	4147 	4144
f 4145 	4144 	4143
f 4149 	4150 	4148
f 4148 	4150 	4146
f 4138 	4154 	4148
f 4154 	4155 	4148
f 4155 	4157 	4148
f 4142 	4138 	4148
f 4131 	4130 	4147
f 4131 	4147 	4145
f 3642 	3744 	3502
f 4106 	4105 	4153
f 4152 	4153 	4105
f 3636 	3995 	3638
f 3993 	3638 	3995
f 4159 	4160 	4148
f 4160 	4166 	4148
f 4158 	4159 	4148
f 4166 	4168 	4148
f 4157 	4158 	4148
f 4161 	4162 	4153
f 4161 	4153 	4152
f 3995 	3636 	3634
f 3995 	3634 	3996
f 4156 	3180 	4164
f 4163 	4165 	4162
f 4163 	4162 	4161
f 3996 	3634 	3632
f 3632 	3628 	4000
f 4216 	4165 	4163
f 4164 	3180 	4167
f 4168 	4169 	4148
f 4169 	4170 	4148
f 4170 	4171 	4148
f 4171 	4172 	4148
f 4172 	4173 	4148
f 4173 	4174 	4148
f 4174 	4175 	4148
f 4175 	4176 	4148
f 4176 	4204 	4148
f 4204 	3354 	4148
f 4543 	4000 	3628
f 4177 	4178 	4133
f 4134 	4133 	4178
f 3638 	3993 	3975
f 3638 	3975 	3527
f 4178 	4177 	4181
f 4178 	4181 	4183
f 4003 	3744 	3642
f 4185 	4209 	4182
f 874 	4160 	877
f 4183 	4181 	4186
f 4183 	4186 	4187
f 3642 	3624 	3977
f 4189 	4209 	4185
f 4159 	4158 	877
f 4191 	4204 	4189
f 4187 	4186 	4192
f 4187 	4192 	4193
f 2008 	2013 	4188
f 4196 	4188 	2013
f 4193 	4192 	4197
f 4193 	4197 	4198
f 2153 	3694 	3977
f 4195 	4204 	4191
f 4196 	1707 	4188
f 4198 	4197 	4201
f 4198 	4201 	4202
f 3730 	3977 	3727
f 4203 	4196 	2013
f 3354 	3356 	4148
f 4202 	4201 	4205
f 4202 	4205 	4206
f 3892 	3214 	4207
f 4206 	4205 	4208
f 4206 	4208 	4210
f 4211 	4207 	3214
f 4209 	4189 	4204
f 4195 	4199 	4204
f 4199 	3354 	4204
f 3362 	4148 	3356
f 4210 	4208 	4212
f 4210 	4212 	4213
f 4213 	4212 	4395
f 887 	4175 	888
f 4165 	4216 	4217
f 2998 	2995 	3034
f 2117 	2878 	1590
f 2132 	2878 	2124
f 2124 	2878 	2117
f 888 	4175 	4174
f 4218 	4219 	4217
f 4218 	4217 	4216
f 3207 	4220 	4215
f 2137 	2878 	2132
f 4222 	4223 	4219
f 4222 	4219 	4218
f 4220 	3207 	4224
f 3034 	2194 	2190
f 4228 	4232 	3679
f 4171 	897 	894
f 4232 	4235 	3679
f 4230 	4229 	4233
f 4230 	4233 	4234
f 3977 	3744 	4003
f 4209 	3679 	4235
f 4231 	3199 	4236
f 4234 	4233 	4237
f 4234 	4237 	4238
f 4239 	4209 	4235
f 3975 	3993 	3995
f 4236 	3199 	4240
f 4238 	4237 	4241
f 4238 	4241 	4242
f 3996 	3975 	3995
f 4242 	4241 	4244
f 4242 	4244 	4246
f 2998 	3034 	4009
f 4169 	4168 	926
f 4246 	4244 	4247
f 4246 	4247 	4248
f 4243 	4209 	4239
f 4221 	4225 	3679
f 3679 	3705 	3729
f 926 	4168 	4166
f 2190 	4809 	4009
f 4248 	4247 	4250
f 4248 	4250 	4252
f 4253 	4209 	4249
f 4252 	4250 	4254
f 4252 	4254 	4255
f 4257 	4209 	4253
f 4258 	4259 	4255
f 4258 	4255 	4254
f 4260 	4209 	4257
f 4243 	4249 	4209
f 2144 	2154 	2138
f 4159 	877 	4160
f 4264 	4209 	4260
f 4262 	4263 	4259
f 4262 	4259 	4258
f 2171 	2154 	2144
f 2138 	2878 	2137
f 878 	877 	4158
f 4267 	4268 	4263
f 4267 	4263 	4262
f 4269 	4209 	4266
f 2154 	2878 	2138
f 2179 	2154 	2176
f 878 	4158 	4157
f 4267 	4109 	4268
f 4264 	4266 	4209
f 1765 	4528 	1767
f 1767 	4528 	1789
f 4967 	4968 	4306
f 5182 	4963 	4320
f 5218 	5175 	4320
f 4203 	2016 	4281
f 2173 	2154 	2171
f 2176 	2154 	2173
f 4284 	1707 	4281
f 4203 	4281 	1707
f 3006 	3005 	3055
f 4278 	4279 	4336
f 4300 	3379 	3032
f 4300 	3032 	3033
f 4336 	4279 	4283
f 3377 	4282 	3273
f 2187 	2495 	2185
f 4282 	3377 	4318
f 2185 	2495 	2182
f 4245 	3184 	4151
f 4285 	3385 	3384
f 4285 	3384 	4287
f 4151 	3184 	3182
f 4151 	3182 	4156
f 4287 	3384 	3383
f 4287 	3383 	4289
f 4156 	3182 	3180
f 4288 	1707 	4284
f 4289 	3383 	3382
f 4289 	3382 	4292
f 2179 	2182 	2154
f 4292 	3382 	3381
f 4292 	3381 	4294
f 3180 	3178 	4167
f 4297 	4209 	4293
f 4294 	3381 	3380
f 4294 	3380 	4298
f 4296 	1707 	4288
f 3177 	4179 	3178
f 4167 	3178 	4179
f 4299 	4359 	4295
f 4298 	3380 	3379
f 4298 	3379 	4300
f 4304 	4306 	4968
f 4269 	4293 	4209
f 2606 	2601 	6236
f 6221 	6236 	2601
f 2610 	2606 	6236
f 4179 	3177 	3176
f 4179 	3176 	4184
f 4303 	4359 	4299
f 2154 	2182 	2495
f 4302 	1707 	4296
f 4305 	3401 	3398
f 3175 	4190 	3176
f 4184 	3176 	4190
f 4306 	4310 	4967
f 4305 	3398 	3397
f 4305 	3397 	4309
f 2037 	4308 	4302
f 4309 	3397 	3396
f 4309 	3396 	4311
f 4190 	3175 	3174
f 4190 	3174 	4194
f 1711 	1707 	4315
f 4311 	3396 	3395
f 4311 	3395 	4313
f 5180 	5182 	4320
f 3173 	4200 	3174
f 4194 	3174 	4200
f 2037 	2040 	4308
f 4315 	4308 	2040
f 2545 	2538 	2560
f 2538 	2533 	2560
f 2543 	2538 	2545
f 2533 	2529 	2560
f 2529 	2525 	2560
f 2525 	2518 	2560
f 2518 	2515 	2560
f 2515 	2514 	2560
f 2560 	2514 	2568
f 2505 	2574 	2508
f 2508 	2568 	2514
f 4316 	4381 	4312
f 4315 	4322 	1711
f 4318 	3377 	3402
f 3173 	2663 	4200
f 4318 	3402 	3401
f 4318 	3401 	4321
f 4381 	4316 	4319
f 4322 	4315 	2040
f 4321 	3401 	4305
f 3892 	2650 	3214
f 4324 	5218 	4323
f 4323 	5218 	4320
f 3214 	3212 	4211
f 1564 	3055 	2836
f 4387 	4272 	4326
f 4300 	6838 	4298
f 6833 	6839 	3033
f 3041 	3047 	6829
f 3005 	2836 	3055
f 3211 	4214 	3212
f 4211 	3212 	4214
f 3261 	1080 	6791
f 4274 	4328 	4272
f 4326 	4272 	4328
f 4290 	5218 	4324
f 5175 	5180 	4320
f 4968 	4973 	4304
f 2059 	4327 	4325
f 4214 	3211 	3208
f 4214 	3208 	4215
f 4328 	4274 	4276
f 4328 	4276 	4330
f 6786 	6788 	1080
f 1936 	5462 	3477
f 4331 	4327 	2059
f 4332 	5218 	4329
f 4215 	3208 	3207
f 4278 	4333 	4276
f 4330 	4276 	4333
f 4335 	5218 	4332
f 4329 	5218 	4290
f 1744 	1743 	4334
f 5475 	5473 	4334
f 4333 	4278 	4336
f 3207 	3206 	4224
f 4339 	5218 	4335
f 4336 	4283 	4340
f 3205 	4227 	3206
f 4224 	3206 	4227
f 2568 	2508 	2574
f 2588 	2574 	2505
f 4341 	5218 	4339
f 4230 	4340 	4229
f 4283 	4229 	4340
f 4227 	3205 	3204
f 4227 	3204 	4231
f 4342 	5218 	4341
f 2505 	2501 	2588
f 2594 	2588 	2501
f 2601 	2594 	2501
f 4343 	5218 	4342
f 4231 	3204 	3199
f 4345 	5218 	4343
f 4291 	4348 	4286
f 4344 	4286 	4348
f 3199 	3198 	4240
f 4349 	5218 	4345
f 4356 	5218 	4349
f 4310 	4314 	4967
f 4295 	4358 	4291
f 4348 	4291 	4358
f 3197 	4245 	3198
f 4240 	3198 	4245
f 4353 	4354 	4352
f 4354 	4355 	4352
f 4351 	4352 	4355
f 4350 	4351 	4355
f 4357 	4365 	4355
f 4358 	4295 	4359
f 4245 	3197 	3184
f 4303 	4366 	4359
f 4373 	4378 	4365
f 4372 	4373 	4365
f 4371 	4372 	4365
f 4357 	4371 	4365
f 4350 	4355 	4365
f 4362 	4364 	4382
f 4361 	4362 	4382
f 1190 	1187 	4411
f 3277 	4464 	3217
f 4367 	3315 	4363
f 1190 	4412 	1194
f 4366 	4303 	4307
f 4366 	4307 	4368
f 4256 	3219 	3217
f 4256 	3217 	4251
f 4289 	4292 	4707
f 4707 	5354 	4289
f 4378 	4379 	4365
f 4364 	4365 	4380
f 3219 	4256 	3225
f 4261 	3225 	4256
f 4312 	4375 	4307
f 4368 	4307 	4375
f 4374 	3315 	4369
f 4369 	3315 	4367
f 4294 	6844 	4292
f 4376 	3315 	4374
f 4298 	6845 	4294
f 4375 	4312 	4381
f 2078 	4377 	4370
f 4379 	4380 	4365
f 4380 	4382 	4364
f 4382 	4383 	4361
f 4360 	4361 	4383
f 4383 	4411 	4360
f 4377 	1715 	4370
f 4381 	4319 	4387
f 4388 	4377 	2078
f 4389 	5341 	4385
f 887 	4176 	4175
f 4391 	5341 	4389
f 4388 	1715 	4377
f 4272 	4387 	4319
f 4392 	5341 	4391
f 4309 	1821 	4305
f 4311 	1824 	4309
f 4395 	4212 	4394
f 2752 	5341 	4392
f 4456 	5409 	4313
f 4395 	4394 	4397
f 4395 	4397 	4398
f 2086 	4400 	4393
f 4337 	4370 	1715
f 4398 	4397 	4402
f 4398 	4402 	4403
f 4265 	3229 	3225
f 4265 	3225 	4261
f 4400 	2086 	4404
f 2089 	4404 	2086
f 4403 	4402 	4405
f 4403 	4405 	4407
f 3229 	4265 	3234
f 4270 	3234 	4265
f 6788 	6791 	1080
f 6784 	6786 	1080
f 6781 	6784 	1080
f 3274 	1080 	3269
f 3264 	3269 	1080
f 4318 	1201 	4282
f 3274 	4282 	1080
f 4321 	1204 	4318
f 4321 	4305 	1207
f 4393 	1715 	4388
f 1834 	1207 	4305
f 4407 	4405 	4409
f 4407 	4409 	4410
f 4271 	3237 	3234
f 4271 	3234 	4270
f 2089 	2069 	4404
f 4417 	5218 	4408
f 4412 	1190 	4411
f 4413 	1242 	4412
f 4414 	1275 	4413
f 4415 	1281 	4414
f 4416 	1283 	4415
f 4418 	1285 	4416
f 4452 	3408 	4419
f 1715 	4404 	4975
f 3237 	4271 	3242
f 4273 	3242 	4271
f 4410 	4409 	4027
f 4408 	5218 	4406
f 4419 	3408 	3407
f 4419 	3407 	4422
f 4393 	4400 	1715
f 4347 	4975 	4404
f 4347 	4346 	4975
f 3242 	4273 	4275
f 3242 	4275 	3247
f 4425 	5218 	4420
f 3385 	4285 	3407
f 4422 	3407 	4285
f 4424 	4426 	4427
f 4424 	4427 	4428
f 4429 	4493 	4423
f 4277 	3252 	4275
f 3247 	4275 	3252
f 4432 	4454 	4429
f 4434 	3427 	3423
f 4431 	4433 	4426
f 4431 	4426 	4424
f 1707 	4132 	4137
f 1707 	4137 	4180
f 4188 	1707 	4180
f 4196 	4203 	1707
f 4421 	4423 	4493
f 4434 	3423 	3422
f 4434 	3422 	4436
f 3252 	4277 	4280
f 3252 	4280 	3255
f 4437 	4438 	4433
f 4437 	4433 	4431
f 5218 	4425 	4430
f 4363 	5218 	4430
f 4436 	3422 	3421
f 4436 	3421 	4440
f 4435 	4454 	4432
f 4442 	5218 	4356
f 4440 	3421 	3420
f 4440 	3420 	4444
f 4438 	4437 	4443
f 4438 	4443 	4445
f 4308 	1707 	4302
f 4322 	4325 	1711
f 4325 	4327 	1711
f 4327 	4331 	1711
f 1715 	1711 	4331
f 4337 	1715 	4331
f 4400 	4404 	1715
f 4444 	3420 	3419
f 4444 	3419 	4447
f 4445 	4443 	4723
f 4448 	3267 	3266
f 4448 	3266 	4450
f 4447 	3419 	3418
f 4447 	3418 	4452
f 5218 	4442 	4396
f 5218 	4396 	4399
f 4401 	5218 	4399
f 4406 	5218 	4401
f 4420 	5218 	4417
f 4452 	3418 	3408
f 4427 	4223 	4428
f 3395 	3432 	4456
f 3395 	4456 	4313
f 4455 	3271 	3267
f 4455 	3267 	4448
f 3801 	3293 	10
f 4456 	3432 	3431
f 4456 	3431 	4459
f 3789 	3786 	4460
f 3742 	4673 	3753
f 2823 	2828 	4385
f 5341 	2823 	4385
f 4459 	3431 	3429
f 4459 	3429 	4462
f 4463 	3801 	3808
f 4464 	3277 	3271
f 4464 	3271 	4455
f 4462 	3429 	3428
f 4462 	3428 	4465
f 3181 	3293 	4463
f 3266 	3283 	4450
f 4465 	3428 	3427
f 4465 	3427 	4466
f 4460 	4463 	3808
f 4460 	3808 	3789
f 526 	1377 	4418
f 4471 	2183 	4418
f 525 	526 	4418
f 4468 	4469 	3753
f 4469 	3760 	3753
f 3760 	3761 	3753
f 4451 	3181 	4463
f 4451 	4463 	4460
f 4466 	3427 	4434
f 4251 	3217 	4464
f 4472 	2195 	4471
f 2310 	2321 	2313
f 4467 	4468 	3753
f 4474 	4450 	3283
f 6726 	10 	3293
f 3801 	4463 	3293
f 3278 	4745 	4477
f 4285 	4287 	5351
f 4287 	4289 	5354
f 5372 	5368 	4419
f 4482 	4498 	4480
f 5354 	5351 	4287
f 4478 	3885 	4481
f 3884 	4481 	3885
f 3278 	4477 	4474
f 3278 	4474 	3283
f 4487 	4493 	4485
f 4479 	4485 	4493
f 4489 	4483 	4486
f 4490 	3285 	4280
f 3285 	3255 	4280
f 5368 	5365 	4419
f 4496 	4483 	4489
f 4419 	4422 	5372
f 4421 	4493 	4487
f 4493 	4429 	4454
f 4441 	4454 	4439
f 4435 	4439 	4454
f 3285 	4490 	4497
f 3285 	4497 	3287
f 5374 	5372 	4422
f 4491 	4492 	4499
f 4498 	4482 	4496
f 4422 	4285 	5374
f 5347 	5374 	4285
f 3287 	4497 	4501
f 3287 	4501 	3290
f 4441 	4446 	4454
f 3793 	3794 	3795
f 3290 	4501 	4503
f 3290 	4503 	3291
f 5351 	5347 	4285
f 3795 	3796 	3793
f 3291 	4503 	4506
f 3291 	4506 	3294
f 4313 	5406 	4311
f 3294 	4506 	4508
f 3294 	4508 	3296
f 4502 	4480 	4498
f 1834 	4305 	1821
f 1161 	1164 	4591
f 3296 	4508 	4510
f 3296 	4510 	3367
f 1164 	1168 	4591
f 3367 	4510 	4512
f 3367 	4512 	3368
f 4459 	5414 	4456
f 5394 	5392 	4434
f 4173 	4172 	894
f 3368 	4512 	4513
f 3368 	4513 	3369
f 4436 	4440 	5396
f 5404 	5402 	4444
f 4483 	4496 	4482
f 894 	4172 	4171
f 3369 	4513 	4515
f 3369 	4515 	3370
f 559 	4495 	4713
f 4447 	4452 	5363
f 3767 	3768 	3795
f 3370 	4515 	4517
f 3370 	4517 	3372
f 559 	431 	4495
f 4492 	4495 	431
f 3372 	4517 	4518
f 3372 	4518 	3376
f 3376 	4518 	4135
f 3376 	4135 	3140
f 4338 	1744 	4334
f 1743 	5475 	4334
f 4457 	4610 	4612
f 4457 	4612 	4458
f 4522 	4528 	4521
f 4521 	4528 	4520
f 4523 	4528 	4522
f 4519 	4528 	3806
f 5361 	5404 	4447
f 4462 	5417 	4459
f 4610 	4457 	4461
f 4526 	4528 	4523
f 4527 	4528 	4526
f 874 	4166 	4160
f 3389 	3388 	4532
f 4535 	4483 	4533
f 4618 	4617 	4475
f 4470 	4475 	4617
f 4537 	4483 	4535
f 937 	4182 	1393
f 4538 	4483 	4537
f 936 	4185 	4182
f 936 	4182 	937
f 4484 	4621 	4475
f 4618 	4475 	4621
f 935 	4189 	4185
f 935 	4185 	936
f 4592 	4591 	1168
f 3527 	2881 	3624
f 934 	4191 	4189
f 934 	4189 	935
f 1172 	4592 	1168
f 4488 	4623 	4484
f 4621 	4484 	4623
f 933 	4195 	4191
f 933 	4191 	934
f 3636 	3638 	4557
f 4556 	4557 	3638
f 3638 	3642 	4556
f 932 	4199 	4195
f 932 	4195 	933
f 4623 	4488 	4494
f 4623 	4494 	4625
f 1177 	4592 	1172
f 4558 	4559 	3634
f 348 	3354 	932
f 4199 	932 	3354
f 4626 	4625 	4500
f 4494 	4500 	4625
f 1182 	4592 	1180
f 1177 	1180 	4592
f 887 	941 	4176
f 4204 	4176 	941
f 4553 	4541 	4548
f 4553 	4548 	4549
f 4553 	4549 	4550
f 4551 	4552 	4550
f 4553 	4550 	4552
f 4557 	4558 	3636
f 4626 	4500 	4627
f 4504 	4627 	4500
f 942 	4209 	4204
f 942 	4204 	941
f 4627 	4504 	4635
f 4507 	4635 	4504
f 1187 	4360 	4411
f 5208 	4491 	5206
f 4543 	3628 	4546
f 4546 	4548 	4543
f 4560 	4546 	3628
f 4542 	4543 	4548
f 4541 	4542 	4548
f 3628 	3632 	4560
f 3634 	3636 	4558
f 4509 	4640 	4635
f 4509 	4635 	4507
f 4509 	4511 	4640
f 4644 	4640 	4511
f 1285 	4418 	1288
f 1283 	4416 	1285
f 1281 	4415 	1283
f 1279 	4414 	1281
f 1275 	4414 	1279
f 1272 	4413 	1275
f 1194 	4412 	1242
f 1242 	4413 	1272
f 4983 	3527 	3975
f 4644 	4511 	4647
f 4514 	4647 	4511
f 1309 	4592 	1306
f 1313 	1318 	4592
f 4514 	4516 	4647
f 4650 	4647 	4516
f 1318 	1321 	4592
f 4542 	4567 	4564
f 1182 	1306 	4592
f 4567 	4542 	4568
f 4650 	4516 	4612
f 4458 	4612 	4516
f 1321 	1326 	4592
f 500 	4592 	1331
f 4543 	4564 	4000
f 1335 	500 	1331
f 4564 	4543 	4542
f 4542 	4541 	4568
f 266 	4582 	213
f 4334 	213 	4582
f 1357 	1353 	4418
f 1353 	1349 	4418
f 1369 	1357 	4418
f 1372 	1369 	4418
f 1349 	1347 	4418
f 1347 	1342 	4418
f 1339 	4418 	1342
f 1288 	4418 	1339
f 1377 	1372 	4418
f 266 	165 	4582
f 4334 	4582 	4338
f 1309 	1313 	4592
f 1326 	1331 	4592
f 500 	1335 	503
f 166 	1981 	4582
f 4585 	4586 	4672
f 4672 	4586 	4587
f 4587 	4588 	4691
f 4524 	3391 	4529
f 2757 	5341 	2752
f 4499 	5206 	4491
f 3389 	4532 	4529
f 4470 	4617 	4588
f 2764 	5057 	2760
f 5208 	5213 	4491
f 3393 	3394 	303
f 69 	303 	3400
f 4534 	4532 	3388
f 2741 	5057 	2764
f 4590 	6768 	4591
f 5215 	4495 	4492
f 4591 	4592 	47
f 47 	50 	4590
f 4591 	47 	4590
f 4594 	4710 	4589
f 22 	6768 	4590
f 4549 	4595 	4593
f 4598 	4595 	4549
f 4597 	4710 	4594
f 4591 	5042 	4604
f 2848 	4449 	2843
f 4453 	2839 	4449
f 4449 	2848 	4446
f 4536 	4534 	3387
f 3388 	3387 	4534
f 4605 	4607 	4591
f 4607 	4611 	4591
f 4222 	4428 	4223
f 4536 	3387 	4029
f 4608 	4558 	4609
f 4609 	4558 	4613
f 4461 	4614 	4610
f 2807 	5341 	2799
f 5341 	5332 	2799
f 4615 	4555 	4616
f 4604 	4605 	4591
f 4619 	4620 	4591
f 4616 	4555 	1485
f 2828 	2834 	4385
f 4568 	4541 	4579
f 4553 	4579 	4541
f 4601 	4603 	5042
f 4552 	4581 	4579
f 4552 	4579 	4553
f 3410 	3409 	4545
f 4581 	4552 	4584
f 4551 	4584 	4552
f 4550 	4593 	4584
f 4550 	4584 	4551
f 4624 	1156 	4591
f 4622 	4624 	4591
f 2839 	4453 	2834
f 2823 	5341 	2816
f 4593 	4550 	4549
f 2843 	4449 	2839
f 4620 	4622 	4591
f 1156 	1161 	4591
f 4548 	4598 	4549
f 4611 	4619 	4591
f 4598 	4548 	4600
f 4546 	4600 	4548
f 4453 	4385 	2834
f 2854 	4454 	2848
f 4810 	4824 	4591
f 4260 	4257 	959
f 2861 	4454 	2854
f 4546 	4560 	4600
f 2865 	4454 	2861
f 4606 	4600 	4560
f 2871 	2773 	2865
f 4559 	4608 	4606
f 4559 	4606 	4560
f 4632 	4633 	4630
f 4631 	4632 	4630
f 4629 	4630 	4633
f 4633 	4634 	4629
f 4628 	4808 	4634
f 4563 	3403 	4524
f 4266 	958 	957
f 4608 	4559 	4558
f 4638 	4639 	4637
f 4636 	4637 	4639
f 4557 	4613 	4558
f 4266 	957 	956
f 4743 	4643 	4642
f 4641 	4642 	4643
f 4613 	4557 	4615
f 4556 	4615 	4557
f 4566 	3440 	4569
f 4615 	4556 	4555
f 597 	4645 	4646
f 4569 	3440 	4570
f 2911 	3385 	2914
f 2907 	3385 	2911
f 2901 	3385 	2907
f 2897 	3385 	2901
f 2891 	3385 	2897
f 2919 	2914 	3385
f 2924 	2919 	3385
f 2887 	3385 	2891
f 2879 	3385 	2887
f 954 	4221 	730
f 3996 	3999 	3975
f 4221 	954 	953
f 2968 	3385 	2975
f 2964 	3385 	2968
f 2960 	3385 	2964
f 2953 	3385 	2960
f 2946 	3385 	2953
f 4651 	4652 	4654
f 4652 	4655 	4654
f 4653 	4654 	4655
f 3999 	4000 	3975
f 4226 	953 	952
f 4668 	4669 	4656
f 4704 	4577 	4658
f 4000 	4564 	3975
f 2999 	3385 	3003
f 3010 	3003 	3385
f 3018 	3010 	3385
f 3023 	3018 	3385
f 2991 	3384 	2999
f 2984 	3384 	2991
f 3046 	3384 	2984
f 2941 	3023 	3385
f 4659 	4660 	4649
f 4580 	4661 	4577
f 4658 	4577 	4661
f 4568 	3975 	4567
f 4564 	4567 	3975
f 4663 	4664 	4662
f 4814 	4662 	4664
f 329 	604 	4814
f 4232 	4228 	950
f 4661 	4580 	4583
f 4661 	4583 	4665
f 4660 	4662 	4814
f 4232 	950 	949
f 4666 	4483 	4538
f 4585 	4667 	4583
f 4665 	4583 	4667
f 4654 	4653 	4670
f 4671 	4654 	4670
f 4653 	4657 	4670
f 4669 	4670 	4657
f 4657 	4656 	4669
f 4239 	949 	948
f 4667 	4585 	4672
f 4669 	4663 	4659
f 4669 	4659 	4670
f 4486 	4483 	4666
f 4483 	4774 	4531
f 4579 	5019 	4568
f 4581 	5019 	4579
f 4239 	948 	4243
f 4584 	5019 	4581
f 4593 	5019 	4584
f 4668 	329 	4664
f 4593 	4595 	5019
f 963 	4243 	947
f 4674 	4675 	4676
f 4595 	4598 	5019
f 4727 	4760 	4673
f 4677 	4678 	4673
f 4678 	4679 	4673
f 4679 	4467 	4673
f 3753 	4673 	4467
f 4680 	4681 	4682
f 4680 	4682 	4683
f 4598 	4600 	5019
f 4684 	4685 	4686
f 4684 	4686 	4687
f 3410 	4545 	4544
f 4682 	4653 	4655
f 4682 	4655 	4675
f 4547 	4545 	3409
f 4606 	4608 	5019
f 4608 	4609 	5019
f 4600 	4606 	5019
f 4613 	4615 	5019
f 4257 	4253 	960
f 4681 	4686 	4657
f 4686 	4685 	4657
f 4656 	4657 	4685
f 4685 	339 	4656
f 340 	4656 	339
f 4587 	4688 	4672
f 4609 	4613 	5019
f 4615 	4616 	5019
f 4547 	3409 	4554
f 960 	959 	4257
f 4688 	4587 	4691
f 4616 	1485 	5019
f 4554 	3405 	4561
f 4693 	4791 	4692
f 4694 	4695 	4711
f 4724 	4711 	4695
f 1485 	1491 	5019
f 4260 	959 	958
f 4696 	4697 	4698
f 1491 	1497 	5019
f 1497 	1655 	5019
f 4691 	4588 	4617
f 4561 	3405 	4562
f 4702 	4571 	4572
f 4702 	4572 	4703
f 4700 	4701 	4699
f 4701 	650 	4699
f 664 	4699 	650
f 3975 	5019 	4983
f 3975 	4568 	5019
f 4574 	4704 	4572
f 4703 	4572 	4704
f 4674 	4697 	4683
f 4676 	4705 	4674
f 4705 	4697 	4674
f 4696 	4683 	4697
f 4700 	4687 	4680
f 4700 	4680 	4701
f 4704 	4574 	4577
f 3829 	730 	4221
f 4684 	4699 	664
f 3441 	3440 	4566
f 4525 	4707 	6844
f 4706 	4589 	4710
f 3440 	3439 	4570
f 4712 	4721 	4715
f 4715 	4692 	4712
f 4692 	4694 	4712
f 4814 	1906 	4713
f 1906 	559 	4713
f 4597 	4716 	4710
f 4570 	3439 	4573
f 951 	4226 	952
f 4716 	4597 	4602
f 4716 	4602 	4719
f 4708 	4698 	4718
f 4708 	4718 	4709
f 4571 	4702 	4602
f 4719 	4602 	4702
f 3417 	4578 	4576
f 4714 	4715 	4721
f 4720 	4721 	4712
f 4723 	4443 	4722
f 4724 	4725 	4711
f 5365 	5363 	4452
f 4723 	4722 	4080
f 4723 	4080 	4081
f 1824 	4311 	1828
f 4693 	4714 	4708
f 4693 	4708 	4689
f 5409 	4456 	5411
f 4711 	4712 	4694
f 947 	4243 	948
f 4734 	4637 	4732
f 4636 	4732 	4637
f 4728 	4759 	4727
f 5094 	5095 	4952
f 5093 	5094 	4952
f 5095 	5096 	4952
f 5092 	5093 	4952
f 5091 	5092 	4952
f 5090 	5091 	4952
f 5089 	5090 	4952
f 5028 	5089 	4952
f 5027 	5028 	4952
f 5026 	5027 	4952
f 4958 	5026 	4952
f 4642 	4645 	4743
f 700 	4743 	4645
f 700 	4645 	597
f 4249 	4243 	963
f 3053 	3385 	2879
f 2978 	3385 	3053
f 3385 	3407 	2924
f 2978 	2975 	3385
f 2946 	2941 	3385
f 3040 	3384 	3046
f 3032 	3384 	3040
f 961 	4253 	963
f 3059 	2773 	2871
f 961 	960 	4253
f 3066 	2773 	3059
f 3076 	2773 	3066
f 3391 	3390 	4529
f 3084 	2773 	3076
f 4754 	4755 	4733
f 4731 	4733 	4755
f 4755 	4756 	4731
f 4730 	4731 	4756
f 4756 	4757 	4730
f 4729 	4730 	4757
f 4757 	4758 	4729
f 4728 	4729 	4758
f 4759 	4728 	4758
f 4760 	4727 	4759
f 4677 	4673 	4760
f 4733 	4735 	4754
f 4529 	3390 	3389
f 5219 	5224 	4717
f 3091 	2773 	3084
f 3097 	2773 	3091
f 3102 	2773 	3097
f 4495 	4717 	4713
f 956 	4269 	4266
f 3108 	2773 	3102
f 3115 	2773 	3108
f 4446 	2848 	4454
f 4769 	4483 	4767
f 3121 	2773 	3115
f 4454 	2865 	2773
f 4770 	4483 	4769
f 3126 	2773 	3121
f 3133 	3223 	3126
f 4540 	4539 	3412
f 4771 	4483 	4770
f 3139 	3223 	3133
f 4717 	4495 	5219
f 4776 	4530 	4774
f 953 	4225 	4221
f 4540 	3412 	4544
f 4531 	4774 	4530
f 3161 	3172 	3223
f 4226 	4225 	953
f 4777 	4530 	4776
f 5215 	5219 	4495
f 3227 	3223 	3210
f 951 	4228 	4226
f 4779 	4530 	4777
f 3172 	3210 	3223
f 951 	950 	4228
f 3232 	3227 	3210
f 4771 	4774 	4483
f 4780 	4008 	4713
f 4009 	4713 	4008
f 3409 	3406 	4554
f 949 	4235 	4232
f 4554 	3406 	3405
f 4239 	4235 	949
f 3405 	3404 	4562
f 3238 	3232 	3210
f 4786 	4483 	4784
f 4787 	4483 	4786
f 4563 	4562 	3403
f 3404 	3403 	4562
f 3185 	3167 	3418
f 3408 	3418 	3167
f 3167 	2929 	3408
f 2929 	2924 	3408
f 3407 	3408 	2924
f 3391 	4524 	3403
f 4692 	4791 	4694
f 4747 	4694 	4791
f 4780 	4717 	5224
f 3441 	4566 	4565
f 4784 	4483 	4783
f 4253 	4249 	963
f 4793 	4724 	4695
f 4793 	4695 	4794
f 4726 	4847 	4895
f 4795 	4483 	4792
f 4690 	4796 	4689
f 4734 	4689 	4796
f 4797 	4483 	4795
f 4740 	4849 	4726
f 4847 	4726 	4849
f 4638 	4799 	4639
f 4798 	4639 	4799
f 4800 	4483 	4797
f 3439 	3438 	4573
f 4801 	4643 	4636
f 4801 	4636 	4802
f 4744 	4851 	4740
f 4849 	4740 	4851
f 4803 	4483 	4800
f 4790 	4483 	4789
f 958 	4264 	4260
f 4804 	4646 	4641
f 4804 	4641 	4805
f 4573 	3438 	4575
f 4851 	4744 	4746
f 4851 	4746 	4853
f 4266 	4264 	958
f 4630 	4806 	4631
f 3416 	4578 	3417
f 4857 	4853 	4751
f 4746 	4751 	4853
f 4808 	4804 	4629
f 4629 	4634 	4808
f 4798 	4806 	4802
f 4630 	4802 	4806
f 4761 	4859 	4751
f 4857 	4751 	4859
f 5224 	4035 	4780
f 4717 	4780 	4713
f 4805 	4629 	4804
f 4801 	4629 	4805
f 357 	4804 	4808
f 357 	4808 	355
f 3437 	3417 	4575
f 4764 	4863 	4761
f 4859 	4761 	4863
f 4713 	4009 	4809
f 4763 	4814 	4762
f 3416 	3413 	4578
f 4867 	4863 	4765
f 4764 	4765 	4863
f 4812 	4634 	4633
f 4812 	4633 	4813
f 609 	627 	4814
f 591 	593 	582
f 4628 	4816 	315
f 4867 	4765 	4766
f 4811 	4824 	4810
f 4813 	4810 	4819
f 4539 	4578 	3413
f 4820 	4814 	4818
f 4817 	4814 	4815
f 4812 	4822 	4816
f 4876 	4871 	4768
f 4823 	4814 	4821
f 4539 	3413 	3412
f 1978 	1979 	5056
f 3412 	3411 	4544
f 4820 	4821 	4814
f 4762 	4814 	4823
f 4525 	6842 	4814
f 5056 	1979 	1984
f 4768 	4589 	4706
f 4544 	3411 	3410
f 4828 	2430 	4826
f 4879 	4880 	4772
f 4773 	4772 	4880
f 4767 	4483 	4803
f 5263 	4783 	4483
f 4792 	4483 	4790
f 4775 	4882 	4772
f 4879 	4772 	4882
f 4648 	4649 	4832
f 4520 	4528 	4519
f 4882 	4775 	4778
f 4882 	4778 	4884
f 5076 	2071 	2073
f 4833 	4652 	4831
f 4651 	4831 	4652
f 4825 	4631 	4834
f 4806 	4834 	4631
f 2074 	5084 	2073
f 4530 	4835 	4836
f 6233 	4528 	4836
f 2166 	4528 	6228
f 3806 	4528 	3805
f 4533 	4483 	4531
f 4824 	5039 	4591
f 4889 	4782 	4781
f 4889 	4781 	4888
f 5099 	2074 	2091
f 4884 	4778 	4785
f 4884 	4785 	4891
f 4819 	4591 	4822
f 4565 	3442 	3441
f 4782 	4889 	4785
f 4891 	4785 	4889
f 4819 	4810 	4591
f 4838 	4839 	4894
f 4530 	4894 	4839
f 4840 	4530 	4839
f 4841 	4530 	4840
f 4835 	4530 	4841
f 4788 	4895 	4781
f 4888 	4781 	4895
f 3156 	3161 	3223
f 4505 	2773 	3223
f 4843 	2430 	4830
f 4828 	4830 	2430
f 4844 	2430 	4843
f 4895 	4788 	4726
f 3193 	3185 	3418
f 3418 	3419 	3193
f 4845 	4846 	2430
f 4846 	4852 	2430
f 4779 	4842 	4530
f 2773 	3126 	3223
f 3438 	3437 	4575
f 4848 	4530 	4842
f 5118 	2105 	5122
f 3145 	3156 	3223
f 2108 	2110 	5122
f 994 	4341 	995
f 4576 	4575 	3417
f 3262 	3210 	3268
f 3259 	3210 	3262
f 3256 	3210 	3259
f 3253 	3210 	3256
f 3248 	3210 	3253
f 3243 	3210 	3248
f 3238 	3210 	3243
f 3139 	3145 	3223
f 3428 	3429 	3210
f 993 	4341 	994
f 515 	514 	3378
f 4858 	3378 	514
f 4565 	4745 	3442
f 3456 	3442 	4745
f 3378 	4858 	3386
f 4862 	3386 	4858
f 3456 	4745 	3278
f 4866 	3392 	3386
f 4866 	3386 	4862
f 5155 	5153 	2131
f 4869 	2430 	4865
f 2430 	2282 	4865
f 4868 	3393 	3392
f 4868 	3392 	4866
f 4867 	4766 	4871
f 4870 	3394 	3393
f 4870 	3393 	4868
f 4873 	2430 	4872
f 4874 	3399 	3394
f 4874 	3394 	4870
f 4875 	2430 	4873
f 4766 	4768 	4871
f 4877 	3400 	3399
f 4877 	3399 	4874
f 5050 	5043 	1978
f 5050 	1978 	5056
f 4876 	4768 	4706
f 4850 	4530 	4848
f 566 	565 	4878
f 3415 	4878 	565
f 3415 	4881 	4878
f 3436 	4881 	3415
f 3435 	4883 	4881
f 3435 	4881 	3436
f 3434 	4885 	4883
f 3434 	4883 	3435
f 3815 	6508 	3813
f 4885 	3434 	3433
f 4885 	3433 	4886
f 4850 	4894 	4530
f 4886 	3433 	3430
f 4886 	3430 	4887
f 4887 	3430 	3426
f 4887 	3426 	4890
f 4890 	3426 	3425
f 4890 	3425 	4892
f 4837 	4838 	4894
f 4892 	3425 	3424
f 4892 	3424 	4893
f 2091 	2095 	5099
f 3824 	3825 	3862
f 3879 	3862 	3825
f 3825 	3828 	3879
f 4596 	5115 	4896
f 4897 	4916 	4894
f 4898 	4915 	4897
f 4899 	4914 	4898
f 4901 	4914 	4899
f 4902 	4913 	4901
f 4903 	4913 	4902
f 5401 	4910 	4906
f 5400 	5401 	4906
f 5399 	5400 	4906
f 4601 	5042 	4599
f 3424 	4978 	4893
f 3915 	3920 	3836
f 3831 	3832 	3873
f 3830 	3831 	3873
f 580 	581 	3443
f 4947 	3443 	581
f 3836 	3838 	3915
f 2116 	5139 	2114
f 4909 	4917 	5584
f 4912 	4904 	4911
f 4913 	4903 	4912
f 4914 	4901 	4913
f 4915 	4898 	4914
f 4916 	4897 	4915
f 4837 	4894 	4918
f 4918 	4894 	4916
f 5143 	5139 	2118
f 2116 	2118 	5139
f 4919 	3453 	3452
f 4919 	3452 	4921
f 5584 	4917 	4286
f 2119 	5149 	2118
f 3840 	3842 	3909
f 4921 	3452 	3451
f 4921 	3451 	4922
f 4923 	6238 	4920
f 3907 	3909 	3842
f 4922 	3451 	3450
f 4922 	3450 	4925
f 4925 	3450 	3449
f 4925 	3449 	4927
f 4927 	3449 	3448
f 4927 	3448 	4929
f 1977 	5043 	2131
f 4930 	5429 	4928
f 4928 	6238 	4926
f 4929 	3448 	3447
f 4929 	3447 	4933
f 4087 	4102 	3846
f 4102 	3907 	3846
f 4939 	4935 	1702
f 1699 	1702 	4935
f 4933 	3447 	3446
f 4933 	3446 	4936
f 4936 	3446 	3445
f 4936 	3445 	4941
f 4935 	4945 	1699
f 4960 	4964 	4935
f 4943 	5429 	4940
f 4941 	3445 	3444
f 4941 	3444 	4944
f 3846 	3826 	4087
f 4945 	1707 	1699
f 4944 	3444 	3443
f 4944 	3443 	4947
f 3400 	4877 	3454
f 4949 	3454 	4877
f 4384 	4376 	1038
f 4599 	5115 	4596
f 4955 	4956 	4954
f 4953 	4954 	4956
f 4952 	4953 	4956
f 4952 	4956 	4957
f 4952 	4957 	4958
f 5097 	5100 	4952
f 5096 	5097 	4952
f 4939 	4959 	4935
f 4960 	4935 	4959
f 4945 	4935 	4964
f 4959 	4965 	4960
f 4964 	4960 	4965
f 4950 	3455 	3454
f 4950 	3454 	4949
f 4969 	3457 	3455
f 4969 	3455 	4950
f 4965 	5228 	4971
f 4972 	3458 	3457
f 4972 	3457 	4969
f 4964 	4965 	4971
f 4869 	4872 	2430
f 4826 	2430 	4875
f 4974 	3459 	3458
f 4974 	3458 	4972
f 4852 	4854 	2430
f 4814 	2430 	4854
f 4814 	4854 	4855
f 4814 	4855 	4856
f 4856 	4815 	4814
f 4817 	4818 	4814
f 4945 	4964 	4975
f 4971 	4975 	4964
f 1705 	4971 	3884
f 4981 	4983 	4994
f 2439 	4994 	4983
f 6559 	3847 	6616
f 3852 	6616 	3847
f 3855 	3850 	3849
f 3858 	3859 	4032
f 5010 	5011 	4994
f 2522 	2523 	4994
f 2521 	2522 	4994
f 2523 	2524 	4994
f 2439 	2521 	4994
f 2524 	5010 	4994
f 1050 	4420 	1051
f 4995 	3465 	4974
f 1050 	1049 	4420
f 5569 	4900 	4907
f 5569 	4907 	5572
f 3851 	3849 	3850
f 5013 	5014 	4992
f 5012 	5013 	4993
f 4993 	4994 	5012
f 4908 	5574 	4907
f 5572 	4907 	5574
f 5071 	4346 	2070
f 5574 	4908 	4909
f 5574 	4909 	5578
f 3976 	3978 	4032
f 3859 	3976 	4032
f 4998 	4999 	5005
f 5006 	5007 	5005
f 5007 	5008 	5005
f 4998 	5005 	5008
f 2070 	5076 	5071
f 4909 	5584 	5578
f 5015 	5004 	4988
f 5004 	5005 	4988
f 4988 	4990 	5015
f 5000 	5001 	5005
f 4999 	5000 	5005
f 5001 	4988 	5005
f 4991 	4992 	5014
f 3815 	3824 	3862
f 1004 	4369 	1005
f 4614 	4461 	4924
f 3862 	6508 	3815
f 3471 	5017 	5016
f 4994 	5018 	4981
f 5002 	5017 	3471
f 1003 	1002 	4376
f 3924 	3867 	3834
f 3870 	3873 	3832
f 3873 	3876 	3830
f 3828 	3830 	3876
f 5023 	4209 	5021
f 5021 	4209 	4973
f 1002 	1038 	4376
f 3876 	3879 	3828
f 5110 	5108 	2102
f 2100 	2102 	5108
f 4384 	1038 	1037
f 4182 	4209 	5025
f 4209 	5023 	5025
f 5118 	5110 	2102
f 1037 	1036 	4390
f 3464 	4978 	3424
f 3463 	4980 	4978
f 3463 	4978 	3464
f 1036 	807 	4390
f 4474 	4029 	3892
f 2110 	5126 	5122
f 4450 	4474 	3892
f 4207 	4450 	3892
f 4980 	3463 	4984
f 3462 	4984 	3463
f 4946 	5647 	4948
f 3468 	2439 	4983
f 3468 	4983 	5019
f 3461 	4986 	4984
f 3461 	4984 	3462
f 4993 	5030 	5031
f 4993 	5031 	4994
f 5650 	4951 	4948
f 4986 	3461 	4989
f 3460 	4989 	3461
f 4992 	5033 	5030
f 4992 	5030 	4993
f 5034 	5115 	5032
f 5029 	5120 	4962
f 3460 	3473 	4989
f 4991 	5035 	5033
f 4991 	5033 	4992
f 5032 	5120 	5029
f 4990 	5036 	5035
f 4990 	5035 	4991
f 3459 	4974 	3465
f 5143 	2118 	5149
f 4988 	5037 	5036
f 4988 	5036 	4990
f 4961 	5657 	4966
f 4962 	5120 	2744
f 2744 	5057 	2741
f 1054 	1053 	4406
f 4996 	3466 	3465
f 4996 	3465 	4995
f 5065 	5037 	4988
f 5153 	5149 	2126
f 3466 	4996 	3467
f 4997 	3467 	4996
f 2760 	5057 	2757
f 4994 	5031 	5018
f 5657 	4970 	4966
f 4408 	4406 	1052
f 5020 	3467 	4997
f 2126 	2131 	5153
f 1052 	1051 	4417
f 5002 	3470 	5003
f 3469 	5003 	3470
f 5039 	4824 	5038
f 5040 	5041 	4591
f 5041 	5042 	4591
f 4603 	4604 	5042
f 5120 	5032 	5115
f 4896 	5115 	5034
f 4825 	5038 	4824
f 1051 	4420 	4417
f 3469 	3503 	5003
f 5018 	5031 	5030
f 5030 	5033 	5018
f 1049 	4425 	4420
f 5009 	4989 	3473
f 5035 	5018 	5033
f 5045 	5046 	5047
f 5048 	5049 	5047
f 5045 	5047 	5049
f 1977 	1978 	5043
f 3472 	5016 	5009
f 3472 	5009 	3473
f 4425 	1049 	1048
f 5051 	5052 	5053
f 5051 	5053 	5054
f 5016 	3472 	3471
f 5057 	2744 	5120
f 4363 	1048 	1006
f 4982 	4985 	5676
f 3470 	5002 	3471
f 5056 	4945 	5050
f 1061 	4442 	988
f 3467 	5020 	3474
f 5061 	5056 	1984
f 5676 	4985 	4987
f 6508 	4981 	5018
f 5062 	5063 	5064
f 5022 	3476 	3474
f 5022 	3474 	5020
f 5050 	4945 	5043
f 5001 	5065 	4988
f 3476 	5022 	3479
f 5024 	3479 	5022
f 1984 	4125 	5061
f 5000 	5067 	5065
f 5000 	5065 	5001
f 4999 	5068 	5067
f 4999 	5067 	5000
f 4125 	4132 	4945
f 4998 	5069 	5068
f 4998 	5068 	4999
f 4269 	956 	4293
f 4293 	956 	984
f 5069 	4998 	5073
f 4998 	5008 	5073
f 4932 	5637 	4938
f 4293 	984 	4297
f 983 	4297 	984
f 3500 	5075 	5072
f 4297 	983 	4301
f 982 	4301 	983
f 5078 	5075 	3500
f 5644 	5647 	4942
f 3920 	3924 	3836
f 3838 	3840 	3912
f 981 	4304 	4301
f 981 	4301 	982
f 3834 	3836 	3924
f 2073 	5080 	5076
f 5650 	4948 	5647
f 5080 	4975 	5076
f 4304 	981 	4306
f 980 	4306 	981
f 3833 	3834 	3867
f 5084 	5080 	2073
f 979 	4310 	4306
f 979 	4306 	980
f 3867 	3870 	3833
f 5071 	5076 	4975
f 3496 	5086 	5083
f 5085 	5014 	5087
f 4310 	979 	4314
f 978 	4314 	979
f 5088 	5086 	3496
f 3832 	3833 	3870
f 977 	4317 	4314
f 977 	4314 	978
f 4961 	5654 	5657
f 4742 	4952 	5100
f 4741 	4742 	5100
f 5100 	4748 	4741
f 4739 	4741 	4748
f 4748 	4749 	4739
f 4738 	4739 	4749
f 4749 	4750 	4738
f 4737 	4738 	4750
f 4750 	4752 	4737
f 4736 	4737 	4752
f 4752 	4753 	4736
f 4735 	4736 	4753
f 2074 	5099 	5084
f 5333 	5055 	5059
f 5058 	5066 	5059
f 5066 	5346 	5059
f 4317 	977 	4320
f 976 	4320 	977
f 4753 	4754 	4735
f 3978 	3980 	4032
f 3980 	3982 	4032
f 3982 	3984 	4032
f 3984 	4016 	4032
f 975 	4323 	4320
f 975 	4320 	976
f 5106 	5150 	5104
f 974 	4324 	4323
f 974 	4323 	975
f 2100 	5108 	5103
f 4324 	974 	4290
f 973 	4290 	974
f 5099 	4975 	5084
f 5064 	5063 	5105
f 5063 	5360 	5105
f 5109 	5102 	5107
f 5102 	5104 	5107
f 5150 	5107 	5104
f 5106 	5130 	5150
f 4031 	4032 	4024
f 4979 	5671 	4976
f 973 	999 	4290
f 4329 	4290 	999
f 5112 	5048 	5111
f 5047 	5111 	5048
f 4329 	999 	4332
f 998 	4332 	999
f 5674 	5671 	4982
f 5080 	5084 	4975
f 5110 	5118 	4975
f 3886 	3889 	4029
f 997 	4335 	4332
f 997 	4332 	998
f 3889 	3892 	4029
f 5674 	4982 	5676
f 5119 	5212 	5117
f 5116 	5120 	5115
f 5103 	4975 	5099
f 5118 	5122 	4975
f 4335 	997 	4339
f 995 	4339 	997
f 5055 	5057 	5120
f 4341 	4339 	995
f 5121 	5209 	5119
f 4031 	3886 	4029
f 5111 	5047 	5062
f 4945 	4975 	5122
f 5124 	5218 	5123
f 993 	4342 	4341
f 3855 	3858 	4032
f 5040 	5125 	5127
f 5040 	5127 	5041
f 991 	4343 	4342
f 991 	4342 	993
f 3850 	3855 	4032
f 5108 	4975 	5103
f 5126 	4945 	5122
f 5188 	5218 	5124
f 5129 	5111 	5062
f 5129 	5062 	5064
f 5064 	5058 	5129
f 5132 	5146 	5130
f 4092 	4086 	3576
f 4041 	3573 	4086
f 3826 	4037 	4087
f 3573 	3576 	4086
f 2110 	2114 	5126
f 5133 	5126 	2114
f 4050 	4048 	3590
f 4343 	991 	4345
f 990 	4345 	991
f 3590 	3591 	4050
f 5136 	5127 	5138
f 5059 	5060 	5058
f 5139 	5133 	2114
f 989 	4349 	4345
f 989 	4345 	990
f 5115 	5042 	5136
f 4349 	989 	4356
f 988 	4356 	989
f 5138 	5058 	5060
f 5116 	5138 	5060
f 3580 	3583 	4095
f 4095 	4092 	3580
f 3576 	3580 	4092
f 4098 	4095 	3583
f 3583 	3587 	4098
f 5141 	5114 	5137
f 5127 	5129 	5058
f 5058 	5138 	5127
f 4442 	4356 	988
f 5133 	5139 	4945
f 5150 	5130 	5146
f 5145 	5134 	5142
f 5054 	5045 	5044
f 5044 	5045 	5151
f 5149 	4945 	5143
f 4086 	4087 	4041
f 4039 	4041 	4087
f 4037 	4039 	4087
f 3909 	3912 	3840
f 3842 	3845 	3907
f 3845 	3846 	3907
f 5039 	5038 	5048
f 5148 	5048 	5038
f 1006 	1005 	4363
f 2119 	2126 	5149
f 3912 	3915 	3838
f 5143 	4945 	5139
f 5049 	5151 	5045
f 5145 	5146 	5132
f 5145 	5132 	5134
f 5113 	5142 	5134
f 5114 	5141 	5113
f 5117 	5137 	5114
f 5123 	5209 	5121
f 5212 	5137 	5117
f 4127 	4124 	4200
f 5115 	4599 	5042
f 5039 	5040 	4591
f 3903 	3907 	4102
f 4374 	4369 	1003
f 1004 	1003 	4369
f 5158 	5218 	5156
f 5159 	5218 	5158
f 4374 	1003 	4376
f 5155 	2131 	5043
f 5163 	5218 	5159
f 5165 	5218 	5163
f 5167 	5218 	5165
f 5149 	5153 	4945
f 5153 	5155 	4945
f 5043 	4945 	5155
f 5169 	5328 	5168
f 4975 	4346 	5071
f 4194 	4200 	4124
f 4190 	4194 	4123
f 4123 	4120 	4190
f 4184 	4190 	4117
f 4113 	4184 	4117
f 3903 	4102 	3899
f 5175 	5218 	5173
f 5110 	4975 	5108
f 4945 	5126 	5133
f 5087 	5014 	5177
f 5170 	5218 	5167
f 5061 	4125 	4945
f 5056 	5061 	4945
f 4314 	4317 	4963
f 4442 	1061 	1056
f 436 	439 	5183
f 5181 	5011 	5185
f 4939 	452 	4959
f 5185 	5011 	5010
f 5185 	5010 	5187
f 5170 	5173 	5218
f 4317 	4320 	4963
f 4963 	4967 	4314
f 4301 	4304 	4973
f 4973 	4209 	4301
f 4297 	4301 	4209
f 5186 	3491 	4919
f 1054 	4401 	1055
f 4959 	2801 	2809
f 2809 	5228 	4959
f 1054 	4406 	4401
f 5187 	5010 	3807
f 5194 	5218 	5191
f 5191 	5218 	5188
f 1053 	1052 	4406
f 5196 	5218 	5194
f 4809 	4814 	4713
f 4809 	5183 	4814
f 5073 	5008 	5074
f 5007 	5074 	5008
f 4809 	2190 	5183
f 5006 	5077 	5074
f 5006 	5074 	5007
f 5202 	5218 	5198
f 5198 	5218 	5196
f 3884 	4977 	5203
f 3884 	5203 	4481
f 431 	1228 	4499
f 5077 	5006 	5079
f 5005 	5079 	5006
f 5156 	5218 	5202
f 5212 	5119 	5209
f 5209 	5123 	5218
f 5004 	5082 	5079
f 5004 	5079 	5005
f 5004 	5015 	5082
f 4492 	4491 	5213
f 5085 	5082 	5015
f 5142 	5113 	5141
f 5085 	5015 	5014
f 5213 	5215 	4492
f 5013 	5177 	5014
f 5177 	5013 	5181
f 5012 	5181 	5013
f 4517 	4515 	4164
f 4515 	4513 	4164
f 4363 	1005 	4367
f 4367 	1005 	4369
f 4136 	4135 	4167
f 4141 	4136 	4179
f 4167 	4179 	4136
f 5229 	5263 	5225
f 4977 	4971 	5228
f 4179 	4184 	4108
f 4108 	4141 	4179
f 5232 	5263 	5229
f 4965 	4959 	5228
f 4113 	4108 	4184
f 4120 	4117 	4190
f 6093 	6097 	5208
f 5236 	5263 	5234
f 5172 	5328 	5169
f 4124 	4123 	4194
f 4384 	1037 	4386
f 6093 	5206 	1228
f 5237 	5263 	5236
f 4200 	3899 	4127
f 1037 	4390 	4386
f 5206 	6093 	5208
f 5238 	5263 	5237
f 4102 	4127 	3899
f 5239 	5263 	5238
f 5247 	5249 	5323
f 2779 	2784 	5332
f 2787 	2792 	5332
f 5245 	5247 	5323
f 5313 	5323 	5249
f 5174 	5245 	5323
f 5172 	5174 	5323
f 5208 	6097 	5213
f 5213 	6097 	5215
f 1056 	4396 	4442
f 5232 	5234 	5263
f 4783 	5263 	5239
f 4789 	4483 	4787
f 5242 	5328 	5241
f 4396 	1056 	4399
f 1055 	4399 	1056
f 5215 	6097 	5219
f 5224 	5219 	6097
f 5161 	5328 	5242
f 5162 	5328 	5161
f 4227 	4231 	4251
f 4214 	4215 	4450
f 4211 	4214 	4450
f 4401 	4399 	1055
f 5244 	5307 	5243
f 4231 	4236 	4256
f 4256 	4251 	4231
f 5193 	5775 	5197
f 5246 	5263 	5244
f 5249 	5251 	5313
f 2809 	5203 	5228
f 4977 	5228 	5203
f 4265 	4261 	4236
f 5248 	5263 	5246
f 5777 	5200 	5197
f 5251 	5253 	5313
f 5250 	5263 	5248
f 5253 	5255 	5313
f 4408 	1052 	4417
f 4506 	4503 	4151
f 5254 	5263 	5252
f 4151 	4156 	4506
f 5312 	5313 	5259
f 4518 	4517 	4164
f 4508 	4506 	4156
f 5259 	2779 	5312
f 5257 	5262 	5256
f 5261 	5263 	5258
f 5207 	5784 	5211
f 4425 	1048 	4430
f 71 	5256 	5262
f 5332 	5312 	2779
f 4164 	4167 	4518
f 5256 	71 	5260
f 4430 	1048 	4363
f 5225 	5263 	5261
f 5254 	5258 	5263
f 5255 	5259 	5313
f 2784 	2787 	5332
f 4135 	4518 	4167
f 74 	69 	5260
f 5345 	5307 	5344
f 5263 	5264 	5244
f 5252 	5263 	5250
f 74 	5260 	71
f 2792 	2796 	5332
f 2796 	2799 	5332
f 2807 	2816 	5341
f 5181 	5012 	5011
f 5044 	4829 	5268
f 4827 	5268 	4829
f 5265 	5244 	5264
f 5266 	5244 	5265
f 5267 	5244 	5266
f 5269 	5244 	5267
f 5270 	5244 	5269
f 5271 	5244 	5270
f 5272 	5244 	5271
f 5273 	5244 	5272
f 5274 	5244 	5273
f 1073 	4467 	1074
f 4831 	4832 	5275
f 6843 	6789 	4649
f 5276 	5277 	5278
f 5279 	5280 	5281
f 5279 	5281 	5282
f 5035 	5036 	5018
f 4261 	4256 	4236
f 4503 	4501 	4151
f 4501 	4497 	4151
f 4270 	4265 	4240
f 4236 	4240 	4265
f 4251 	4464 	4227
f 4224 	4227 	4464
f 4464 	4455 	4224
f 4220 	4224 	4455
f 4455 	4448 	4220
f 4215 	4220 	4448
f 3760 	4469 	1072
f 5288 	5290 	5293
f 5288 	5293 	5295
f 5036 	5037 	5018
f 5285 	5244 	5284
f 5286 	5244 	5285
f 5284 	5244 	5283
f 5287 	5244 	5286
f 5289 	5244 	5287
f 5291 	5244 	5289
f 5292 	5244 	5291
f 5294 	5244 	5292
f 5296 	5244 	5294
f 5297 	5244 	5296
f 5304 	5244 	5297
f 5037 	5065 	5018
f 4468 	1073 	1072
f 4468 	1072 	4469
f 5067 	5018 	5065
f 4448 	4450 	4215
f 4207 	4211 	4450
f 4024 	3886 	4031
f 5301 	5302 	5300
f 5302 	5303 	5300
f 5299 	5300 	5303
f 1073 	4468 	4467
f 4016 	4018 	4032
f 5306 	5244 	5305
f 5307 	5244 	5306
f 5305 	5244 	5304
f 5283 	5244 	5274
f 5308 	5066 	5371
f 4021 	4024 	4032
f 4018 	4021 	4032
f 5554 	5557 	5309
f 1137 	1074 	4467
f 5069 	5073 	6508
f 5074 	5077 	6508
f 5074 	6508 	5073
f 5068 	6508 	5067
f 5018 	5067 	6508
f 5315 	5346 	5314
f 5386 	5388 	5311
f 5077 	5079 	6508
f 5315 	5323 	5313
f 4906 	5316 	5317
f 4906 	5317 	5318
f 4906 	5318 	5319
f 4906 	5319 	5320
f 4906 	5320 	5321
f 4906 	5321 	5322
f 4906 	5322 	5324
f 4906 	5324 	5325
f 4906 	5325 	5326
f 5329 	4906 	5326
f 5079 	5082 	6508
f 5310 	5327 	5314
f 5314 	5311 	5310
f 5327 	5328 	5323
f 4273 	4271 	4245
f 4245 	4151 	4277
f 4280 	4277 	4151
f 4277 	4275 	4245
f 4275 	4273 	4245
f 4490 	4280 	4151
f 4240 	4245 	4271
f 4271 	4270 	4240
f 4497 	4490 	4151
f 4156 	4164 	4513
f 4513 	4512 	4156
f 4512 	4510 	4156
f 4510 	4508 	4156
f 5082 	5085 	6508
f 5085 	5087 	6508
f 4482 	1083 	4483
f 1082 	4483 	1083
f 5087 	5177 	6508
f 5164 	5328 	5162
f 5168 	5328 	5164
f 5172 	5323 	5328
f 4480 	1084 	4482
f 1083 	4482 	1084
f 5177 	5181 	6508
f 5181 	5185 	6508
f 5332 	5333 	5312
f 5157 	5753 	5160
f 5185 	5187 	6508
f 4529 	4474 	4524
f 4532 	4474 	4529
f 1084 	4480 	3785
f 4906 	5329 	5330
f 4906 	5330 	5331
f 4906 	5331 	5348
f 5348 	5349 	4906
f 4906 	5334 	5335
f 4906 	5335 	5336
f 4906 	5336 	5337
f 4906 	5337 	5338
f 4906 	5338 	5339
f 4906 	5339 	5340
f 4906 	5340 	5342
f 5342 	5399 	4906
f 5187 	3807 	6508
f 3807 	3810 	6508
f 5343 	5332 	5341
f 4532 	4534 	4474
f 5166 	5160 	5754
f 5753 	5754 	5160
f 3810 	3813 	6508
f 4534 	4536 	4474
f 5341 	2757 	5057
f 5754 	5171 	5166
f 5311 	5314 	5346
f 5243 	5307 	5345
f 5557 	5559 	5309
f 4474 	4536 	4029
f 5333 	5059 	5346
f 5308 	5346 	5066
f 5311 	5346 	5308
f 4823 	5374 	5347
f 4823 	5347 	4762
f 4539 	4540 	4477
f 5350 	4906 	5349
f 5334 	4906 	5350
f 4762 	5347 	5351
f 4762 	5351 	4763
f 5178 	5176 	5761
f 4763 	5351 	5354
f 4763 	5354 	4807
f 5299 	5352 	5353
f 5366 	5300 	5353
f 5299 	5353 	5300
f 4540 	4544 	4477
f 4544 	4545 	4477
f 4807 	5354 	4707
f 4807 	4707 	4525
f 4545 	4547 	4477
f 5356 	5357 	5358
f 5356 	5358 	5360
f 5063 	5101 	5360
f 5101 	5356 	5360
f 4815 	5404 	5361
f 4815 	5361 	5363
f 4815 	5363 	4817
f 5362 	5367 	5429
f 4477 	4547 	4554
f 5761 	5176 	4976
f 4817 	5363 	5365
f 4817 	5365 	4818
f 5353 	5388 	5366
f 1101 	4522 	1104
f 4818 	5365 	5368
f 4818 	5368 	4820
f 4554 	4561 	4477
f 4561 	4562 	4477
f 4820 	5368 	5372
f 4820 	5372 	4821
f 4521 	1107 	4522
f 1104 	4522 	1107
f 5373 	5429 	5367
f 5369 	5370 	5371
f 4562 	4563 	4477
f 4821 	5372 	5374
f 4821 	5374 	4823
f 5375 	5429 	5373
f 1107 	4521 	1110
f 5775 	5193 	5189
f 4524 	4474 	4563
f 5376 	5308 	5379
f 5378 	5379 	5377
f 5359 	5362 	5429
f 5381 	4826 	5421
f 1110 	4519 	1115
f 5777 	5197 	5775
f 5384 	4828 	4826
f 5384 	4826 	5381
f 4477 	4563 	4474
f 5385 	5310 	5388
f 5387 	4830 	4828
f 5387 	4828 	5384
f 5380 	5429 	5375
f 5390 	4843 	4830
f 5390 	4830 	5387
f 5371 	5377 	5308
f 5377 	5379 	5308
f 5389 	5511 	5383
f 4569 	4745 	4566
f 4569 	4570 	4745
f 5392 	4844 	4843
f 5392 	4843 	5390
f 5393 	5501 	5391
f 5394 	4845 	4844
f 5394 	4844 	5392
f 4570 	4573 	4745
f 4573 	4575 	4745
f 1092 	4489 	1093
f 4486 	1093 	4489
f 5395 	4846 	4845
f 5395 	4845 	5394
f 5310 	5311 	5388
f 5403 	5499 	5393
f 4489 	1092 	1091
f 4489 	1091 	4496
f 4846 	5395 	5396
f 4846 	5396 	4852
f 5385 	5397 	5382
f 5397 	5364 	5382
f 5398 	4854 	4852
f 5398 	4852 	5396
f 4496 	1091 	1090
f 4496 	1090 	4498
f 4904 	4912 	4903
f 4905 	4906 	4910
f 4910 	4911 	4905
f 4904 	4905 	4911
f 5402 	4855 	4854
f 5402 	4854 	5398
f 1088 	4502 	1090
f 4498 	1090 	4502
f 5358 	5357 	5376
f 5379 	5358 	5376
f 5386 	5376 	5357
f 5357 	5366 	5386
f 5388 	5386 	5366
f 5404 	4856 	4855
f 5404 	4855 	5402
f 4539 	4477 	4578
f 4745 	4578 	4477
f 5404 	4815 	4856
f 5105 	5369 	5066
f 5371 	5066 	5369
f 5360 	5369 	5105
f 1088 	6429 	4502
f 5407 	5499 	5405
f 5275 	4832 	5298
f 5409 	4861 	4860
f 5409 	4860 	5406
f 1101 	1135 	4523
f 5405 	5499 	5403
f 5411 	4864 	4861
f 5411 	4861 	5409
f 5412 	5302 	5268
f 4565 	4566 	4745
f 4576 	4578 	4745
f 4575 	4576 	4745
f 5414 	4865 	4864
f 5414 	4864 	5411
f 1101 	4523 	4522
f 5414 	4869 	4865
f 5216 	5795 	5220
f 5416 	4869 	5414
f 4869 	5416 	5417
f 4869 	5417 	4872
f 4872 	5417 	5419
f 4872 	5419 	4873
f 4521 	4520 	1110
f 5800 	5222 	5220
f 4873 	5419 	5421
f 4873 	5421 	4875
f 1110 	4520 	4519
f 4875 	5421 	4826
f 4939 	6820 	452
f 5406 	4860 	1828
f 4440 	4444 	5402
f 1821 	4309 	1824
f 5804 	5805 	5226
f 1119 	4530 	4528
f 1119 	4528 	1120
f 5363 	5361 	4447
f 1958 	5431 	5425
f 5426 	5307 	5424
f 1120 	4528 	4527
f 1120 	4527 	1130
f 1958 	5425 	1344
f 5262 	1011 	71
f 5424 	5307 	5423
f 5344 	5307 	5426
f 5402 	5398 	4440
f 5396 	5395 	4436
f 4434 	4436 	5395
f 5398 	5396 	4440
f 1130 	4527 	4526
f 1130 	4526 	1135
f 2276 	5450 	5427
f 5416 	4459 	5417
f 5395 	5394 	4434
f 2276 	5427 	5428
f 2276 	5428 	2278
f 4526 	4523 	1135
f 2278 	5428 	5430
f 2278 	5430 	2280
f 1127 	4531 	4530
f 1127 	4530 	1119
f 2280 	5430 	5431
f 2280 	5431 	2282
f 1126 	4533 	4531
f 1126 	4531 	1127
f 2282 	5431 	1958
f 4452 	4419 	5365
f 5384 	4465 	5387
f 4465 	4466 	5387
f 5390 	5387 	4466
f 5381 	4465 	5384
f 5392 	5390 	4466
f 5421 	4465 	5381
f 4466 	4434 	5392
f 5419 	4462 	5421
f 5726 	5730 	5131
f 6238 	4928 	5429
f 4943 	5355 	5429
f 5355 	5359 	5429
f 5383 	5519 	5380
f 5391 	5505 	5389
f 1125 	4535 	4533
f 1125 	4533 	1126
f 5432 	2286 	5495
f 1124 	4537 	4535
f 1124 	4535 	1125
f 4465 	5421 	4462
f 5406 	4313 	5409
f 4444 	4447 	5404
f 1828 	4311 	5406
f 5433 	2289 	2286
f 5433 	2286 	5432
f 5730 	5735 	5135
f 1123 	4538 	4537
f 1123 	4537 	1124
f 5070 	5003 	3503
f 5434 	2291 	2289
f 5434 	2289 	5433
f 5415 	5307 	5413
f 5413 	5307 	5410
f 5423 	5307 	5422
f 5411 	4456 	5414
f 5414 	4459 	5416
f 5417 	4462 	5419
f 5739 	5144 	5735
f 1122 	4666 	4538
f 1122 	4538 	1123
f 5435 	2294 	2291
f 5435 	2291 	5434
f 5070 	3503 	3501
f 5070 	3501 	5072
f 3373 	47 	500
f 4592 	500 	47
f 5436 	2296 	2294
f 5436 	2294 	5435
f 5072 	3501 	3500
f 4486 	4666 	1093
f 4666 	1122 	1093
f 5144 	5739 	5147
f 5438 	2298 	2296
f 5438 	2296 	5436
f 3500 	3499 	5078
f 5439 	5380 	5437
f 5440 	2300 	2298
f 5440 	2298 	5438
f 4679 	1137 	4467
f 5441 	5380 	5439
f 3498 	5081 	3499
f 5078 	3499 	5081
f 5442 	2302 	2300
f 5442 	2300 	5440
f 4678 	1139 	1137
f 4678 	1137 	4679
f 5443 	5429 	5441
f 5444 	2304 	2302
f 5444 	2302 	5442
f 5081 	3498 	3497
f 5081 	3497 	5083
f 5748 	5751 	5152
f 4677 	1140 	1139
f 4677 	1139 	4678
f 5445 	5429 	5443
f 5446 	2307 	2304
f 5446 	2304 	5444
f 5083 	3497 	3496
f 5752 	5157 	5751
f 5447 	5429 	5445
f 5448 	2309 	2307
f 5448 	2307 	5446
f 3496 	3495 	5088
f 1143 	4727 	4673
f 5449 	5429 	5447
f 5450 	2312 	2309
f 5450 	2309 	5448
f 3494 	5098 	3495
f 5088 	3495 	5098
f 3742 	6190 	4673
f 1143 	4673 	6190
f 5450 	2276 	2312
f 5098 	3494 	3493
f 5098 	3493 	5179
f 1144 	4952 	4742
f 5453 	5429 	5451
f 3492 	5184 	3493
f 5179 	3493 	5184
f 1144 	4742 	4741
f 1144 	4741 	1147
f 5451 	5429 	5449
f 5184 	3492 	3491
f 5184 	3491 	5186
f 1147 	4741 	4739
f 1147 	4739 	1148
f 3491 	3453 	4919
f 1148 	4739 	4738
f 1148 	4738 	1149
f 288 	3490 	5455
f 5455 	6436 	5599
f 3479 	5024 	3512
f 5190 	3512 	5024
f 5454 	5429 	5453
f 5410 	5499 	5407
f 5604 	3334 	5457
f 3512 	5190 	3513
f 5192 	3513 	5190
f 5299 	5408 	5298
f 5408 	5275 	5298
f 5195 	3514 	3513
f 5195 	3513 	5192
f 5459 	5429 	5456
f 5458 	5282 	5276
f 5278 	5460 	5276
f 5458 	5276 	5460
f 5189 	5760 	5771
f 1219 	105 	5461
f 3514 	5195 	5217
f 5412 	5303 	5302
f 5288 	5268 	5302
f 5462 	1219 	5461
f 5463 	5429 	5459
f 3525 	5201 	3526
f 5199 	3526 	5201
f 5464 	5429 	5463
f 5456 	5429 	5454
f 5621 	6434 	5462
f 3526 	5199 	3528
f 5205 	3528 	5199
f 5178 	5760 	5189
f 5380 	5441 	5429
f 5567 	1011 	5262
f 5468 	1010 	5466
f 5465 	5461 	101
f 105 	101 	5461
f 5625 	5465 	3373
f 5189 	5771 	5775
f 5210 	3531 	3528
f 5210 	3528 	5205
f 4596 	5467 	5469
f 4596 	5469 	4599
f 5470 	1010 	5468
f 4599 	5469 	5471
f 4599 	5471 	4601
f 5201 	3525 	5235
f 3549 	5235 	3525
f 5472 	1010 	5470
f 5483 	213 	5473
f 5262 	5257 	5567
f 4601 	5471 	5474
f 4601 	5474 	4603
f 5210 	5509 	3531
f 5476 	1010 	5472
f 213 	4334 	5473
f 4603 	5474 	5477
f 4603 	5477 	4604
f 5478 	1010 	5476
f 4604 	5477 	5479
f 4604 	5479 	4605
f 5480 	1010 	5478
f 5466 	1010 	5464
f 5475 	1743 	5701
f 5702 	5632 	1743
f 5481 	2319 	2315
f 5481 	2315 	5452
f 4605 	5479 	5482
f 4605 	5482 	4607
f 3535 	3514 	5217
f 5484 	1010 	5480
f 5485 	2323 	2319
f 5485 	2319 	5481
f 5488 	4607 	5482
f 3535 	5217 	3537
f 5221 	3537 	5217
f 5784 	5207 	5204
f 5711 	213 	5483
f 5487 	1010 	5484
f 5486 	2326 	2323
f 5486 	2323 	5485
f 5488 	4611 	4607
f 5223 	3539 	3537
f 5223 	3537 	5221
f 5489 	2328 	2326
f 5489 	2326 	5486
f 5211 	5784 	5787
f 5227 	3542 	5223
f 3539 	5223 	3542
f 5490 	2333 	5489
f 2328 	5489 	2333
f 5475 	5461 	5473
f 3542 	5227 	5230
f 3542 	5230 	3545
f 2333 	5490 	5491
f 2333 	5491 	2335
f 5477 	5474 	6742
f 6740 	6742 	5474
f 5474 	5471 	6740
f 6759 	6740 	5471
f 5469 	6759 	5471
f 5467 	6758 	5469
f 2335 	5491 	5492
f 2335 	5492 	2427
f 5233 	3546 	5230
f 3545 	5230 	3546
f 5422 	5307 	5420
f 5551 	5309 	5550
f 5211 	5787 	5214
f 2427 	5492 	5493
f 2427 	5493 	2428
f 3546 	5233 	5235
f 3546 	5235 	3549
f 2428 	5493 	5495
f 2428 	5495 	2429
f 5795 	5216 	5793
f 5214 	5793 	5216
f 5473 	5461 	5465
f 6262 	6764 	6266
f 5496 	5498 	5307
f 2429 	5495 	2286
f 3556 	3623 	5497
f 5498 	5499 	5307
f 5475 	5462 	5461
f 5800 	5220 	5795
f 5502 	3556 	5497
f 5475 	5701 	5462
f 5621 	5462 	5701
f 1247 	1033 	1862
f 5499 	5410 	5307
f 5465 	5483 	5473
f 5501 	5393 	5499
f 5500 	3560 	6099
f 3702 	6099 	3560
f 5804 	5226 	5222
f 1109 	1114 	5444
f 1029 	1109 	5440
f 5440 	5432 	1029
f 5502 	3563 	3556
f 143 	137 	1490
f 5503 	5391 	5501
f 5494 	5496 	5307
f 1025 	1029 	5495
f 5505 	5391 	5503
f 5231 	5226 	5805
f 5504 	1490 	280
f 4611 	5488 	4619
f 5506 	4619 	5488
f 280 	288 	5504
f 5455 	5504 	288
f 5508 	5389 	5505
f 5507 	4620 	4619
f 5507 	4619 	5506
f 5805 	5128 	5231
f 5511 	5389 	5508
f 5510 	4622 	4620
f 5510 	4620 	5507
f 293 	38 	5513
f 5514 	4624 	4622
f 5514 	4622 	5510
f 5516 	5383 	5511
f 5513 	5457 	12
f 5513 	12 	293
f 5514 	1156 	4624
f 5519 	5383 	5516
f 5520 	5812 	5521
f 5523 	5380 	5519
f 5420 	5307 	5418
f 6266 	6764 	6270
f 5526 	5527 	1517
f 6050 	1517 	5527
f 5437 	5380 	5523
f 5418 	5307 	5415
f 5529 	3575 	5524
f 5487 	5532 	1010
f 5533 	3575 	5529
f 5531 	6050 	5530
f 5521 	5812 	5525
f 5532 	5534 	1010
f 1470 	1010 	6847
f 5538 	6050 	5537
f 5539 	6050 	5538
f 5541 	3584 	5540
f 5542 	5820 	5515
f 5545 	3584 	5541
f 5543 	6050 	5539
f 5550 	5309 	5547
f 1011 	1016 	71
f 1149 	4738 	4737
f 1149 	4737 	1150
f 5552 	3366 	459
f 1150 	4737 	4736
f 1150 	4736 	1151
f 1151 	4736 	4735
f 1151 	4735 	1152
f 1152 	4735 	4733
f 1152 	4733 	1153
f 5558 	5827 	5555
f 1153 	4733 	4731
f 1153 	4731 	1154
f 5827 	5558 	5563
f 320 	179 	1728
f 5564 	5565 	5307
f 5559 	5561 	5309
f 1154 	4731 	4730
f 1154 	4730 	1159
f 5565 	5568 	5307
f 1159 	4730 	4729
f 1159 	4729 	1162
f 5307 	5309 	5564
f 1162 	4729 	4728
f 1162 	4728 	1165
f 5568 	5494 	5307
f 5546 	6050 	5544
f 5576 	3611 	5573
f 5582 	3611 	5576
f 1165 	4728 	4727
f 1165 	4727 	1171
f 5585 	3315 	5579
f 1171 	4727 	1143
f 173 	2575 	5582
f 5586 	3315 	5585
f 4286 	4344 	5584
f 4760 	1183 	4677
f 1140 	4677 	1183
f 5509 	3567 	3531
f 5587 	3315 	5586
f 5575 	5579 	3315
f 4924 	5588 	4614
f 1183 	4760 	4759
f 1183 	4759 	1184
f 3567 	5509 	3569
f 5512 	3569 	5509
f 1025 	5493 	1022
f 1862 	1033 	1864
f 1864 	1035 	1868
f 5481 	1041 	5485
f 5485 	1041 	5486
f 5436 	5435 	5438
f 5440 	5438 	5435
f 5440 	5435 	5434
f 5440 	5434 	5433
f 5440 	5433 	5432
f 5495 	1029 	5432
f 5518 	3571 	3569
f 5518 	3569 	5512
f 1184 	4759 	4758
f 1184 	4758 	1185
f 179 	5602 	1728
f 3571 	5518 	3572
f 5524 	3572 	5518
f 1185 	4758 	4757
f 1185 	4757 	1189
f 4931 	5638 	5637
f 4931 	5637 	4932
f 5490 	1022 	5491
f 5452 	1035 	5481
f 1868 	1035 	5452
f 1022 	5489 	1041
f 5450 	5448 	1118
f 5592 	5309 	5591
f 3575 	3572 	5524
f 1189 	4757 	4756
f 1189 	4756 	1193
f 5593 	5309 	5592
f 5533 	3578 	3575
f 1193 	4756 	4755
f 1193 	4755 	1196
f 5491 	1022 	5492
f 5492 	1022 	5493
f 5489 	1022 	5490
f 5486 	1041 	5489
f 5493 	1025 	5495
f 5594 	5309 	5593
f 5589 	5309 	5587
f 5535 	3579 	3578
f 5535 	3578 	5533
f 5595 	5309 	5594
f 4942 	4938 	5644
f 1196 	4755 	4754
f 1196 	4754 	1198
f 5596 	5309 	5595
f 5591 	5309 	5590
f 3579 	5535 	3582
f 5540 	3582 	5535
f 1198 	4754 	4753
f 1198 	4753 	1199
f 3414 	5597 	3331
f 4946 	4942 	5647
f 3584 	3582 	5540
f 1199 	4753 	4752
f 1199 	4752 	1200
f 38 	28 	5597
f 6836 	1728 	5602
f 5545 	3586 	3584
f 5547 	5309 	5596
f 5561 	5564 	5309
f 1200 	4752 	4750
f 1200 	4750 	1203
f 5548 	3589 	3586
f 5548 	3586 	5545
f 1203 	4750 	4749
f 1203 	4749 	1206
f 5553 	3589 	5548
f 1206 	4749 	4748
f 1206 	4748 	1209
f 5553 	3593 	3589
f 5654 	4961 	4951
f 3593 	5553 	3596
f 5556 	3596 	5553
f 5100 	1449 	4748
f 5603 	490 	5601
f 5560 	3597 	3596
f 5560 	3596 	5556
f 1082 	5263 	4483
f 6436 	3334 	5599
f 6160 	6836 	5602
f 3597 	5560 	3599
f 5562 	3599 	5560
f 4970 	5657 	5661
f 6162 	6160 	5602
f 5604 	5599 	3334
f 1039 	5457 	3334
f 5661 	5588 	4970
f 5608 	6021 	4628
f 12 	5457 	1039
f 1229 	4767 	1230
f 5610 	5611 	4632
f 5610 	4632 	4631
f 5612 	5756 	5581
f 605 	6021 	5608
f 5666 	4976 	5671
f 1226 	4771 	1227
f 5618 	3373 	5616
f 5610 	6103 	5620
f 5611 	5610 	5620
f 3599 	5562 	3605
f 5566 	3605 	5562
f 4771 	1226 	1225
f 5614 	6434 	5621
f 5614 	5616 	6434
f 4979 	4982 	5671
f 4630 	4629 	5622
f 4630 	5622 	5623
f 5570 	3607 	3605
f 5570 	3605 	5566
f 1224 	4776 	1225
f 5625 	3373 	5618
f 47 	3373 	5465
f 6434 	5616 	3373
f 3607 	5570 	3610
f 5573 	3610 	5570
f 4776 	1224 	4777
f 1223 	4777 	1224
f 3611 	3610 	5573
f 4987 	5678 	5676
f 4777 	1223 	1222
f 5582 	3612 	3611
f 5628 	490 	5626
f 4987 	4900 	5569
f 5633 	4643 	4743
f 5598 	490 	5634
f 3612 	5582 	2575
f 5635 	5636 	4642
f 5635 	4642 	4641
f 5639 	5640 	4646
f 5639 	4646 	4645
f 5600 	490 	5598
f 5600 	5601 	490
f 5605 	490 	5603
f 5630 	5634 	490
f 5637 	5641 	4938
f 5658 	6109 	5627
f 4938 	5641 	5644
f 5640 	5639 	5636
f 5640 	5636 	5635
f 4638 	4637 	5648
f 4638 	5648 	5627
f 1237 	4789 	1238
f 4642 	5636 	5639
f 4642 	5639 	4645
f 1236 	4789 	1237
f 5650 	5652 	4951
f 4951 	5652 	5654
f 1233 	4797 	1234
f 5651 	6118 	5660
f 5571 	5567 	5257
f 4797 	1233 	1232
f 4924 	4970 	5588
f 1231 	4803 	1232
f 5571 	5257 	5577
f 5256 	5577 	5257
f 1230 	4767 	1231
f 5260 	5583 	5256
f 5668 	6110 	5667
f 5669 	6110 	5668
f 5577 	5256 	5583
f 4649 	4648 	5653
f 4649 	5653 	5672
f 1229 	4769 	4767
f 4676 	5660 	5669
f 4769 	1229 	4770
f 1227 	4770 	1229
f 4771 	4770 	1227
f 4676 	5669 	4705
f 5678 	4987 	5569
f 1225 	4774 	4771
f 4776 	4774 	1225
f 4718 	5668 	5667
f 5683 	5695 	5692
f 4718 	5667 	4709
f 5726 	5131 	5128
f 1222 	4779 	4777
f 5658 	4796 	5664
f 5135 	5131 	5730
f 4690 	5664 	4796
f 4783 	5239 	1241
f 5140 	5135 	5735
f 4668 	4656 	5691
f 5681 	5691 	4656
f 1240 	4784 	1241
f 4783 	1241 	4784
f 5140 	5735 	5144
f 3619 	5655 	5649
f 4784 	1240 	1239
f 4784 	1239 	4786
f 832 	829 	5681
f 1238 	4787 	1239
f 4786 	1239 	4787
f 4787 	1238 	4789
f 5260 	5683 	5583
f 5152 	5147 	5748
f 4651 	4654 	5685
f 4651 	5685 	5656
f 1236 	4790 	4789
f 5154 	5152 	5751
f 4653 	5682 	5684
f 4653 	5684 	4657
f 4790 	1236 	1235
f 4790 	1235 	4792
f 5686 	5687 	4660
f 5686 	4660 	4659
f 5154 	5751 	5157
f 1234 	4795 	1235
f 4792 	1235 	4795
f 5688 	5689 	4663
f 5688 	4663 	4662
f 5157 	5752 	5753
f 4795 	1234 	4797
f 5686 	5688 	5687
f 5606 	3315 	5605
f 5607 	3315 	5606
f 5575 	3315 	5607
f 5590 	5309 	5589
f 3315 	5587 	5309
f 5554 	5309 	5551
f 5309 	5218 	3315
f 5218 	4363 	3315
f 4384 	3315 	4376
f 4390 	3315 	4386
f 4384 	4386 	3315
f 4390 	3979 	3315
f 3985 	3986 	3315
f 3979 	3981 	3315
f 5689 	5688 	5686
f 5714 	4126 	4017
f 5688 	4660 	5687
f 4797 	1232 	4800
f 4660 	5688 	4662
f 3856 	4096 	6145
f 4800 	1232 	4803
f 4664 	4663 	5689
f 4664 	5689 	5690
f 4803 	1231 	4767
f 5755 	5638 	5171
f 5692 	5714 	4017
f 5672 	5686 	4649
f 4659 	4649 	5686
f 5178 	5761 	5760
f 1244 	4836 	4835
f 1244 	4835 	1245
f 1245 	4835 	1249
f 4663 	5689 	5686
f 4663 	5686 	4659
f 3874 	4143 	3877
f 3871 	4145 	3874
f 3868 	4145 	3871
f 3865 	4131 	3868
f 4841 	1249 	4835
f 3622 	5642 	3623
f 4840 	1250 	1249
f 4840 	1249 	4841
f 5642 	3622 	5645
f 5693 	5685 	4654
f 5693 	4654 	4671
f 4839 	1252 	1250
f 4839 	1250 	4840
f 5691 	5681 	829
f 4838 	1253 	1252
f 4838 	1252 	4839
f 3880 	3883 	3315
f 3883 	3861 	3315
f 4837 	1254 	1253
f 4837 	1253 	4838
f 5685 	5693 	5653
f 5685 	5653 	5656
f 4918 	1254 	4837
f 4669 	4668 	5691
f 4669 	5691 	5694
f 3896 	3315 	3894
f 4779 	1222 	4842
f 1259 	4842 	1222
f 4671 	4670 	5696
f 4671 	5696 	5693
f 1257 	4848 	4842
f 1257 	4842 	1259
f 837 	4668 	5691
f 5200 	5783 	5204
f 5694 	5689 	4663
f 5694 	4663 	4669
f 5714 	5692 	5695
f 5686 	5696 	4670
f 5686 	4670 	4659
f 3905 	3315 	3901
f 5204 	5783 	5784
f 1262 	4850 	4848
f 1262 	4848 	1257
f 5690 	5691 	4668
f 5690 	4668 	4664
f 3639 	5662 	5659
f 5691 	5690 	5689
f 5691 	5689 	5694
f 3639 	3637 	5662
f 1256 	4906 	4905
f 1256 	4905 	1261
f 5693 	5672 	5653
f 5683 	5260 	5695
f 5663 	3637 	5665
f 5672 	5693 	5686
f 5696 	5686 	5693
f 4397 	4394 	4064
f 4402 	4397 	4064
f 4065 	4064 	4394
f 4394 	4212 	4065
f 3910 	4065 	4212
f 4064 	4063 	4402
f 4063 	4062 	4402
f 4405 	4402 	4062
f 4212 	4208 	3910
f 4197 	4192 	3921
f 3913 	3910 	4208
f 1261 	4905 	4904
f 1261 	4904 	1263
f 4655 	4652 	5651
f 4655 	5651 	5697
f 5670 	5665 	3635
f 832 	5681 	4656
f 832 	4656 	340
f 5617 	5756 	5613
f 5613 	5756 	5612
f 3631 	5673 	5670
f 5699 	5700 	4681
f 5699 	4681 	4680
f 5632 	5702 	5631
f 5701 	1743 	5632
f 3339 	5631 	5702
f 3339 	5702 	6433
f 3631 	3630 	5673
f 5703 	5756 	5617
f 5705 	5756 	5703
f 5704 	5706 	4675
f 5704 	4675 	4674
f 5675 	3630 	5677
f 5709 	5710 	4683
f 5709 	4683 	4682
f 5712 	5713 	4687
f 5712 	4687 	4686
f 5679 	5677 	3629
f 5729 	5731 	5716
f 5698 	5631 	3339
f 213 	5711 	3339
f 5260 	69 	5695
f 5717 	5718 	4685
f 5717 	4685 	4684
f 5720 	5724 	5719
f 5698 	3339 	5711
f 5713 	5712 	5700
f 5713 	5700 	5699
f 1385 	5723 	5720
f 5710 	5709 	5706
f 5710 	5706 	5704
f 3643 	5721 	5680
f 5714 	5695 	69
f 5725 	5721 	3643
f 5718 	5717 	843
f 5722 	5128 	5805
f 5724 	5720 	5723
f 1467 	5723 	1385
f 5128 	5722 	5726
f 4682 	4681 	5700
f 4682 	5700 	5709
f 5711 	5625 	5698
f 5729 	5719 	5728
f 5728 	5719 	5724
f 5483 	5465 	5711
f 5625 	5711 	5465
f 5727 	3650 	5732
f 4676 	4675 	5706
f 4676 	5706 	5660
f 5631 	5616 	5614
f 5632 	5631 	5614
f 5732 	3650 	5734
f 5733 	5708 	5731
f 4675 	5706 	5709
f 4675 	5709 	4682
f 5698 	5618 	5616
f 5631 	5698 	5616
f 5621 	5701 	5632
f 5621 	5632 	5614
f 4681 	5700 	5712
f 4681 	5712 	4686
f 5737 	5708 	5733
f 5736 	3646 	5742
f 5618 	5698 	5625
f 4685 	5718 	843
f 4685 	843 	339
f 5959 	2540 	5962
f 5738 	5705 	5737
f 5739 	5743 	5147
f 5742 	3646 	184
f 5746 	5756 	5745
f 5740 	5705 	5738
f 4653 	4682 	5682
f 5709 	5682 	4682
f 5504 	5744 	1490
f 5643 	5497 	3623
f 5147 	5743 	5748
f 5749 	5756 	5746
f 5741 	5705 	5740
f 5747 	1490 	5744
f 5697 	5706 	4675
f 5697 	4675 	4655
f 5643 	3623 	5642
f 5684 	5700 	4681
f 5684 	4681 	4657
f 5682 	5709 	5684
f 5700 	5684 	5709
f 1263 	4904 	4903
f 1263 	4903 	1265
f 5706 	5697 	5651
f 5706 	5651 	5660
f 5974 	2689 	2729
f 1302 	4894 	1262
f 4684 	4687 	5713
f 4684 	5713 	5717
f 5750 	5756 	5749
f 5646 	3620 	5649
f 3951 	3315 	3948
f 4680 	4683 	5710
f 4680 	5710 	5699
f 3945 	3315 	3943
f 5655 	3619 	3641
f 5974 	5970 	2689
f 3955 	3315 	3953
f 5754 	5755 	5171
f 4683 	5710 	5704
f 4683 	5704 	4674
f 4687 	5713 	5699
f 4687 	5699 	4680
f 3961 	3315 	3958
f 4931 	5171 	5638
f 5759 	5747 	5758
f 3640 	5659 	3641
f 6437 	5762 	3414
f 5763 	5747 	5759
f 5764 	5747 	5763
f 5659 	3640 	3639
f 5504 	5455 	5744
f 5599 	5744 	5455
f 4724 	4793 	5960
f 5767 	5597 	5744
f 5663 	5662 	3637
f 5766 	1490 	5765
f 1490 	5747 	5765
f 4976 	5666 	5761
f 5978 	2715 	5980
f 5767 	5513 	5597
f 38 	5597 	5513
f 5747 	5744 	5597
f 5769 	1490 	5766
f 5770 	1490 	5769
f 3635 	5665 	3637
f 5747 	5597 	5762
f 3414 	5762 	5597
f 5599 	5604 	5744
f 5767 	5744 	5604
f 5776 	1490 	5774
f 5604 	5457 	5767
f 5513 	5767 	5457
f 5776 	1476 	1490
f 3955 	3958 	3315
f 3315 	3961 	3891
f 3891 	3894 	3315
f 3898 	3315 	3896
f 4693 	4692 	5779
f 4693 	5779 	5772
f 5675 	5673 	3630
f 5777 	5780 	5200
f 4690 	4689 	5768
f 4690 	5768 	5664
f 3629 	5677 	3630
f 5200 	5780 	5783
f 5757 	5747 	5782
f 5757 	5758 	5747
f 5781 	5782 	5747
f 4689 	5768 	5772
f 4689 	5772 	4693
f 4059 	4058 	4069
f 4069 	4068 	4059
f 4060 	4059 	4068
f 4068 	4409 	4060
f 4062 	4060 	4409
f 4070 	4069 	4058
f 4057 	4070 	4058
f 4077 	4070 	4057
f 4409 	4405 	4062
f 3629 	3627 	5679
f 5778 	5785 	6050
f 6050 	5785 	5794
f 5796 	6050 	5794
f 5549 	5778 	6050
f 5680 	5679 	3626
f 3627 	3626 	5679
f 5788 	5789 	4698
f 5788 	4698 	4697
f 5699 	5792 	4701
f 3621 	5645 	3622
f 5792 	5699 	5786
f 5793 	5214 	5787
f 3620 	5646 	3621
f 5645 	3621 	5646
f 4070 	4077 	4076
f 4070 	4076 	4075
f 4070 	4075 	4074
f 4073 	4071 	4074
f 4072 	4071 	4073
f 4070 	4074 	4071
f 3916 	3913 	4205
f 4208 	4205 	3913
f 4205 	4201 	3916
f 2732 	6006 	6000
f 5789 	5788 	5669
f 5789 	5669 	5668
f 3619 	5649 	3620
f 4700 	4699 	5797
f 4700 	5797 	5798
f 4705 	5669 	5788
f 4705 	5788 	4697
f 3943 	3315 	3940
f 5800 	5801 	5222
f 5798 	5713 	4687
f 5798 	4687 	4700
f 5222 	5801 	5804
f 4683 	4696 	5710
f 5786 	5710 	4696
f 5762 	6050 	5803
f 5655 	3641 	5659
f 4701 	4680 	5699
f 5806 	5762 	5803
f 5796 	5799 	6050
f 2738 	2739 	6030
f 5717 	5797 	4699
f 5717 	4699 	4684
f 4085 	3315 	4083
f 5791 	5813 	5762
f 4094 	3315 	4091
f 4091 	3315 	4089
f 6033 	6030 	2742
f 2739 	2742 	6030
f 5797 	5717 	5713
f 5797 	5713 	5798
f 5809 	5517 	5808
f 5515 	5808 	5517
f 5810 	5762 	5806
f 5807 	5762 	5810
f 5790 	5791 	5762
f 5807 	5790 	5762
f 5699 	5710 	5786
f 5520 	5811 	5812
f 3633 	5670 	3635
f 4888 	4895 	3315
f 3315 	4094 	4078
f 3315 	4078 	4079
f 4079 	3940 	3315
f 3945 	3948 	3315
f 3953 	3315 	3951
f 6042 	2746 	2748
f 1023 	650 	4701
f 5815 	5528 	5814
f 5525 	5814 	5528
f 3631 	5670 	3633
f 2754 	6045 	2748
f 5813 	5816 	5762
f 4096 	3856 	4099
f 6163 	6145 	4096
f 5812 	5814 	5525
f 1265 	4903 	4902
f 1265 	4902 	1266
f 4696 	4698 	5789
f 4696 	5789 	5786
f 5517 	5809 	5811
f 5517 	5811 	5520
f 4252 	4255 	4106
f 4698 	5789 	5668
f 4698 	5668 	4718
f 5962 	2544 	2547
f 5815 	5830 	5528
f 1266 	4902 	4901
f 1266 	4901 	1290
f 1023 	4701 	5792
f 5820 	5808 	5515
f 4850 	1262 	4894
f 3989 	2547 	2562
f 5817 	5762 	5816
f 5563 	5528 	5830
f 1290 	4901 	4899
f 1290 	4899 	1293
f 4114 	4067 	4111
f 4116 	4067 	4114
f 4067 	6172 	4109
f 1293 	4899 	4898
f 1293 	4898 	1297
f 3366 	5552 	5825
f 4056 	2702 	2685
f 4122 	6186 	4119
f 2684 	5970 	2685
f 5822 	5762 	5821
f 5822 	5580 	5762
f 5581 	5756 	5580
f 5555 	5826 	5552
f 5825 	5552 	5826
f 1297 	4898 	4897
f 1297 	4897 	1301
f 5826 	5555 	5827
f 1638 	6185 	4122
f 4119 	6187 	4116
f 4712 	4711 	5828
f 4712 	5828 	5829
f 5827 	5563 	5830
f 5971 	4056 	2685
f 1301 	4897 	4894
f 1301 	4894 	1302
f 5819 	5821 	5762
f 1356 	1905 	4943
f 3865 	3863 	4128
f 3865 	4128 	4131
f 4145 	3868 	4131
f 4143 	4139 	3877
f 3853 	3877 	4139
f 4099 	3853 	4139
f 4143 	3874 	4145
f 4153 	4252 	4106
f 1254 	4918 	1310
f 5833 	5792 	5835
f 1310 	4918 	4916
f 1310 	4916 	1314
f 5835 	5792 	5837
f 1314 	4916 	4915
f 1314 	4915 	1319
f 5980 	2716 	2720
f 5980 	2720 	5981
f 5837 	5792 	5786
f 1319 	4915 	4914
f 1319 	4914 	1322
f 4162 	4246 	4153
f 4248 	4252 	4153
f 2720 	2723 	5981
f 5837 	5786 	5789
f 1322 	4914 	4913
f 1322 	4913 	1327
f 5707 	5737 	5705
f 5708 	5737 	5707
f 5792 	5833 	1023
f 5832 	1023 	5833
f 1327 	4913 	4912
f 1327 	4912 	1333
f 5959 	2725 	2540
f 1333 	4912 	4911
f 1333 	4911 	1336
f 4720 	5835 	5837
f 5817 	5818 	5762
f 5819 	5762 	5818
f 5799 	5802 	6050
f 5802 	5803 	6050
f 1336 	4911 	4910
f 1336 	4910 	1338
f 4186 	4181 	3928
f 3928 	3925 	4186
f 3931 	3928 	4181
f 4181 	4177 	3931
f 3935 	3931 	4177
f 4177 	4133 	3935
f 3863 	3935 	4133
f 4133 	4128 	3863
f 4192 	4186 	3925
f 3925 	3921 	4192
f 4720 	5837 	4721
f 1338 	4910 	1891
f 4724 	5832 	5833
f 4724 	5833 	4725
f 6238 	5429 	6731
f 5842 	5756 	5750
f 5762 	5756 	5843
f 5745 	5705 	5741
f 5756 	5705 	5745
f 4387 	4326 	4219
f 1366 	4923 	4920
f 1366 	4920 	1367
f 5829 	5835 	4720
f 5829 	4720 	4712
f 2735 	6012 	2733
f 1365 	4926 	4923
f 1365 	4923 	1366
f 5823 	5789 	4698
f 5823 	4698 	4708
f 5845 	5762 	5843
f 4234 	4238 	4165
f 1363 	4928 	4926
f 1363 	4926 	1365
f 2735 	2736 	6012
f 4714 	4721 	5824
f 5837 	5824 	4721
f 4162 	4165 	4238
f 5936 	5762 	5847
f 1362 	4930 	4928
f 1362 	4928 	1363
f 5773 	5774 	1490
f 5770 	5773 	1490
f 5764 	5765 	5747
f 5833 	5828 	4711
f 5833 	4711 	4725
f 1361 	4934 	4930
f 1361 	4930 	1362
f 4242 	4162 	4238
f 4246 	4162 	4242
f 4340 	4230 	4165
f 1360 	4937 	4934
f 1360 	4934 	1361
f 1019 	1069 	5832
f 5716 	5719 	5729
f 5715 	5716 	5731
f 5715 	5731 	5708
f 4248 	4153 	4246
f 1358 	4940 	4937
f 1358 	4937 	1360
f 5828 	5833 	5835
f 5828 	5835 	5829
f 4104 	4106 	4259
f 1356 	4943 	4940
f 1356 	4940 	1358
f 5789 	5823 	5837
f 5824 	5837 	5823
f 5522 	5526 	1517
f 5527 	5530 	6050
f 6050 	5531 	5536
f 5536 	5537 	6050
f 5544 	6050 	5543
f 5549 	6050 	5546
f 4259 	4263 	4104
f 4230 	4234 	4165
f 4715 	4714 	5824
f 4715 	5824 	5855
f 6042 	2748 	6045
f 4708 	4709 	5667
f 4708 	5667 	5823
f 5854 	5702 	5858
f 4263 	4268 	4104
f 4714 	5824 	5823
f 4714 	5823 	4708
f 1379 	4958 	1380
f 5857 	5702 	5860
f 5858 	5702 	5857
f 5863 	5861 	3885
f 5960 	5832 	4724
f 4956 	1382 	1380
f 4268 	4109 	6174
f 6174 	4104 	4268
f 5863 	5872 	5861
f 5772 	5824 	4714
f 5772 	4714 	4693
f 1382 	4956 	4955
f 1382 	4955 	1383
f 5859 	5860 	5702
f 5702 	1743 	5859
f 5831 	5834 	5908
f 5911 	5908 	5834
f 5823 	5768 	4689
f 5823 	4689 	4708
f 5864 	1743 	5866
f 1383 	4955 	1384
f 5911 	5834 	5915
f 5836 	5915 	5834
f 5855 	5779 	4692
f 5855 	4692 	4715
f 4330 	4333 	4217
f 4333 	4336 	4217
f 5915 	5836 	5918
f 5838 	5918 	5836
f 1019 	5832 	5960
f 5866 	1743 	5865
f 5865 	1743 	5867
f 1386 	4952 	1387
f 5883 	5868 	5861
f 4336 	4340 	4217
f 5779 	5855 	5824
f 5779 	5824 	5772
f 5918 	5838 	5839
f 5918 	5839 	5921
f 4217 	4219 	4330
f 1387 	4952 	1144
f 5861 	5872 	5869
f 5768 	5823 	5667
f 5768 	5667 	5664
f 5923 	5921 	5840
f 5839 	5840 	5921
f 1399 	5182 	1504
f 4695 	4694 	5873
f 4695 	5873 	5874
f 4165 	4217 	4340
f 5841 	5926 	5840
f 5923 	5840 	5926
f 5875 	5648 	4637
f 5875 	4637 	4734
f 5876 	5702 	5854
f 5702 	5876 	5870
f 5871 	55 	5702
f 5629 	5877 	4732
f 5629 	4732 	4636
f 4348 	5588 	4344
f 4126 	1618 	2826
f 5881 	5633 	4743
f 5841 	5844 	5931
f 4358 	4614 	4348
f 1721 	5943 	1623
f 5879 	1623 	5943
f 5648 	5875 	5658
f 5648 	5658 	5627
f 4359 	4219 	4358
f 5846 	5933 	5844
f 5931 	5844 	5933
f 5877 	5629 	5881
f 5633 	5881 	5629
f 5940 	5941 	5878
f 4366 	4219 	4359
f 5680 	3626 	3643
f 5933 	5846 	5848
f 5933 	5848 	5935
f 4368 	4219 	4366
f 3652 	5725 	3643
f 4375 	4219 	4368
f 4734 	4732 	5877
f 4734 	5877 	5875
f 5849 	5938 	5848
f 5935 	5848 	5938
f 5914 	5909 	5885
f 5917 	5913 	5880
f 5861 	5869 	5883
f 4381 	4219 	4375
f 4796 	5658 	5875
f 4796 	5875 	4734
f 5909 	5910 	5885
f 4387 	4219 	4381
f 5938 	5849 	5850
f 5938 	5850 	5939
f 3651 	5727 	5725
f 3651 	5725 	3652
f 6830 	5883 	5869
f 5887 	5885 	5910
f 5727 	3651 	3650
f 5851 	5942 	5850
f 5939 	5850 	5942
f 4328 	4330 	4219
f 4326 	4328 	4219
f 3648 	5734 	3650
f 5889 	5886 	5895
f 5910 	5895 	5887
f 5886 	5887 	5895
f 1395 	5021 	1396
f 5942 	5851 	5852
f 5942 	5852 	5944
f 5734 	3648 	5736
f 3647 	5736 	3648
f 5021 	1395 	1394
f 5736 	3647 	3646
f 5853 	5945 	5852
f 5944 	5852 	5945
f 3918 	3916 	4201
f 4201 	4197 	3918
f 3921 	3918 	4197
f 1393 	5025 	1394
f 2639 	184 	3646
f 5945 	5853 	5856
f 5945 	5856 	5948
f 1393 	4182 	5025
f 5985 	2725 	5959
f 4773 	4880 	5856
f 5948 	5856 	4880
f 2544 	5962 	2540
f 5962 	2547 	5965
f 4081 	3315 	4723
f 4958 	4957 	1380
f 3989 	5965 	2547
f 5762 	5901 	5747
f 1380 	4957 	4956
f 5971 	2685 	5970
f 5831 	5908 	5900
f 4426 	4691 	4427
f 4427 	4621 	4223
f 4625 	4626 	4223
f 4627 	4635 	4223
f 5747 	5902 	5904
f 4610 	4358 	4219
f 4955 	4954 	1384
f 5892 	5890 	5946
f 4614 	4358 	4610
f 4953 	1386 	4954
f 1384 	4954 	1386
f 5949 	5946 	5891
f 5890 	5891 	5946
f 4223 	4635 	4219
f 1386 	4953 	4952
f 5891 	5888 	5949
f 2708 	2711 	5977
f 4618 	4427 	4617
f 5977 	2711 	5978
f 5182 	1399 	4963
f 4621 	4427 	4618
f 1398 	4967 	1399
f 4963 	1399 	4967
f 4623 	4223 	4621
f 4967 	1398 	1397
f 4967 	1397 	4968
f 1396 	4973 	1397
f 4968 	1397 	4973
f 5928 	5747 	5925
f 5926 	5841 	5931
f 4973 	1396 	5021
f 5925 	5747 	5920
f 5985 	5983 	2725
f 5021 	1394 	5023
f 5781 	5747 	5928
f 5023 	1394 	5025
f 4625 	4223 	4623
f 4647 	4219 	4644
f 4627 	4223 	4626
f 5937 	5762 	5936
f 4650 	4219 	4647
f 4640 	4219 	4635
f 6008 	6006 	2733
f 5096 	1409 	1406
f 5096 	1406 	5097
f 4612 	4610 	4219
f 4644 	4219 	4640
f 6012 	6008 	2733
f 1409 	5096 	1411
f 5095 	1411 	5096
f 2736 	6019 	6012
f 5094 	1416 	1411
f 5094 	1411 	5095
f 6019 	2736 	6025
f 2738 	6025 	2736
f 5880 	5882 	5941
f 4661 	4426 	4658
f 1416 	5094 	1418
f 2738 	6030 	6025
f 4665 	4426 	4661
f 4658 	4433 	4704
f 4667 	4426 	4665
f 4743 	700 	5881
f 6033 	2742 	2746
f 4433 	4658 	4426
f 5950 	5873 	4694
f 5950 	4694 	4747
f 4688 	4426 	4672
f 5888 	5889 	5894
f 5894 	5949 	5888
f 5946 	5947 	5892
f 5947 	380 	5892
f 380 	379 	124
f 5898 	5951 	5820
f 5898 	5820 	5542
f 4617 	4427 	4691
f 5951 	5898 	5952
f 5900 	5952 	5898
f 1726 	1518 	5954
f 5772 	5955 	4791
f 5772 	4791 	4693
f 5908 	5952 	5900
f 4688 	4691 	4426
f 4672 	4426 	4667
f 5874 	5958 	4794
f 5874 	4794 	4695
f 5953 	5954 	1518
f 3854 	3857 	3860
f 3673 	5924 	5922
f 5964 	5961 	6053
f 5958 	5874 	5873
f 5958 	5873 	5950
f 5962 	5965 	5868
f 4704 	4433 	4703
f 5961 	5956 	6053
f 5955 	5772 	5768
f 6832 	5868 	5965
f 5960 	5958 	1081
f 4710 	4438 	4706
f 3864 	3866 	3887
f 3881 	3887 	3866
f 3866 	3869 	3881
f 4716 	4433 	4710
f 4791 	5955 	5950
f 3989 	6832 	5965
f 5966 	5967 	6053
f 5967 	5963 	6053
f 5963 	5964 	6053
f 5969 	5966 	6053
f 3882 	3881 	3869
f 3869 	3872 	3882
f 4719 	4433 	4716
f 4747 	4791 	5950
f 5968 	5969 	6053
f 3872 	3875 	3882
f 4793 	4794 	5958
f 4793 	5958 	5960
f 2684 	2689 	5970
f 4702 	4433 	4719
f 4703 	4433 	4702
f 4438 	4710 	4433
f 4876 	4706 	4438
f 4689 	4734 	5768
f 5875 	5768 	4734
f 3878 	3860 	3875
f 3882 	3875 	3860
f 5972 	5973 	6053
f 1418 	5092 	1424
f 5950 	5881 	5958
f 5973 	5968 	6053
f 4083 	3315 	4081
f 4089 	3315 	4085
f 5881 	5950 	5955
f 5881 	5955 	5877
f 1424 	5092 	1425
f 3661 	5897 	5893
f 5768 	5875 	5955
f 5877 	5955 	5875
f 5883 	6830 	5971
f 3658 	5899 	5897
f 1425 	5090 	1426
f 5976 	6045 	2708
f 5899 	3658 	5903
f 1426 	5090 	5089
f 1426 	5089 	1430
f 5881 	1081 	5958
f 1518 	6053 	5956
f 5957 	5953 	1518
f 5956 	5957 	1518
f 4851 	4853 	3315
f 5977 	5976 	2708
f 5028 	1433 	5089
f 1430 	5089 	1433
f 4857 	4859 	3315
f 4849 	4851 	3315
f 5977 	5868 	5976
f 4641 	4643 	5633
f 4641 	5633 	5635
f 1433 	5028 	5027
f 1433 	5027 	1436
f 4859 	4863 	3315
f 5901 	5762 	5937
f 5902 	5747 	5901
f 5906 	5747 	5904
f 4636 	4639 	5979
f 4636 	5979 	5629
f 4445 	3315 	4863
f 1436 	5027 	1440
f 4438 	4445 	4863
f 4643 	5633 	5629
f 4643 	5629 	4636
f 5026 	1379 	1440
f 4958 	1379 	5026
f 4867 	4438 	4863
f 4646 	5640 	5635
f 4646 	5635 	4641
f 5906 	5920 	5747
f 4871 	4438 	4867
f 5981 	5868 	5980
f 1209 	4748 	1449
f 5982 	5640 	4646
f 5982 	4646 	4804
f 5983 	5981 	2723
f 1406 	1449 	5100
f 5941 	5917 	5880
f 5882 	5878 	5941
f 5878 	5879 	5940
f 5943 	5940 	5879
f 5884 	5880 	5913
f 5885 	5884 	5913
f 5913 	5914 	5885
f 5895 	5896 	5889
f 5978 	5868 	5977
f 3673 	5922 	5919
f 5984 	5633 	4643
f 5984 	4643 	4801
f 1453 	5102 	1454
f 2723 	2725 	5983
f 4853 	4857 	3315
f 4438 	4871 	4876
f 5986 	5979 	4639
f 5986 	4639 	4798
f 1612 	5867 	1743
f 5864 	5862 	1743
f 5862 	5859 	1743
f 5983 	5868 	5981
f 4638 	5627 	5988
f 4638 	5988 	4799
f 5989 	5990 	1929
f 3671 	5927 	5924
f 5629 	5991 	4802
f 5629 	4802 	4636
f 1929 	5990 	5987
f 1929 	5987 	1808
f 5985 	5868 	5983
f 5927 	3671 	5929
f 4884 	3315 	4882
f 5635 	5994 	4805
f 5635 	4805 	4641
f 1929 	6403 	5989
f 2729 	5995 	5974
f 5992 	5993 	6403
f 5994 	5635 	5633
f 5994 	5633 	5984
f 4891 	3315 	4884
f 3669 	5932 	5930
f 5996 	5997 	6403
f 5997 	5992 	6403
f 6000 	5995 	2729
f 5991 	5629 	5979
f 5991 	5979 	5986
f 5999 	5996 	6403
f 5998 	5999 	6403
f 6002 	6403 	6001
f 1494 	1468 	5107
f 3667 	5934 	5932
f 4888 	3315 	4889
f 4889 	3315 	4891
f 4882 	3315 	4879
f 4895 	4847 	3315
f 5107 	1468 	1465
f 5107 	1465 	5109
f 864 	5640 	5982
f 6003 	6403 	6005
f 6403 	6373 	6005
f 4801 	4802 	5991
f 4801 	5991 	5984
f 2732 	2733 	6006
f 4798 	4799 	5988
f 4798 	5988 	5986
f 4847 	4849 	3315
f 4723 	3315 	4445
f 4802 	5991 	5986
f 4802 	5986 	4798
f 6248 	6247 	6246
f 5994 	5984 	4801
f 5994 	4801 	4805
f 1474 	5119 	1475
f 864 	5982 	4804
f 864 	4804 	357
f 5588 	5661 	5572
f 5119 	1474 	1473
f 6019 	5883 	6012
f 6021 	4808 	4628
f 6014 	6009 	6064
f 5574 	5588 	5572
f 5623 	5991 	4630
f 5578 	5588 	5574
f 6022 	3685 	3661
f 6022 	3661 	5893
f 6025 	5883 	6019
f 6013 	6064 	6015
f 6013 	6014 	6064
f 5622 	4629 	4801
f 1472 	1471 	5124
f 5584 	5588 	5578
f 6047 	6043 	6023
f 6023 	6024 	6047
f 866 	6021 	605
f 6027 	6023 	6044
f 6030 	5883 	6025
f 1471 	1528 	5124
f 5991 	5623 	5622
f 4650 	4612 	4219
f 5588 	4348 	4614
f 6033 	5883 	6030
f 4808 	6021 	866
f 4808 	866 	355
f 6037 	6033 	2746
f 4344 	5588 	5584
f 5991 	4802 	4630
f 5905 	5903 	3656
f 6037 	5883 	6033
f 1810 	6031 	6036
f 6035 	6036 	6031
f 5986 	6034 	4806
f 5986 	4806 	4798
f 5905 	3656 	5907
f 3655 	5907 	3656
f 6042 	6037 	2746
f 5984 	5622 	4801
f 6039 	6035 	6032
f 6038 	6039 	6032
f 5622 	5984 	5991
f 6034 	5986 	5988
f 5654 	5652 	5678
f 5678 	5569 	5654
f 5652 	5650 	5678
f 5647 	5676 	5650
f 5678 	5650 	5676
f 5644 	5676 	5647
f 5641 	5676 	5644
f 5637 	5676 	5641
f 5907 	3655 	5912
f 5845 	5847 	5762
f 5762 	5580 	5756
f 1498 	5142 	1499
f 5916 	5912 	3675
f 5842 	5843 	5756
f 4628 	4634 	6048
f 4628 	6048 	5608
f 1496 	5142 	1498
f 5671 	5637 	5666
f 5976 	5868 	6045
f 5916 	3675 	5919
f 4633 	4632 	5611
f 4633 	5611 	6049
f 1495 	5146 	1496
f 5674 	5637 	5671
f 5637 	5775 	5761
f 5608 	4628 	315
f 5970 	5883 	5971
f 5974 	5883 	5970
f 5995 	5883 	5974
f 6006 	5883 	6000
f 6000 	5883 	5995
f 6008 	5883 	6006
f 6012 	5883 	6008
f 4056 	5971 	6830
f 5146 	1495 	1494
f 5676 	5637 	5674
f 5620 	4811 	6051
f 6051 	4811 	4810
f 5657 	5654 	5569
f 6048 	4634 	6052
f 6052 	4634 	4812
f 6037 	6042 	5883
f 6045 	5868 	6042
f 5883 	6042 	5868
f 5978 	5980 	5868
f 6054 	4813 	6049
f 4813 	4633 	6049
f 5985 	5959 	5868
f 5959 	5962 	5868
f 5097 	1406 	5100
f 5569 	5572 	5661
f 5661 	5657 	5569
f 4816 	4628 	6055
f 5608 	6055 	4628
f 6053 	6050 	5762
f 5930 	5929 	3669
f 2818 	5872 	5863
f 2814 	5872 	2818
f 6057 	5702 	6056
f 5620 	6051 	5611
f 6054 	5611 	6051
f 6056 	5702 	6059
f 6058 	6059 	5702
f 3706 	5934 	3667
f 5608 	6048 	6055
f 6052 	6055 	6048
f 5754 	5753 	5755
f 5753 	5752 	5755
f 5638 	5755 	5752
f 5638 	5752 	5751
f 5638 	5751 	5748
f 5638 	5748 	5743
f 5638 	5743 	5739
f 5638 	5739 	5735
f 5638 	5735 	5730
f 5638 	5730 	5726
f 5638 	5726 	5722
f 5805 	5638 	5722
f 5094 	5093 	1418
f 6054 	6049 	5611
f 5771 	5760 	5761
f 6058 	5702 	6060
f 1418 	5093 	5092
f 3661 	3659 	5897
f 5092 	5091 	1425
f 5897 	3659 	3658
f 6028 	6029 	6041
f 6041 	6038 	6028
f 5602 	179 	6061
f 177 	6061 	179
f 3658 	3657 	5903
f 6094 	5571 	6100
f 6029 	6026 	6041
f 6024 	6017 	6047
f 1425 	5091 	5090
f 4812 	4813 	6052
f 1011 	5567 	6094
f 5903 	3657 	3656
f 6046 	6047 	6017
f 4813 	6054 	6052
f 5567 	5571 	6094
f 6062 	6015 	6064
f 5804 	5801 	5638
f 5784 	5783 	5638
f 5783 	5780 	5638
f 5637 	5638 	5780
f 5637 	5780 	5777
f 5637 	5777 	5775
f 5666 	5637 	5761
f 5771 	5761 	5775
f 6054 	6051 	4810
f 6054 	4810 	4813
f 5577 	6100 	5571
f 6066 	6064 	6246
f 3677 	5912 	3655
f 6062 	6063 	6015
f 5800 	5638 	5801
f 5800 	5795 	5638
f 5795 	5793 	5638
f 5793 	5787 	5638
f 5787 	5784 	5638
f 5805 	5804 	5638
f 5577 	5583 	6100
f 6055 	6052 	4812
f 6055 	4812 	4816
f 3675 	5912 	3677
f 5027 	5026 	1440
f 6070 	6054 	4813
f 6070 	4813 	4819
f 6067 	6258 	6069
f 6100 	5683 	5692
f 3674 	5919 	3675
f 6052 	6073 	4822
f 6052 	4822 	4812
f 6068 	6069 	6258
f 6072 	6068 	6258
f 5811 	5827 	5812
f 5583 	5683 	6100
f 3673 	5919 	3674
f 6074 	6075 	6258
f 6258 	6075 	6071
f 5814 	5812 	5830
f 5808 	5826 	5809
f 5809 	5827 	5811
f 3672 	5924 	3673
f 6070 	6052 	6054
f 6100 	5692 	4017
f 6074 	6258 	6077
f 5815 	5814 	5830
f 5820 	5951 	5825
f 3671 	5924 	3672
f 6073 	6052 	6070
f 3885 	2818 	5863
f 6079 	6076 	3288
f 224 	6162 	6061
f 3670 	5929 	3671
f 1453 	5104 	5102
f 5808 	5820 	5826
f 6061 	177 	224
f 6079 	3288 	6078
f 1900 	6080 	3288
f 5929 	3670 	3669
f 4478 	2818 	3885
f 5827 	5809 	5826
f 3668 	5932 	3669
f 5104 	1453 	5106
f 1452 	5106 	1453
f 6070 	4819 	4822
f 5830 	5812 	5827
f 6081 	6258 	6084
f 5932 	3668 	3667
f 6070 	4822 	6073
f 5102 	1465 	1454
f 5825 	5826 	5820
f 6071 	6072 	6258
f 6258 	6067 	6082
f 4066 	4026 	2808
f 1145 	3522 	4026
f 6092 	1146 	6096
f 1145 	4026 	1146
f 6096 	1146 	4026
f 5602 	6061 	6162
f 6078 	3288 	6080
f 6258 	3288 	6076
f 6076 	6077 	6258
f 6007 	3122 	3691
f 5109 	1465 	5102
f 6007 	3691 	3690
f 6007 	3690 	6010
f 6026 	6027 	6044
f 6040 	6041 	6026
f 6032 	6028 	6038
f 6031 	6032 	6035
f 6044 	6040 	6026
f 6043 	6044 	6023
f 3688 	6011 	3690
f 6010 	3690 	6011
f 1016 	4022 	3524
f 4022 	2819 	3524
f 6085 	3524 	2819
f 6001 	6403 	6003
f 5998 	6403 	6002
f 5993 	5989 	6403
f 6373 	6374 	6207
f 6011 	3688 	3687
f 6011 	3687 	6016
f 5923 	4012 	5921
f 1478 	5113 	1481
f 5134 	1481 	5113
f 3013 	6087 	3355
f 6088 	3355 	6087
f 3686 	6020 	3687
f 6016 	3687 	6020
f 1477 	5114 	5113
f 1477 	5113 	1478
f 6088 	1 	3355
f 4 	3355 	1
f 3685 	6022 	3686
f 6020 	3686 	6022
f 8 	6091 	5
f 25 	6060 	5702
f 29 	25 	5702
f 5114 	1477 	5117
f 1475 	5117 	1477
f 6836 	6160 	6154
f 5119 	5117 	1475
f 6102 	6103 	4825
f 6102 	4825 	4824
f 4035 	5224 	6097
f 1473 	5121 	5119
f 6092 	6096 	6097
f 6092 	6097 	6093
f 6102 	5620 	6103
f 5933 	4012 	5931
f 6094 	6100 	6101
f 6094 	6101 	6095
f 5121 	1473 	1472
f 5121 	1472 	5123
f 6279 	4825 	6103
f 5935 	4012 	5933
f 6095 	6101 	1015
f 4022 	1015 	6101
f 4631 	4825 	6103
f 4631 	6103 	5610
f 5123 	1472 	5124
f 44 	5702 	51
f 2 	6087 	3013
f 2995 	3 	3013
f 2 	3013 	3
f 5926 	5931 	4012
f 6109 	4829 	5044
f 6 	3006 	6107
f 3055 	6107 	3006
f 6 	6107 	7
f 6088 	6087 	2
f 6088 	2 	1
f 3055 	6091 	6107
f 5942 	4012 	5939
f 8 	7 	6091
f 5106 	1452 	5130
f 1484 	5130 	1452
f 6091 	7 	6107
f 54 	51 	5702
f 5944 	4012 	5942
f 5923 	5926 	4012
f 2995 	2191 	3
f 1483 	5132 	5130
f 1483 	5130 	1484
f 5934 	3706 	6112
f 6279 	6103 	6113
f 6304 	6302 	6113
f 44 	29 	5702
f 55 	54 	5702
f 1481 	5134 	5132
f 1481 	5132 	1483
f 5948 	4012 	5945
f 120 	5702 	6057
f 5945 	4012 	5944
f 4880 	4012 	5948
f 4879 	3315 	4880
f 117 	263 	5702
f 120 	117 	5702
f 1499 	5141 	1500
f 5137 	1500 	5141
f 5908 	4012 	5952
f 5952 	4012 	5825
f 5141 	1499 	5142
f 1496 	5145 	5142
f 3718 	6119 	6117
f 6561 	6118 	6111
f 5145 	1496 	5146
f 6120 	6119 	3718
f 4832 	4831 	6111
f 4832 	6111 	6121
f 5951 	5952 	5825
f 5911 	4012 	5908
f 3366 	5825 	4012
f 5915 	4012 	5911
f 5918 	4012 	5915
f 5918 	5921 	4012
f 5938 	4012 	5935
f 5939 	4012 	5938
f 3625 	3366 	4012
f 5146 	1494 	5150
f 4831 	6111 	6118
f 4831 	6118 	4833
f 1494 	5107 	5150
f 4827 	4829 	6109
f 4827 	6109 	6110
f 4834 	6113 	6103
f 4834 	6103 	4825
f 4012 	4880 	3315
f 5988 	5627 	6304
f 5627 	6109 	6304
f 5156 	1516 	1515
f 5156 	1515 	5158
f 3898 	3901 	3315
f 3888 	3880 	3315
f 303 	3315 	3861
f 6149 	303 	3861
f 5651 	4652 	6118
f 4833 	6118 	4652
f 3860 	3878 	3854
f 5158 	1515 	1514
f 5158 	1514 	5159
f 6126 	6430 	6090
f 6127 	6430 	6126
f 4832 	6121 	5653
f 4832 	5653 	4648
f 5159 	1514 	1513
f 5159 	1513 	5163
f 6129 	6430 	6128
f 4651 	5656 	4831
f 6111 	4831 	5656
f 246 	235 	5702
f 259 	253 	5702
f 247 	5702 	253
f 5163 	1513 	1512
f 5163 	1512 	5165
f 6132 	3365 	6131
f 6298 	6304 	6109
f 5658 	5664 	6109
f 3919 	3922 	3893
f 3893 	3890 	3919
f 3895 	3893 	3922
f 3922 	3926 	3895
f 3917 	3919 	3890
f 3890 	3960 	3917
f 3897 	3895 	3926
f 3926 	3929 	3897
f 3929 	3932 	3900
f 5165 	1512 	1511
f 5165 	1511 	5167
f 6561 	6555 	6118
f 262 	5702 	263
f 2072 	3365 	6132
f 6131 	3365 	6130
f 5167 	1511 	1510
f 5167 	1510 	5170
f 6111 	5656 	6121
f 5653 	6121 	5656
f 3914 	3917 	3960
f 6138 	6156 	6136
f 6135 	6136 	6156
f 6156 	6158 	6135
f 5170 	1510 	1507
f 5170 	1507 	5173
f 5660 	6118 	6555
f 5669 	5660 	6555
f 6109 	5664 	6110
f 5664 	5667 	6110
f 271 	399 	5702
f 5173 	1507 	1506
f 5173 	1506 	5175
f 6086 	6430 	6137
f 6134 	6137 	6430
f 6089 	6430 	6086
f 6089 	6090 	6430
f 5175 	1506 	1505
f 5175 	1505 	5180
f 4834 	4806 	6034
f 4834 	6034 	6113
f 3900 	3897 	3929
f 272 	271 	5702
f 274 	5702 	278
f 6139 	6167 	6138
f 6164 	6165 	6142
f 3853 	4099 	3856
f 6163 	6164 	6142
f 5988 	6304 	6113
f 5988 	6113 	6034
f 5180 	1505 	1504
f 5180 	1504 	5182
f 278 	5702 	284
f 6149 	6150 	303
f 4811 	5620 	4824
f 6102 	4824 	5620
f 3932 	3936 	3900
f 3904 	3900 	3936
f 284 	5702 	299
f 6125 	303 	6150
f 3936 	3864 	3904
f 6153 	3732 	6155
f 3887 	3904 	3864
f 6158 	661 	6135
f 327 	6135 	661
f 661 	658 	327
f 214 	215 	6157
f 215 	212 	6157
f 6155 	3732 	3731
f 6155 	3731 	6159
f 3169 	281 	3731
f 6159 	3731 	281
f 3701 	6098 	6099
f 3701 	6099 	3702
f 1524 	5198 	1525
f 6098 	3701 	6104
f 3700 	6104 	3701
f 1522 	5198 	1524
f 6154 	6160 	6162
f 6154 	6162 	6157
f 369 	5702 	373
f 3699 	6105 	6104
f 3699 	6104 	3700
f 3947 	3944 	3972
f 3970 	3972 	3944
f 3944 	3942 	3970
f 3972 	4015 	3947
f 3950 	3947 	4015
f 4053 	4093 	3964
f 6157 	6162 	214
f 6162 	224 	214
f 1516 	5156 	1522
f 6105 	3699 	6106
f 3698 	6106 	3699
f 232 	127 	373
f 6141 	6142 	6165
f 6140 	6141 	6166
f 6167 	6140 	6166
f 6165 	6166 	6141
f 6168 	6138 	6167
f 6156 	6138 	6168
f 6139 	6140 	6167
f 6142 	6145 	6163
f 5218 	1532 	5209
f 3697 	6108 	6106
f 3697 	6106 	3698
f 3968 	3970 	3942
f 3942 	3939 	3968
f 6161 	6169 	4067
f 4015 	4019 	3950
f 3724 	6108 	3697
f 379 	373 	127
f 6170 	4067 	6169
f 6173 	6175 	6191
f 6184 	6191 	6175
f 6172 	4067 	6170
f 3952 	3950 	4019
f 4019 	4023 	3952
f 124 	5892 	380
f 6174 	4109 	6172
f 3954 	3952 	4023
f 4023 	3911 	3954
f 6201 	6182 	6178
f 5209 	1532 	1531
f 3957 	3954 	3911
f 6200 	6201 	6179
f 5502 	6112 	3563
f 3706 	3563 	6112
f 3911 	3914 	3957
f 6108 	3724 	6114
f 415 	6053 	385
f 6114 	3724 	3722
f 6114 	3722 	6115
f 5124 	1528 	5188
f 3720 	6116 	3722
f 6115 	3722 	6116
f 125 	128 	6427
f 3960 	3957 	3914
f 6116 	3720 	3719
f 6116 	3719 	6117
f 6427 	6199 	6180
f 1527 	5191 	1528
f 5188 	1528 	5191
f 4722 	4443 	4034
f 6117 	3719 	3718
f 6199 	6200 	6180
f 5191 	1527 	1526
f 5191 	1526 	5194
f 4034 	4036 	4722
f 3718 	3717 	6120
f 1525 	5196 	1526
f 5194 	1526 	5196
f 4080 	4722 	4036
f 3715 	6122 	3717
f 6120 	3717 	6122
f 4080 	4036 	4040
f 5196 	1525 	5198
f 399 	394 	5702
f 299 	5702 	369
f 3714 	6123 	3715
f 6122 	3715 	6123
f 4255 	4259 	4106
f 1522 	5202 	5198
f 5762 	5702 	394
f 392 	5762 	394
f 5702 	235 	373
f 6123 	3714 	3713
f 6123 	3713 	6124
f 5202 	1522 	5156
f 3737 	6148 	3713
f 4052 	3964 	4093
f 6124 	3713 	6148
f 4054 	4053 	3966
f 6186 	4122 	6185
f 3735 	6151 	6148
f 3735 	6148 	3737
f 1531 	5212 	5209
f 5975 	6053 	404
f 5972 	6053 	5975
f 3939 	4054 	3966
f 6151 	3735 	6152
f 3734 	6152 	3735
f 6187 	4119 	6186
f 5212 	1531 	1500
f 5212 	1500 	5137
f 407 	6053 	412
f 404 	6053 	407
f 3733 	6153 	6152
f 3733 	6152 	3734
f 6188 	747 	4116
f 3966 	3968 	3939
f 6153 	3733 	3732
f 392 	388 	5762
f 388 	385 	5762
f 6185 	1638 	675
f 747 	749 	4116
f 1532 	5218 	1538
f 412 	6053 	415
f 4080 	4040 	4042
f 4093 	4090 	4052
f 3964 	3966 	4053
f 4049 	4052 	4090
f 4090 	4088 	4049
f 4047 	4049 	4088
f 4088 	4084 	4047
f 4084 	4082 	4047
f 232 	373 	235
f 274 	272 	5702
f 1689 	1684 	5225
f 6191 	6192 	6173
f 6192 	6193 	6173
f 6189 	1502 	3743
f 1503 	3743 	1502
f 6171 	6173 	6194
f 6193 	6194 	6173
f 5762 	385 	6053
f 5225 	1684 	1683
f 4044 	4047 	4082
f 4042 	4044 	4082
f 4080 	4042 	4082
f 4067 	4116 	756
f 247 	246 	5702
f 262 	259 	5702
f 6194 	6195 	6147
f 6143 	6144 	6197
f 766 	4067 	756
f 127 	124 	379
f 5896 	5894 	5889
f 2168 	2075 	6198
f 6197 	6198 	6143
f 5870 	5871 	5702
f 771 	4067 	768
f 768 	4067 	766
f 6179 	6180 	6200
f 6175 	6176 	6184
f 6004 	6005 	6373
f 774 	4067 	771
f 6176 	6177 	6184
f 6147 	6171 	6194
f 6218 	6246 	6204
f 6204 	6246 	6203
f 6206 	1928 	6205
f 6202 	6004 	6373
f 749 	756 	4116
f 6188 	4116 	6187
f 4109 	4111 	4067
f 3905 	3888 	3315
f 6207 	6202 	6373
f 6208 	1928 	6206
f 6209 	1928 	6208
f 1698 	5243 	1700
f 1789 	4528 	2162
f 4530 	4836 	4528
f 6211 	6210 	6377
f 6374 	6377 	6207
f 6213 	6246 	6212
f 6216 	6407 	6215
f 2162 	4528 	2166
f 213 	3339 	212
f 4112 	4110 	2007
f 2003 	2007 	4110
f 4110 	4107 	2003
f 4107 	4267 	2003
f 2187 	6221 	2495
f 6219 	6407 	6216
f 6220 	6407 	6219
f 6222 	6217 	6246
f 6217 	6212 	6246
f 6218 	6222 	6246
f 1694 	5250 	1695
f 6239 	6240 	6236
f 6224 	6407 	6220
f 1692 	5250 	1694
f 6230 	6407 	6229
f 6225 	6407 	6224
f 4147 	4130 	4161
f 4129 	4134 	4163
f 4134 	4178 	4163
f 4130 	4129 	4163
f 4140 	4144 	4152
f 4105 	4140 	4152
f 4161 	4152 	4144
f 4140 	4105 	4100
f 1691 	5254 	1692
f 6223 	6203 	6246
f 6227 	6223 	6246
f 6226 	6227 	6246
f 6234 	4528 	6233
f 6228 	4528 	6234
f 4178 	4183 	4216
f 6241 	6238 	6236
f 5254 	1691 	1690
f 405 	6309 	6232
f 6225 	6229 	6407
f 1689 	5261 	1690
f 6231 	6226 	6246
f 2601 	2493 	6221
f 6240 	2610 	6236
f 4144 	4147 	4161
f 6237 	6235 	6246
f 2498 	2493 	2601
f 2501 	2498 	2601
f 2495 	6221 	2493
f 4163 	4161 	4130
f 2174 	6205 	1928
f 6214 	6407 	6209
f 6215 	6407 	6214
f 1928 	6209 	6407
f 1683 	5229 	5225
f 6242 	6238 	6241
f 6246 	6064 	6009
f 6196 	6197 	6146
f 6144 	6146 	6197
f 6146 	6147 	6196
f 6195 	6196 	6147
f 6183 	6184 	6177
f 6177 	6178 	6183
f 6182 	6183 	6178
f 6178 	6179 	6201
f 6243 	6238 	6242
f 1682 	5232 	1683
f 5229 	1683 	5232
f 6244 	6238 	6243
f 6128 	6430 	6127
f 6130 	3365 	6129
f 6430 	6129 	3365
f 4216 	4163 	4178
f 4183 	4187 	4216
f 4218 	4216 	4187
f 4187 	4193 	4218
f 5232 	1682 	1681
f 5232 	1681 	5234
f 3477 	5462 	6434
f 6434 	6441 	3477
f 4193 	4198 	4218
f 1680 	5236 	1681
f 5234 	1681 	5236
f 6009 	6237 	6246
f 6235 	6231 	6246
f 6441 	6430 	3481
f 6239 	6236 	6238
f 6245 	6238 	6244
f 5236 	1680 	1678
f 5236 	1678 	5237
f 6065 	6066 	6246
f 4222 	4218 	4202
f 4202 	4206 	4222
f 6436 	3490 	6443
f 1676 	5238 	1678
f 5237 	1678 	5238
f 6018 	6015 	6063
f 6247 	6065 	6246
f 6443 	3507 	6258
f 6245 	4920 	6238
f 6154 	3339 	6820
f 4206 	4210 	4222
f 4428 	4222 	4210
f 5238 	1676 	1675
f 5238 	1675 	5239
f 6249 	6248 	6246
f 4926 	6238 	4923
f 5239 	1675 	1241
f 4210 	4213 	4428
f 5526 	5990 	5989
f 5526 	5989 	5527
f 6250 	6251 	6258
f 6252 	6250 	6258
f 5522 	5987 	5990
f 5522 	5990 	5526
f 5530 	5993 	5992
f 5530 	5992 	5531
f 1698 	5244 	5243
f 4934 	5429 	4930
f 6253 	6258 	6254
f 5993 	5530 	5527
f 5993 	5527 	5989
f 4937 	5429 	4934
f 6255 	6258 	6081
f 5997 	5536 	5531
f 5997 	5531 	5992
f 5244 	1698 	1696
f 5244 	1696 	5246
f 4940 	5429 	4937
f 6082 	6084 	6258
f 5536 	5997 	5996
f 5536 	5996 	5537
f 1695 	5248 	1696
f 5246 	1696 	5248
f 6249 	6246 	6256
f 5538 	5999 	5998
f 5538 	5998 	5539
f 5999 	5538 	5537
f 5248 	1695 	5250
f 4418 	2157 	2155
f 4418 	2155 	525
f 6255 	6254 	6258
f 6253 	6252 	6258
f 6251 	6257 	6258
f 6257 	6256 	6246
f 6246 	6258 	6257
f 5999 	5537 	5996
f 1692 	5252 	5250
f 63 	66 	4244
f 1982 	1985 	4258
f 4244 	4241 	63
f 4241 	4237 	61
f 4237 	4233 	60
f 59 	60 	4233
f 4233 	4229 	57
f 132 	57 	4229
f 113 	132 	4283
f 111 	113 	4279
f 4262 	4258 	1985
f 6002 	5543 	5539
f 6002 	5539 	5998
f 5543 	6002 	6001
f 5543 	6001 	5544
f 5252 	1692 	5254
f 2165 	4418 	2177
f 2161 	4418 	2165
f 2159 	4418 	2161
f 2157 	4418 	2159
f 6063 	6046 	6017
f 6017 	6018 	6063
f 6003 	5546 	5544
f 5254 	1690 	5258
f 6003 	5544 	6001
f 4279 	4278 	111
f 4278 	4276 	107
f 106 	107 	4276
f 4274 	4272 	106
f 102 	106 	4272
f 4272 	4319 	102
f 6261 	6407 	6259
f 3560 	5500 	3742
f 6190 	3742 	5500
f 5258 	1690 	5261
f 4896 	6260 	5467
f 4896 	5467 	4596
f 5778 	5549 	6004
f 6005 	6004 	5549
f 6005 	5549 	5546
f 6005 	5546 	6003
f 1689 	5225 	5261
f 4962 	2743 	6262
f 6263 	6407 	6261
f 4962 	6262 	6266
f 4962 	6266 	5029
f 1082 	1731 	5263
f 6268 	6407 	6263
f 5029 	6266 	6270
f 5029 	6270 	5032
f 4312 	164 	4316
f 4291 	4286 	160
f 4917 	4909 	159
f 158 	159 	4909
f 159 	160 	4286
f 4917 	159 	4286
f 5822 	6009 	5580
f 6014 	5580 	6009
f 6269 	6407 	6268
f 1706 	5283 	5274
f 5032 	6270 	6272
f 5032 	6272 	5034
f 6013 	5581 	6014
f 5580 	6014 	5581
f 3749 	6273 	6271
f 5034 	6272 	6260
f 5034 	6260 	4896
f 5273 	1716 	5274
f 1706 	5274 	1716
f 5581 	6013 	5612
f 6015 	5612 	6013
f 6275 	6273 	3749
f 6260 	6757 	5467
f 1716 	5273 	1718
f 6017 	5617 	6018
f 5613 	6018 	5617
f 4407 	4410 	4431
f 4424 	4403 	4431
f 4428 	4395 	4424
f 4410 	4027 	4437
f 4213 	4395 	4428
f 4398 	4424 	4395
f 4403 	4424 	4398
f 1718 	5271 	1720
f 6272 	6757 	6260
f 6270 	6766 	6272
f 2743 	6763 	6262
f 6742 	6745 	5477
f 5612 	6015 	5613
f 6018 	5613 	6015
f 4407 	4431 	4403
f 4443 	4437 	4027
f 1720 	5271 	1722
f 4825 	6279 	5038
f 5617 	6017 	5703
f 6024 	5703 	6017
f 6023 	5705 	6024
f 5703 	6024 	5705
f 6285 	6403 	6283
f 4027 	4030 	4443
f 6287 	5039 	6284
f 6026 	5708 	6027
f 5707 	6027 	5708
f 3743 	6265 	6189
f 6282 	6403 	6281
f 5705 	6023 	5707
f 6027 	5707 	6023
f 6287 	5040 	5039
f 4030 	4034 	4443
f 1724 	5266 	1725
f 5708 	6026 	5715
f 6029 	5715 	6026
f 4198 	4202 	4218
f 1725 	5266 	1727
f 6028 	5716 	6029
f 5715 	6029 	5716
f 6213 	6211 	6377
f 6286 	6289 	6403
f 5716 	6028 	5719
f 6032 	5719 	6028
f 6290 	6293 	5041
f 5042 	5041 	6293
f 3755 	6296 	6294
f 6297 	6427 	6295
f 6031 	5720 	6032
f 5719 	6032 	5720
f 1729 	5263 	1731
f 6299 	6296 	3755
f 6298 	6109 	5044
f 6427 	6297 	6300
f 5720 	6031 	1385
f 6304 	6439 	6302
f 6279 	6113 	6302
f 1810 	1385 	6031
f 6303 	6427 	6301
f 5723 	6036 	6035
f 5723 	6035 	5724
f 6309 	413 	6306
f 1732 	5297 	1734
f 1885 	6036 	1467
f 5723 	1467 	6036
f 6279 	6302 	5148
f 6279 	5148 	5038
f 4514 	4951 	4516
f 4511 	4948 	4514
f 4509 	4948 	4511
f 4507 	4946 	4509
f 4504 	4946 	4507
f 4500 	4946 	4504
f 4494 	4942 	4500
f 4488 	4942 	4494
f 5171 	4931 	4586
f 4587 	4586 	4931
f 6407 	6232 	6309
f 6039 	5728 	5724
f 6039 	5724 	6035
f 5728 	6039 	6038
f 5728 	6038 	5729
f 6311 	6407 	6309
f 6312 	6407 	6311
f 6310 	3762 	6313
f 5151 	6304 	6298
f 5151 	6298 	5044
f 6314 	6407 	6312
f 5731 	6041 	6040
f 5731 	6040 	5733
f 6313 	3762 	6315
f 6259 	6407 	6314
f 6315 	3760 	6316
f 6038 	6041 	5729
f 5731 	5729 	6041
f 1742 	5289 	1746
f 6316 	3760 	1072
f 6319 	6320 	5046
f 6319 	5046 	5045
f 6044 	5737 	5733
f 6044 	5733 	6040
f 6325 	6367 	6321
f 1746 	5289 	1748
f 6322 	6323 	5054
f 6322 	5054 	5053
f 3752 	6264 	6265
f 3752 	6265 	3753
f 5737 	6044 	6043
f 5737 	6043 	5738
f 4586 	4585 	5171
f 5166 	5171 	4585
f 4585 	4583 	5166
f 4583 	4580 	5166
f 5160 	5166 	4580
f 4577 	5160 	4580
f 4574 	5160 	4577
f 4572 	5157 	4574
f 4571 	5154 	4572
f 4602 	5154 	4571
f 4597 	5152 	4602
f 5740 	6047 	6046
f 5740 	6046 	5741
f 6324 	6326 	5052
f 6324 	5052 	5051
f 4437 	4431 	4410
f 6047 	5740 	5738
f 2209 	446 	2206
f 2226 	2229 	442
f 2229 	2339 	441
f 2170 	448 	402
f 6427 	6365 	6328
f 6328 	6365 	6327
f 5284 	1760 	1755
f 6047 	5738 	6043
f 6323 	6322 	6320
f 6323 	6320 	6319
f 6329 	6427 	6328
f 6063 	5745 	5741
f 6063 	5741 	6046
f 1760 	5284 	5283
f 1760 	5283 	1762
f 5745 	6063 	6062
f 5745 	6062 	5746
f 6331 	5047 	5046
f 6331 	5046 	6320
f 6064 	5749 	5746
f 6064 	5746 	6062
f 1762 	5283 	1706
f 6332 	6427 	6330
f 2196 	4472 	2197
f 2195 	4472 	2196
f 2193 	4471 	2195
f 2189 	4471 	2193
f 2188 	4471 	2189
f 2183 	4471 	2188
f 2180 	4418 	2183
f 2177 	4418 	2180
f 1771 	1538 	5309
f 5218 	5309 	1538
f 4761 	4751 	5135
f 5131 	5135 	4751
f 4751 	4746 	5131
f 5128 	5131 	4746
f 4746 	4744 	5128
f 5231 	5128 	4744
f 4744 	4740 	5231
f 5226 	5231 	4740
f 4726 	5226 	4740
f 6322 	5053 	5052
f 6322 	5052 	6326
f 5750 	6066 	6065
f 5750 	6065 	5842
f 2206 	447 	2202
f 6066 	5750 	5749
f 6066 	5749 	6064
f 4788 	5226 	4726
f 4781 	5226 	4788
f 4782 	5226 	4781
f 4785 	5226 	4782
f 4775 	5226 	4778
f 4772 	5226 	4775
f 4773 	5226 	4772
f 2212 	446 	2209
f 5059 	6338 	6339
f 5059 	6339 	5060
f 5273 	5272 	1718
f 2215 	446 	2212
f 4778 	5226 	4785
f 6264 	3752 	6267
f 3751 	6267 	3752
f 6295 	6427 	6337
f 2202 	447 	2170
f 6340 	5063 	5062
f 6340 	5062 	6341
f 1718 	5272 	5271
f 3750 	6271 	6267
f 3750 	6267 	3751
f 441 	442 	2229
f 6271 	3750 	3749
f 5271 	5270 	1722
f 4295 	4291 	160
f 4907 	158 	4908
f 4908 	158 	4909
f 4900 	517 	4907
f 3748 	6275 	3749
f 5269 	1723 	5270
f 1722 	5270 	1723
f 6068 	5759 	6069
f 5758 	6069 	5759
f 2339 	2343 	440
f 6347 	6361 	6346
f 5757 	6067 	5758
f 6069 	5758 	6067
f 440 	441 	2339
f 6275 	3748 	6276
f 3747 	6276 	3748
f 4458 	4961 	4457
f 1723 	5269 	5267
f 1723 	5267 	1724
f 5759 	6068 	5763
f 6072 	5763 	6068
f 6348 	6358 	6347
f 6276 	3747 	6277
f 3746 	6277 	3747
f 2305 	440 	2343
f 6071 	5764 	6072
f 5763 	6072 	5764
f 1724 	5267 	5266
f 4942 	4488 	4938
f 4484 	4475 	4938
f 3745 	6280 	6277
f 3745 	6277 	3746
f 6074 	5766 	6075
f 5765 	6075 	5766
f 6349 	6358 	6348
f 6350 	6357 	6349
f 5266 	5265 	1727
f 5764 	6071 	5765
f 6075 	5765 	6071
f 6351 	6356 	6350
f 2220 	2223 	444
f 2223 	2226 	443
f 443 	444 	2223
f 3759 	6280 	3745
f 5264 	1729 	5265
f 1727 	5265 	1729
f 6339 	6338 	6335
f 6354 	6343 	6352
f 6345 	6352 	6343
f 3753 	6265 	3743
f 5766 	6074 	5769
f 6077 	5769 	6074
f 4473 	2199 	4472
f 2313 	2199 	4473
f 1729 	5264 	5263
f 6341 	6353 	6340
f 6076 	5770 	6077
f 5769 	6077 	5770
f 6280 	3759 	6288
f 2324 	2317 	2310
f 2321 	2310 	2317
f 2199 	2313 	2321
f 2197 	4472 	2199
f 6078 	5774 	6079
f 5773 	6079 	5774
f 6355 	6351 	6354
f 6288 	3759 	3758
f 6288 	3758 	6291
f 5770 	6076 	5773
f 6079 	5773 	6076
f 6341 	6331 	6353
f 6320 	6353 	6331
f 3757 	6292 	3758
f 6291 	3758 	6292
f 6357 	6350 	6356
f 6356 	6351 	6355
f 2343 	2346 	2305
f 6292 	3757 	3756
f 6292 	3756 	6294
f 5057 	5055 	6335
f 6343 	6354 	6342
f 6080 	5776 	6078
f 5774 	6078 	5776
f 5297 	5296 	1734
f 6294 	3756 	3755
f 6358 	6349 	6357
f 6342 	6354 	6351
f 5057 	6335 	6359
f 1476 	5776 	6080
f 4946 	4500 	4942
f 4932 	4938 	4475
f 1734 	5296 	5294
f 1734 	5294 	1736
f 3755 	3754 	6299
f 5055 	6335 	6338
f 5055 	6338 	5059
f 6360 	6347 	6358
f 6361 	6347 	6360
f 4948 	4509 	4946
f 5928 	6081 	5781
f 6084 	5781 	6081
f 3766 	6305 	3754
f 5292 	1738 	5294
f 1736 	5294 	1738
f 5063 	6340 	6353
f 5063 	6353 	5101
f 4484 	4938 	4488
f 4951 	4514 	4948
f 6082 	5782 	6084
f 5781 	6084 	5782
f 6327 	6365 	6325
f 6318 	6321 	6368
f 6299 	3754 	6305
f 1738 	5292 	5291
f 1738 	5291 	1742
f 4516 	4951 	4458
f 4961 	4458 	4951
f 6067 	5757 	6082
f 5782 	6082 	5757
f 3765 	6307 	6305
f 3765 	6305 	3766
f 1742 	5291 	5289
f 4966 	4457 	4961
f 6307 	3765 	6308
f 3764 	6308 	3765
f 6365 	6427 	6364
f 6407 	6053 	1928
f 4970 	4461 	4966
f 5289 	5287 	1748
f 3763 	6310 	6308
f 3763 	6308 	3764
f 6362 	5058 	6333
f 4457 	4966 	4461
f 6310 	3763 	3762
f 5286 	1753 	5287
f 1748 	5287 	1753
f 6089 	5858 	5857
f 6089 	5857 	6090
f 6362 	5066 	5058
f 4924 	4461 	4970
f 6361 	6318 	6368
f 3761 	6315 	3762
f 6086 	5854 	5858
f 6086 	5858 	6089
f 5285 	1755 	5286
f 1753 	5286 	1755
f 6346 	6361 	6368
f 6368 	6321 	6367
f 6090 	5857 	5860
f 6090 	5860 	6126
f 6315 	3761 	3760
f 1755 	5285 	5284
f 6126 	5860 	5859
f 6126 	5859 	6127
f 6370 	6403 	6369
f 6127 	5862 	6128
f 4987 	516 	4900
f 4985 	516 	4987
f 4982 	511 	4985
f 4979 	511 	4982
f 4976 	504 	4979
f 6371 	6403 	6370
f 5862 	6127 	5859
f 5333 	6335 	5055
f 6373 	6403 	6371
f 6128 	5862 	5864
f 6128 	5864 	6129
f 6210 	6207 	6377
f 6289 	6369 	6403
f 158 	4907 	517
f 5866 	6130 	6129
f 5866 	6129 	5864
f 6320 	6322 	6353
f 6353 	6322 	6326
f 6130 	5866 	5865
f 6130 	5865 	6131
f 6375 	3776 	6376
f 5867 	1612 	6132
f 1772 	5307 	5306
f 1772 	5306 	1773
f 6246 	6213 	6377
f 4765 	4764 	5144
f 4766 	4765 	5144
f 6376 	3776 	6379
f 5867 	6132 	6131
f 5867 	6131 	5865
f 1773 	5306 	5305
f 1773 	5305 	1776
f 6382 	6246 	6380
f 6377 	6380 	6246
f 6378 	6333 	6344
f 4768 	4766 	5144
f 1776 	5305 	5304
f 1776 	5304 	1780
f 6133 	5871 	5870
f 6133 	5870 	6134
f 4589 	4768 	5144
f 5144 	5147 	4589
f 1780 	5304 	5297
f 1780 	5297 	1732
f 55 	5871 	56
f 6133 	56 	5871
f 6385 	6246 	6384
f 4594 	4589 	5147
f 5152 	4597 	5147
f 5105 	5066 	6378
f 6362 	6378 	5066
f 5876 	6137 	6134
f 5876 	6134 	5870
f 1771 	5309 	5307
f 1771 	5307 	1772
f 6383 	3772 	6386
f 5154 	4602 	5152
f 4594 	5147 	4597
f 6086 	6137 	5854
f 5876 	5854 	6137
f 6362 	6333 	6378
f 2075 	1623 	6143
f 5879 	6143 	1623
f 6386 	3772 	6388
f 6389 	6246 	6387
f 5878 	6144 	5879
f 6143 	5879 	6144
f 5105 	6344 	5064
f 5157 	4572 	5154
f 5160 	4574 	5157
f 5880 	6147 	5882
f 6146 	5882 	6147
f 5105 	6378 	6344
f 6144 	5878 	6146
f 5882 	6146 	5878
f 1786 	5325 	1790
f 2571 	2565 	2667
f 2667 	2305 	2346
f 6331 	6341 	5047
f 1790 	5325 	1793
f 2349 	2571 	2667
f 6147 	5880 	6171
f 5884 	6171 	5880
f 6341 	5062 	5047
f 6171 	5884 	6173
f 5885 	6173 	5884
f 6363 	6364 	6246
f 5886 	6176 	5887
f 6175 	5887 	6176
f 6344 	6333 	5064
f 6173 	5885 	6175
f 5887 	6175 	5885
f 6176 	5886 	6177
f 5889 	6177 	5886
f 2358 	2571 	2356
f 1084 	3785 	6397
f 5888 	6178 	5889
f 6177 	5889 	6178
f 6395 	6363 	6246
f 6427 	6246 	6364
f 6366 	6325 	6365
f 6367 	6325 	6366
f 6330 	6427 	6329
f 6334 	6427 	6332
f 6337 	6427 	6336
f 6333 	5058 	5064
f 6397 	3785 	6398
f 1801 	5319 	1805
f 5048 	5112 	6317
f 6399 	6317 	5112
f 6179 	6178 	5888
f 6382 	6384 	6246
f 6385 	6387 	6246
f 6246 	6389 	6391
f 6392 	6395 	6246
f 6391 	6392 	6246
f 2373 	2420 	2369
f 5890 	6180 	5891
f 6179 	5891 	6180
f 6287 	6284 	6399
f 6317 	6399 	6284
f 1805 	5319 	1807
f 5891 	6179 	5888
f 2378 	2381 	2420
f 5112 	5111 	6402
f 5112 	6402 	6399
f 6274 	6407 	6269
f 6278 	6407 	6274
f 6281 	6403 	6278
f 6282 	6283 	6403
f 6285 	6286 	6403
f 6407 	6278 	6403
f 5892 	6181 	5890
f 6180 	5890 	6181
f 6409 	2420 	2381
f 2369 	2425 	2365
f 125 	6181 	5892
f 6336 	6427 	6334
f 6300 	6301 	6427
f 6306 	413 	6303
f 2384 	6409 	2381
f 2378 	2420 	2373
f 6183 	5896 	5895
f 6183 	5895 	6184
f 5116 	5060 	6339
f 5116 	6339 	6406
f 6412 	6430 	6411
f 6182 	5894 	5896
f 6182 	5896 	6183
f 5115 	6405 	6406
f 5115 	6406 	5116
f 2393 	6409 	2390
f 6414 	6430 	6413
f 6412 	6413 	6430
f 6184 	5895 	5910
f 6184 	5910 	6191
f 3778 	6372 	6410
f 5340 	1819 	1815
f 5340 	1815 	5342
f 2396 	2625 	2393
f 6406 	6416 	5120
f 6406 	5120 	5116
f 6191 	5910 	5909
f 6191 	5909 	6192
f 6415 	6430 	6414
f 23 	6430 	6415
f 2400 	2625 	2396
f 2384 	2390 	6409
f 6372 	3778 	3777
f 6372 	3777 	6375
f 6406 	6339 	6416
f 6335 	6416 	6339
f 1823 	1819 	5340
f 6193 	6192 	5914
f 5909 	5914 	6192
f 6375 	3777 	3776
f 5120 	6416 	6335
f 5120 	6335 	5055
f 31 	46 	6430
f 6193 	5914 	5913
f 6193 	5913 	6194
f 3775 	6379 	3776
f 4476 	4493 	2408
f 6194 	5913 	5917
f 6194 	5917 	6195
f 53 	6430 	52
f 6399 	6417 	6287
f 6379 	3775 	6381
f 3774 	6381 	3775
f 53 	56 	6430
f 6133 	6430 	56
f 6402 	6417 	6399
f 1833 	5336 	1835
f 5941 	6196 	6195
f 5941 	6195 	5917
f 3773 	6383 	6381
f 3773 	6381 	3774
f 6133 	6134 	6430
f 6287 	6417 	5125
f 6287 	5125 	5040
f 6196 	5941 	5940
f 6196 	5940 	6197
f 6383 	3773 	3772
f 23 	31 	6430
f 1835 	5336 	5335
f 1835 	5335 	1838
f 6417 	6418 	5127
f 6417 	5127 	5125
f 2168 	6198 	1721
f 5943 	1721 	6198
f 4479 	4493 	4476
f 3771 	6388 	3772
f 6430 	6427 	118
f 118 	119 	6430
f 119 	6411 	6430
f 6198 	6197 	5943
f 5111 	5129 	6402
f 6419 	6402 	5129
f 1838 	5335 	5334
f 1838 	5334 	1841
f 5940 	5943 	6197
f 2414 	6409 	2410
f 6418 	6417 	6419
f 6402 	6419 	6417
f 6388 	3771 	6390
f 3770 	6390 	3771
f 2417 	6409 	2414
f 233 	236 	6427
f 380 	5947 	381
f 6199 	381 	5947
f 6290 	5041 	5127
f 6290 	5127 	6418
f 2420 	6409 	2417
f 3769 	6393 	6390
f 3769 	6390 	3770
f 6199 	5947 	5946
f 6199 	5946 	6200
f 236 	245 	6427
f 5127 	6418 	6419
f 5127 	6419 	5129
f 2425 	2369 	2422
f 2410 	6409 	2645
f 6182 	6201 	5894
f 5949 	5894 	6201
f 6393 	3769 	6394
f 3768 	6394 	3769
f 245 	248 	6427
f 248 	254 	6427
f 6409 	2393 	2625
f 1848 	5330 	1854
f 6201 	6200 	5949
f 260 	261 	6427
f 254 	260 	6427
f 128 	233 	6427
f 2422 	2369 	2420
f 3767 	6396 	6394
f 3767 	6394 	3768
f 5946 	5949 	6200
f 5329 	1858 	5330
f 1854 	5330 	1858
f 261 	265 	6427
f 265 	118 	6427
f 6420 	6418 	5127
f 3794 	6424 	3767
f 2174 	1726 	6205
f 5954 	6205 	1726
f 6418 	6420 	6290
f 5953 	6206 	5954
f 6205 	5954 	6206
f 2571 	2365 	2425
f 5956 	6209 	5957
f 6208 	5957 	6209
f 275 	6427 	273
f 270 	273 	6427
f 3785 	3784 	6398
f 1865 	5345 	1866
f 5957 	6208 	5953
f 6206 	5953 	6208
f 6427 	275 	279
f 286 	6427 	279
f 3783 	6400 	3784
f 6398 	3784 	6400
f 5345 	1865 	5243
f 1700 	5243 	1865
f 5136 	5138 	6421
f 5136 	6421 	6420
f 366 	6427 	286
f 6400 	3783 	3782
f 6400 	3782 	6401
f 370 	6427 	366
f 6209 	5956 	6214
f 5961 	6214 	5956
f 5334 	5350 	1841
f 4931 	4932 	4587
f 4588 	4587 	4932
f 3781 	6404 	3782
f 6401 	3782 	6404
f 5963 	6216 	5964
f 6215 	5964 	6216
f 4470 	4588 	4932
f 2353 	2571 	2349
f 2353 	2356 	2571
f 2358 	2365 	2571
f 2346 	2349 	2667
f 2565 	2549 	2667
f 2549 	2541 	2667
f 2541 	2535 	2667
f 2535 	2527 	2667
f 2675 	2667 	2527
f 2909 	2682 	2519
f 2519 	2675 	2527
f 6214 	5961 	6215
f 5964 	6215 	5961
f 6404 	3781 	3780
f 6404 	3780 	6408
f 4475 	4470 	4932
f 378 	6427 	376
f 5966 	6220 	5967
f 6219 	5967 	6220
f 3779 	6410 	3780
f 6408 	3780 	6410
f 376 	6427 	370
f 6216 	5963 	6219
f 5967 	6219 	5963
f 2585 	2592 	3112
f 381 	6199 	6427
f 5326 	1786 	5329
f 1786 	1858 	5329
f 6410 	3779 	3778
f 4493 	3112 	2592
f 6220 	5966 	6224
f 5969 	6224 	5966
f 2600 	4493 	2592
f 5968 	6225 	5969
f 6224 	5969 	6225
f 1786 	5326 	5325
f 2609 	4493 	2600
f 6225 	5968 	6229
f 5973 	6229 	5968
f 5178 	496 	5176
f 5176 	504 	4976
f 3787 	6422 	6423
f 2613 	4493 	2609
f 5325 	5324 	1793
f 391 	395 	6427
f 5197 	5200 	5525
f 5972 	6230 	5973
f 6229 	5973 	6230
f 5322 	1795 	5324
f 1793 	5324 	1795
f 2618 	2625 	4493
f 5521 	5525 	5204
f 5200 	5204 	5525
f 3791 	1503 	1502
f 6232 	5975 	405
f 404 	405 	5975
f 2404 	4493 	2625
f 395 	398 	6427
f 398 	270 	6427
f 1795 	5322 	5321
f 1795 	5321 	1799
f 5204 	5207 	5521
f 2628 	6409 	2625
f 6230 	5972 	6232
f 1799 	5321 	5320
f 1799 	5320 	1801
f 2637 	6409 	2628
f 5517 	5520 	5211
f 408 	6309 	405
f 5975 	6232 	5972
f 2641 	6409 	2637
f 5211 	5214 	5517
f 1801 	5320 	5319
f 416 	6303 	413
f 413 	6309 	408
f 3371 	3071 	3070
f 3374 	3371 	3070
f 416 	386 	6303
f 5515 	5517 	5214
f 5319 	5318 	1807
f 2190 	4009 	3034
f 6427 	6303 	389
f 389 	391 	6427
f 3792 	6426 	6425
f 4814 	439 	2430
f 4844 	4845 	2430
f 5317 	1809 	5318
f 1807 	5318 	1809
f 2645 	6409 	2641
f 2613 	2618 	4493
f 2404 	2625 	2400
f 2404 	2408 	4493
f 386 	389 	6303
f 6230 	6232 	6407
f 6293 	6420 	5136
f 6293 	5136 	5042
f 4814 	5183 	439
f 5214 	5216 	5515
f 6428 	6426 	3792
f 429 	2801 	452
f 5115 	5136 	6405
f 6420 	6405 	5136
f 436 	5183 	2190
f 378 	381 	6427
f 6180 	6181 	6427
f 6181 	125 	6427
f 3068 	3375 	3374
f 3068 	3374 	3070
f 6406 	6421 	5138
f 6406 	5138 	5116
f 5542 	5515 	5216
f 5207 	5211 	5520
f 541 	2190 	2194
f 46 	52 	6430
f 6405 	6420 	6406
f 6421 	6406 	6420
f 5900 	5898 	5220
f 5220 	5222 	5900
f 5127 	5136 	6420
f 6434 	3337 	6433
f 5226 	5831 	5222
f 5900 	5222 	5831
f 6435 	3798 	6432
f 6290 	6420 	6293
f 2705 	2824 	2709
f 2703 	2831 	2705
f 2698 	2895 	2703
f 2695 	2900 	2698
f 2690 	2905 	2695
f 2675 	2519 	2682
f 442 	443 	2226
f 2682 	2909 	2690
f 5135 	5140 	4761
f 3013 	3355 	2194
f 3013 	2194 	3034
f 3798 	6435 	6438
f 2722 	2726 	500
f 2801 	429 	3375
f 2782 	384 	500
f 6317 	6439 	5048
f 5049 	5048 	6439
f 2801 	3375 	3068
f 4764 	4761 	5140
f 5140 	5144 	4764
f 6433 	6440 	6441
f 6433 	6441 	6434
f 5048 	6317 	6284
f 5048 	6284 	5039
f 1115 	4519 	6442
f 2726 	2782 	500
f 6444 	6437 	6443
f 6437 	6436 	6443
f 2431 	3055 	1564
f 5051 	5054 	6323
f 5051 	6323 	6324
f 6433 	5702 	6440
f 6444 	5762 	6437
f 5216 	5220 	5542
f 5054 	6323 	6319
f 5054 	6319 	5045
f 6302 	6317 	5148
f 2756 	2703 	2761
f 2761 	2703 	2766
f 2766 	2703 	2768
f 2768 	2703 	2771
f 2749 	2703 	2756
f 2745 	2703 	2749
f 2810 	2703 	2745
f 2802 	2703 	2810
f 2771 	2703 	2775
f 6439 	6304 	5151
f 6439 	5151 	5049
f 5193 	5197 	5528
f 5525 	5528 	5197
f 5520 	5521 	5207
f 2789 	2794 	500
f 6450 	1567 	1541
f 5054 	5044 	6323
f 6298 	6323 	5044
f 5178 	5189 	5528
f 5189 	5193 	5528
f 6317 	6302 	6439
f 6443 	6258 	6444
f 6246 	6444 	6258
f 439 	500 	2842
f 3787 	6423 	3788
f 5528 	489 	5178
f 516 	4985 	511
f 5563 	482 	5528
f 6246 	5762 	6444
f 6323 	6298 	6324
f 6453 	6454 	6465
f 6454 	6455 	6465
f 6455 	6456 	6465
f 6456 	6457 	6465
f 6457 	6458 	6465
f 6458 	6459 	6465
f 6459 	6460 	6465
f 6460 	6461 	6465
f 6461 	6462 	6465
f 6462 	6463 	6465
f 2582 	6465 	6463
f 2581 	2582 	6463
f 1508 	1546 	6423
f 3788 	6423 	1546
f 6447 	6446 	6464
f 6446 	2617 	6464
f 6463 	6464 	2617
f 2805 	2703 	2802
f 2831 	2703 	2805
f 2824 	2705 	2831
f 2820 	2712 	2824
f 2712 	2709 	2824
f 6317 	5048 	5148
f 5558 	482 	5563
f 517 	4900 	516
f 6396 	3767 	6424
f 6467 	6468 	6466
f 6465 	6466 	6468
f 6465 	6468 	6469
f 6465 	6469 	6470
f 6465 	6470 	6471
f 6465 	6471 	6472
f 6452 	6453 	6465
f 6451 	6452 	6465
f 5555 	480 	5558
f 473 	475 	459
f 676 	473 	459
f 3793 	6425 	6424
f 3793 	6424 	3794
f 6477 	6478 	6475
f 6476 	6477 	6475
f 6474 	6475 	6478
f 6473 	6474 	6478
f 2874 	439 	2869
f 2863 	439 	2860
f 6425 	3793 	3792
f 6298 	6746 	6324
f 2863 	2869 	439
f 6428 	3791 	1502
f 5840 	5226 	5841
f 5839 	5226 	5840
f 5838 	5226 	5839
f 5836 	5226 	5838
f 5834 	5226 	5836
f 5831 	5226 	5834
f 5161 	6482 	6484
f 5161 	6484 	5162
f 6246 	6427 	5762
f 3791 	6428 	3792
f 6485 	6497 	6483
f 6486 	6478 	6485
f 6483 	6498 	6481
f 6481 	6499 	6480
f 6487 	6478 	6486
f 6488 	6478 	6487
f 6473 	6478 	6488
f 5162 	6484 	6489
f 5162 	6489 	5164
f 2895 	2698 	2900
f 2890 	2703 	2895
f 2883 	2703 	2890
f 2900 	2695 	2905
f 2775 	2703 	2883
f 2905 	2690 	2909
f 3795 	4502 	6429
f 5164 	6489 	6492
f 5164 	6492 	5168
f 6480 	6499 	6479
f 6431 	3796 	6429
f 3795 	6429 	3796
f 5168 	6492 	6493
f 5168 	6493 	5169
f 2927 	387 	2920
f 6432 	3797 	6431
f 3796 	6431 	3797
f 5169 	6493 	6494
f 5169 	6494 	5172
f 5851 	5226 	5852
f 5850 	5226 	5851
f 5849 	5226 	5850
f 5852 	5226 	5853
f 5853 	5226 	5856
f 5848 	5226 	5849
f 5846 	5226 	5848
f 5844 	5226 	5846
f 5841 	5226 	5844
f 5856 	5226 	4773
f 3797 	6432 	3798
f 5172 	6494 	6496
f 5172 	6496 	5174
f 2934 	387 	2927
f 6427 	5702 	5762
f 6495 	6485 	6478
f 6497 	6485 	6495
f 6498 	6483 	6497
f 6499 	6481 	6498
f 6500 	6479 	6499
f 6501 	6491 	6500
f 6502 	3082 	6501
f 2603 	3082 	6502
f 3798 	6438 	3799
f 2939 	387 	2934
f 5542 	5220 	5898
f 5174 	6496 	5245
f 6422 	3787 	6438
f 3799 	6438 	3787
f 6491 	6501 	6490
f 6479 	6500 	6491
f 2956 	387 	2949
f 6447 	2886 	6446
f 6449 	2850 	6447
f 6427 	6430 	6440
f 6441 	6440 	6430
f 5240 	6503 	6504
f 5240 	6504 	5241
f 4519 	3806 	6442
f 6447 	6513 	6505
f 5702 	6427 	6440
f 6506 	390 	6674
f 5241 	6504 	6507
f 5241 	6507 	5242
f 2949 	387 	2939
f 3805 	6445 	3806
f 6442 	3806 	6445
f 6509 	6449 	6447
f 6509 	6447 	6505
f 6506 	414 	390
f 5242 	6507 	6482
f 5242 	6482 	5161
f 6508 	6446 	4981
f 6445 	3805 	3804
f 6445 	3804 	6448
f 6510 	397 	6683
f 6511 	5245 	6496
f 6463 	6512 	6513
f 6463 	6513 	6464
f 3803 	6450 	3804
f 6448 	3804 	6450
f 3112 	3118 	2987
f 6514 	400 	397
f 6514 	397 	6510
f 6515 	5247 	5245
f 6515 	5245 	6511
f 6462 	6516 	6512
f 6462 	6512 	6463
f 6517 	402 	400
f 6517 	400 	6514
f 3803 	1567 	6450
f 2996 	2578 	3112
f 2979 	2983 	3118
f 6518 	5249 	5247
f 6518 	5247 	6515
f 6461 	6519 	6516
f 6461 	6516 	6462
f 402 	6517 	2169
f 6460 	6520 	6519
f 6460 	6519 	6461
f 6521 	5251 	5249
f 6521 	5249 	6518
f 4866 	4862 	4883
f 4878 	4881 	508
f 2578 	2585 	3112
f 2987 	2996 	3112
f 2983 	2987 	3118
f 6459 	6523 	6520
f 6459 	6520 	6460
f 6524 	5253 	5251
f 6524 	5251 	6521
f 3009 	439 	2874
f 448 	6522 	409
f 6202 	5785 	5778
f 6202 	5778 	6004
f 6458 	6525 	6523
f 6458 	6523 	6459
f 3019 	387 	3009
f 6526 	5255 	5253
f 6526 	5253 	6524
f 6527 	414 	6506
f 6457 	6528 	6525
f 6457 	6525 	6458
f 3024 	387 	3019
f 4881 	4883 	4858
f 4858 	514 	4881
f 514 	508 	4881
f 4874 	4890 	4877
f 4870 	4887 	4874
f 6529 	5259 	5255
f 6529 	5255 	6526
f 6203 	5791 	6204
f 5790 	6204 	5791
f 3030 	387 	3024
f 6530 	419 	414
f 6530 	414 	6527
f 6456 	6531 	6528
f 6456 	6528 	6457
f 3037 	387 	3030
f 6204 	5790 	6218
f 6532 	422 	419
f 6532 	419 	6530
f 6455 	6533 	6531
f 6455 	6531 	6456
f 6529 	2779 	5259
f 3044 	3051 	387
f 4862 	4858 	4883
f 5813 	5791 	6203
f 6534 	423 	422
f 6534 	422 	6532
f 6454 	6535 	6533
f 6454 	6533 	6455
f 6202 	6207 	5785
f 5794 	5785 	6207
f 6536 	424 	423
f 6536 	423 	6534
f 6453 	6537 	6535
f 6453 	6535 	6454
f 6210 	5796 	5794
f 6210 	5794 	6207
f 6538 	430 	424
f 6538 	424 	6536
f 6452 	6539 	6537
f 6452 	6537 	6453
f 2920 	387 	3051
f 3037 	3044 	387
f 2974 	2979 	3188
f 439 	3009 	387
f 4883 	4885 	4866
f 4868 	4866 	4885
f 6210 	6211 	5796
f 5799 	5796 	6211
f 6493 	6492 	2961
f 2954 	2961 	6492
f 6489 	2954 	6492
f 6484 	2942 	6489
f 6482 	3025 	6484
f 6507 	3011 	6482
f 6504 	3004 	6507
f 6503 	2992 	6504
f 6562 	430 	6538
f 6451 	6540 	6539
f 6451 	6539 	6452
f 4885 	4886 	4868
f 6212 	5803 	6213
f 5802 	6213 	5803
f 3118 	3188 	2979
f 2963 	3196 	2956
f 6464 	6513 	6447
f 6522 	448 	6541
f 4870 	4868 	4886
f 5799 	6211 	5802
f 6213 	5802 	6211
f 3862 	2617 	6508
f 6446 	6508 	2617
f 6541 	448 	447
f 6541 	447 	6542
f 6217 	5806 	5803
f 6217 	5803 	6212
f 4505 	3093 	4493
f 4886 	4887 	4870
f 4890 	4874 	4887
f 4890 	4892 	4877
f 6472 	6543 	6540
f 6472 	6540 	6451
f 6511 	6496 	2980
f 2976 	2980 	6496
f 6496 	6494 	2976
f 2969 	2976 	6494
f 2965 	2969 	6494
f 2961 	2965 	6493
f 6494 	6493 	2965
f 2980 	3054 	6511
f 6542 	447 	446
f 6542 	446 	6544
f 5806 	6217 	5810
f 6222 	5810 	6217
f 6471 	6545 	6543
f 6471 	6543 	6472
f 5790 	5807 	6218
f 3223 	631 	4505
f 3079 	4505 	3069
f 640 	641 	3129
f 6544 	446 	445
f 6544 	445 	6546
f 6470 	6547 	6545
f 6470 	6545 	6471
f 6218 	5807 	6222
f 5810 	6222 	5807
f 4893 	4949 	4892
f 6546 	445 	444
f 6546 	444 	6550
f 6469 	6548 	6547
f 6469 	6547 	6470
f 4827 	6110 	5268
f 6549 	5268 	6110
f 6223 	5813 	6203
f 6468 	6551 	6548
f 6468 	6548 	6469
f 6550 	444 	443
f 6550 	443 	6553
f 3065 	631 	3061
f 4831 	5275 	6111
f 6552 	6111 	5275
f 5813 	6223 	5816
f 6227 	5816 	6223
f 640 	3129 	631
f 3061 	631 	3057
f 6467 	6554 	6551
f 6467 	6551 	6468
f 6553 	443 	442
f 6553 	442 	6556
f 6110 	5669 	6555
f 6226 	5817 	6227
f 5816 	6227 	5817
f 6466 	6557 	6554
f 6466 	6554 	6467
f 6549 	6110 	6555
f 6556 	442 	441
f 6556 	441 	6558
f 654 	3129 	652
f 6465 	6559 	6557
f 6465 	6557 	6466
f 5817 	6226 	5818
f 4941 	4944 	5201
f 3069 	4505 	3065
f 3093 	4505 	3089
f 631 	3065 	4505
f 6558 	441 	440
f 6558 	440 	6560
f 6231 	5818 	6226
f 6465 	3847 	6559
f 3100 	4493 	3093
f 4921 	4922 	5201
f 4919 	4921 	5201
f 6560 	440 	2306
f 5818 	6231 	5819
f 6235 	5819 	6231
f 3105 	4493 	3100
f 4922 	4925 	5201
f 6111 	6552 	6561
f 430 	6562 	454
f 2967 	2974 	3188
f 3089 	4505 	3079
f 6009 	5822 	6237
f 5821 	6237 	5822
f 4927 	4929 	5201
f 6549 	6298 	5044
f 6564 	460 	454
f 6564 	454 	6562
f 5819 	6235 	5821
f 6237 	5821 	6235
f 5408 	6561 	6552
f 5408 	6552 	5275
f 6566 	463 	460
f 6566 	460 	6564
f 4933 	4936 	5201
f 6568 	464 	463
f 6568 	463 	6566
f 5044 	5268 	6549
f 3105 	3112 	4493
f 4936 	4941 	5201
f 6065 	6247 	5842
f 5843 	5842 	6247
f 464 	6568 	476
f 6570 	476 	6568
f 784 	773 	4947
f 6248 	5845 	5843
f 6248 	5843 	6247
f 6572 	479 	476
f 6572 	476 	6570
f 6248 	6249 	5845
f 5847 	5845 	6249
f 6574 	481 	479
f 6574 	479 	6572
f 5268 	6549 	6555
f 5268 	6555 	5412
f 6249 	6256 	5847
f 3164 	1021 	45
f 1099 	1096 	3129
f 1102 	1099 	3129
f 1105 	1102 	3129
f 1075 	1105 	3129
f 665 	1075 	3129
f 656 	665 	3129
f 655 	656 	3129
f 3131 	3129 	1096
f 585 	590 	784
f 581 	585 	784
f 6576 	483 	481
f 6576 	481 	6574
f 5901 	6251 	5902
f 6250 	5902 	6251
f 483 	6576 	2662
f 6578 	6579 	5280
f 6578 	5280 	5279
f 5902 	6250 	5904
f 6252 	5904 	6250
f 3057 	631 	3129
f 655 	3129 	654
f 652 	3129 	648
f 5904 	6252 	5906
f 6253 	5906 	6252
f 1809 	5317 	5316
f 1809 	5316 	1811
f 4925 	4927 	5201
f 707 	717 	5529
f 4929 	4933 	5201
f 387 	2956 	3221
f 3231 	387 	3226
f 3203 	3215 	2956
f 5906 	6253 	5920
f 6254 	5920 	6253
f 2160 	2163 	6683
f 6510 	6683 	2163
f 5920 	6254 	5925
f 6255 	5925 	6254
f 4906 	1256 	5316
f 1811 	5316 	1256
f 2963 	2967 	3191
f 4969 	4950 	4978
f 4877 	4892 	4949
f 4949 	4893 	4950
f 4893 	4978 	4950
f 5925 	6255 	5928
f 6081 	5928 	6255
f 3196 	2963 	3191
f 3203 	2956 	3196
f 5936 	5847 	6256
f 3215 	3218 	2956
f 4996 	4995 	4986
f 4995 	4974 	4986
f 4984 	4986 	4974
f 4974 	4972 	4984
f 4980 	4984 	4972
f 4978 	4980 	4969
f 4972 	4969 	4980
f 6257 	5937 	5936
f 6257 	5936 	6256
f 6544 	6546 	6532
f 6544 	6530 	6542
f 6541 	6542 	6527
f 6530 	6544 	6532
f 6527 	6542 	6530
f 6506 	6541 	6527
f 5340 	5339 	1823
f 5937 	6257 	6251
f 5937 	6251 	5901
f 3188 	3191 	2967
f 6534 	6532 	6546
f 6522 	6541 	6506
f 5338 	1827 	5339
f 1823 	5339 	1827
f 4986 	4989 	4996
f 6403 	6050 	6407
f 6053 	6407 	6050
f 3226 	387 	3221
f 6546 	6550 	6534
f 1827 	5338 	5337
f 1827 	5337 	1833
f 3236 	387 	3231
f 3218 	3221 	2956
f 4997 	4996 	4989
f 6538 	6536 	6553
f 1833 	5337 	5336
f 6590 	6261 	6259
f 6590 	6259 	6593
f 3246 	387 	3241
f 3236 	3241 	387
f 6556 	6538 	6553
f 6591 	6261 	6590
f 6592 	6269 	6268
f 6592 	6268 	6591
f 3246 	3251 	387
f 4997 	5009 	5020
f 5022 	5020 	5016
f 5003 	5070 	5190
f 5070 	5072 	5190
f 5024 	5022 	5002
f 6591 	6263 	6261
f 6263 	6591 	6268
f 3265 	387 	3260
f 2306 	6566 	6560
f 3272 	387 	3265
f 6269 	6592 	6274
f 5016 	5020 	5009
f 4989 	5009 	4997
f 5017 	5022 	5016
f 1848 	1878 	5331
f 3260 	387 	3251
f 6564 	6560 	6566
f 6562 	6558 	6564
f 6538 	6556 	6562
f 6590 	6592 	6591
f 5017 	5002 	5022
f 3276 	387 	3272
f 1848 	5331 	5330
f 3282 	439 	3280
f 126 	439 	3282
f 130 	439 	129
f 131 	439 	130
f 3280 	439 	3276
f 5072 	5075 	5192
f 5192 	5190 	5072
f 6572 	6570 	2677
f 2677 	6570 	2668
f 6570 	6568 	2668
f 6566 	2306 	6568
f 6536 	6534 	6550
f 6550 	6553 	6536
f 2677 	2683 	6572
f 6558 	6562 	6556
f 6560 	6564 	6558
f 2668 	6568 	2306
f 5344 	5426 	1866
f 1916 	1866 	5426
f 5230 	5227 	5088
f 5344 	1866 	5345
f 303 	3334 	3315
f 6590 	6608 	6592
f 5088 	5098 	5230
f 6594 	6125 	6607
f 6150 	6607 	6125
f 5233 	5230 	5098
f 814 	6125 	6594
f 1871 	1841 	5350
f 5349 	1874 	5350
f 1871 	5350 	1874
f 5348 	1878 	5349
f 1874 	5349 	1878
f 5348 	5331 	1878
f 5355 	4943 	1905
f 6135 	6596 	6136
f 6595 	6136 	6596
f 6606 	6278 	6274
f 1904 	5359 	5355
f 1904 	5355 	1905
f 6596 	6135 	327
f 6281 	6278 	6606
f 1902 	5362 	5359
f 1902 	5359 	1904
f 6477 	6476 	6565
f 6597 	3857 	6145
f 3856 	6145 	3857
f 1901 	5367 	5362
f 1901 	5362 	1902
f 5195 	5192 	5075
f 5190 	5024 	5003
f 5002 	5003 	5024
f 6611 	6285 	6283
f 6567 	6476 	6569
f 6597 	6145 	6142
f 6597 	6142 	6598
f 1899 	5373 	5367
f 1899 	5367 	1901
f 6285 	6611 	6286
f 6599 	6286 	6611
f 6475 	6474 	6569
f 6598 	6142 	6141
f 6598 	6141 	6600
f 4944 	4947 	773
f 4947 	581 	784
f 773 	770 	4944
f 1898 	5375 	5373
f 1898 	5373 	1899
f 6601 	6289 	6599
f 6600 	6141 	6140
f 6600 	6140 	6602
f 1897 	5380 	5375
f 1897 	5375 	1898
f 5235 	4919 	5201
f 6602 	6140 	6139
f 6602 	6139 	6603
f 6286 	6599 	6289
f 1896 	5383 	5380
f 1896 	5380 	1897
f 6603 	6139 	6138
f 6603 	6138 	6604
f 1895 	5389 	5383
f 1895 	5383 	1896
f 6136 	6595 	6138
f 6604 	6138 	6595
f 1894 	5391 	5389
f 1894 	5389 	1895
f 3861 	3860 	6149
f 6605 	6149 	3860
f 6486 	6582 	6577
f 6607 	6150 	6149
f 6607 	6149 	6605
f 1893 	5393 	5391
f 1893 	5391 	1894
f 6281 	6606 	6608
f 6282 	6281 	6608
f 6486 	6583 	6582
f 1893 	5403 	5393
f 6274 	6592 	6606
f 662 	661 	6609
f 6158 	6609 	661
f 5078 	5081 	5217
f 5221 	5217 	5081
f 5081 	5083 	5221
f 5223 	5221 	5083
f 5217 	5195 	5078
f 5075 	5078 	5195
f 5083 	5086 	5223
f 5086 	5088 	5227
f 5227 	5223 	5086
f 5098 	5179 	5233
f 5179 	5184 	5233
f 5235 	5233 	5184
f 4919 	5235 	5186
f 5184 	5186 	5235
f 6282 	6608 	6283
f 5401 	1891 	4910
f 6156 	6610 	6609
f 6156 	6609 	6158
f 6585 	6584 	6483
f 6283 	6608 	6611
f 5400 	1907 	1891
f 5400 	1891 	5401
f 5399 	1908 	1907
f 5399 	1907 	5400
f 743 	742 	6161
f 6612 	6161 	742
f 6608 	6599 	6611
f 1815 	1908 	5342
f 1908 	5399 	5342
f 6624 	6161 	6612
f 5403 	1893 	1927
f 6168 	6613 	6156
f 6610 	6156 	6613
f 5403 	1927 	1926
f 5403 	1926 	5405
f 6613 	6168 	6167
f 6613 	6167 	6614
f 6589 	6588 	6491
f 6589 	6491 	6490
f 5405 	1926 	1925
f 5405 	1925 	5407
f 5540 	5535 	717
f 5529 	5524 	707
f 699 	703 	5524
f 703 	707 	5524
f 685 	699 	5524
f 674 	685 	5524
f 765 	754 	5199
f 5199 	5201 	765
f 767 	765 	5201
f 770 	767 	5201
f 5201 	4944 	770
f 6614 	6167 	6166
f 6614 	6166 	6615
f 5407 	1925 	1924
f 5407 	1924 	5410
f 6615 	6166 	6165
f 6615 	6165 	6617
f 5548 	5545 	723
f 5553 	5548 	723
f 5410 	1924 	1923
f 5410 	1923 	5413
f 6606 	6592 	6608
f 6617 	6165 	6164
f 6617 	6164 	6619
f 1922 	5415 	5413
f 1922 	5413 	1923
f 6619 	6164 	6163
f 6619 	6163 	6621
f 1921 	5418 	5415
f 1921 	5415 	1922
f 6295 	6638 	6297
f 4096 	4097 	6163
f 6621 	6163 	4097
f 6622 	6498 	6623
f 5562 	5560 	729
f 723 	729 	5560
f 5560 	5556 	723
f 5556 	5553 	723
f 5566 	5562 	729
f 5570 	5566 	729
f 1920 	5420 	5418
f 1920 	5418 	1921
f 6297 	6638 	6639
f 6297 	6639 	6300
f 6161 	6624 	6169
f 6623 	6498 	6625
f 5643 	5642 	5497
f 1919 	5422 	5420
f 1919 	5420 	1920
f 6626 	6170 	6169
f 6626 	6169 	6624
f 5645 	5497 	5642
f 6300 	6639 	6301
f 6628 	6172 	6170
f 6628 	6170 	6626
f 1918 	5423 	5422
f 1918 	5422 	1919
f 5645 	5646 	5497
f 5646 	5649 	5497
f 6301 	6639 	6629
f 6301 	6629 	6303
f 6630 	6174 	6172
f 6630 	6172 	6628
f 1917 	5424 	5423
f 1917 	5423 	1918
f 6303 	6629 	6631
f 6303 	6631 	6306
f 6630 	4103 	6174
f 4104 	6174 	4103
f 1916 	5426 	5424
f 1916 	5424 	1917
f 6306 	6631 	6632
f 6477 	6565 	6563
f 6633 	6185 	675
f 6311 	6632 	6634
f 6311 	6634 	6312
f 5649 	5655 	5497
f 5655 	5659 	5497
f 5659 	5662 	5497
f 6567 	6565 	6476
f 6185 	6633 	6635
f 6185 	6635 	6186
f 6306 	6632 	6309
f 5662 	5663 	5497
f 5663 	5665 	5497
f 6475 	6569 	6476
f 6309 	6632 	6311
f 1930 	6731 	5429
f 6186 	6635 	6636
f 6186 	6636 	6187
f 5670 	5502 	5665
f 6571 	6569 	6474
f 6312 	6634 	6314
f 6187 	6636 	6637
f 6187 	6637 	6188
f 6474 	6573 	6571
f 5673 	5502 	5670
f 6259 	6314 	6593
f 6634 	6593 	6314
f 746 	747 	6637
f 6188 	6637 	747
f 5675 	5502 	5673
f 6488 	6575 	6573
f 6473 	6488 	6573
f 6590 	6634 	6631
f 6597 	6598 	6605
f 6487 	6577 	6488
f 6575 	6488 	6577
f 6598 	6600 	6607
f 6600 	6602 	6607
f 6594 	6607 	6603
f 6595 	6596 	814
f 6577 	6487 	6486
f 6580 	6581 	5277
f 6580 	5277 	5276
f 1947 	5445 	1948
f 1946 	5445 	1947
f 6641 	6642 	5282
f 6641 	5282 	5281
f 6483 	6584 	6583
f 6643 	6644 	5295
f 6643 	5295 	5293
f 5677 	5502 	5675
f 5679 	5502 	5677
f 5497 	5665 	5502
f 5680 	6651 	5679
f 5721 	6651 	5680
f 6645 	6646 	5290
f 6645 	5290 	5288
f 6651 	5721 	5725
f 6647 	6648 	5302
f 6647 	5302 	5301
f 5727 	6651 	5725
f 5727 	5732 	6651
f 6586 	6479 	6587
f 5732 	5734 	6651
f 5734 	5736 	6651
f 6491 	6588 	6587
f 6644 	6643 	6579
f 6644 	6579 	6578
f 5736 	5742 	6651
f 6642 	6641 	6581
f 6642 	6581 	6580
f 6563 	6627 	6495
f 6640 	6326 	6324
f 6563 	6478 	6477
f 186 	229 	184
f 6629 	6639 	6631
f 6648 	6647 	6646
f 6648 	6646 	6645
f 188 	226 	186
f 6632 	6631 	6634
f 6593 	6634 	6590
f 5278 	5277 	6581
f 5278 	6581 	6640
f 5281 	5280 	6579
f 5281 	6579 	6641
f 6473 	6573 	6474
f 5293 	5290 	6646
f 5293 	6646 	6643
f 5301 	5300 	6652
f 5301 	6652 	6647
f 1971 	5466 	1972
f 6706 	6653 	5308
f 5899 	5903 	6651
f 5899 	6651 	5897
f 6651 	5893 	5897
f 1970 	5466 	1971
f 5903 	5679 	6651
f 6328 	6327 	6655
f 6660 	6655 	6327
f 5328 	6668 	5382
f 6485 	6583 	6486
f 6325 	6321 	6660
f 5905 	5679 	5903
f 6483 	6583 	6485
f 6325 	6660 	6327
f 5907 	5679 	5905
f 6328 	6655 	6329
f 6481 	6585 	6483
f 1967 	5476 	1968
f 6329 	6655 	6657
f 6585 	6481 	6586
f 6480 	6586 	6481
f 5912 	5679 	5907
f 1966 	5476 	1967
f 6586 	6480 	6479
f 6332 	6657 	6658
f 6332 	6658 	6334
f 5919 	5502 	5916
f 5916 	5502 	5912
f 814 	6596 	92
f 6329 	6657 	6330
f 5922 	5502 	5919
f 6330 	6657 	6332
f 6491 	6587 	6479
f 5502 	5679 	5912
f 5922 	5924 	5502
f 5927 	5502 	5924
f 6336 	6658 	6659
f 6336 	6659 	6337
f 6607 	6605 	6598
f 3860 	3857 	6605
f 5927 	5929 	5502
f 3852 	6502 	6616
f 6597 	6605 	3857
f 6334 	6658 	6336
f 5929 	5930 	5502
f 6616 	6502 	6501
f 6616 	6501 	6618
f 6602 	6603 	6607
f 6659 	6638 	6337
f 6500 	6620 	6501
f 6618 	6501 	6620
f 5930 	5932 	5502
f 5932 	5934 	5502
f 6655 	6660 	6657
f 6620 	6500 	6499
f 6620 	6499 	6622
f 6603 	6604 	6594
f 6657 	6659 	6658
f 5437 	1951 	5439
f 1950 	5439 	1951
f 6622 	6499 	6498
f 6295 	6337 	6638
f 6604 	6595 	6594
f 6498 	6497 	6625
f 6639 	6659 	6631
f 1949 	5441 	5439
f 1949 	5439 	1950
f 814 	6594 	6595
f 6495 	6627 	6497
f 6625 	6497 	6627
f 5441 	1949 	5443
f 1948 	5443 	1949
f 6007 	6010 	5742
f 6478 	6563 	6495
f 5445 	5443 	1948
f 696 	6610 	742
f 6615 	6617 	6626
f 1946 	5447 	5445
f 662 	6609 	686
f 1945 	5449 	5447
f 1945 	5447 	1946
f 6651 	5742 	6016
f 6011 	6016 	5742
f 6010 	6011 	5742
f 6016 	6020 	6651
f 5449 	1945 	5451
f 1944 	5451 	1945
f 6589 	6449 	6509
f 6707 	6668 	6656
f 6660 	6659 	6657
f 6020 	6022 	6651
f 6449 	6589 	6490
f 1943 	5453 	5451
f 1943 	5451 	1944
f 6513 	6512 	6505
f 5308 	6654 	5311
f 6610 	696 	6609
f 6318 	6667 	6321
f 5453 	1943 	5454
f 1942 	5454 	1943
f 5893 	6651 	6022
f 5308 	6653 	6654
f 6321 	6667 	6660
f 1976 	5454 	1942
f 5068 	5069 	6508
f 6661 	6662 	5313
f 6661 	5313 	5312
f 6104 	6105 	5500
f 6098 	6104 	5500
f 6099 	6098 	5500
f 6512 	6516 	6505
f 6659 	6590 	6631
f 5454 	1976 	5456
f 6105 	6106 	5500
f 6614 	6615 	6624
f 686 	6609 	696
f 6516 	6519 	6505
f 6663 	6662 	6661
f 6520 	6523 	6505
f 6519 	6520 	6505
f 6106 	6108 	5500
f 5315 	5314 	6664
f 5456 	1976 	5459
f 1975 	5459 	1976
f 6523 	6525 	6505
f 6525 	6528 	6505
f 6664 	6663 	5315
f 1974 	5463 	5459
f 1974 	5459 	1975
f 6528 	6531 	6505
f 5313 	6662 	6663
f 5313 	6663 	5315
f 6624 	6612 	6614
f 6613 	6614 	6612
f 742 	6613 	6612
f 6613 	742 	6610
f 6626 	6624 	6615
f 6628 	6626 	6617
f 6663 	6665 	5323
f 6663 	5323 	5315
f 5463 	1974 	5464
f 1972 	5464 	1974
f 6617 	6619 	6628
f 6630 	6628 	6619
f 6666 	6664 	5314
f 6666 	5314 	5327
f 6625 	6627 	6545
f 6619 	6621 	6630
f 6621 	4097 	6630
f 5466 	5464 	1972
f 6112 	5502 	5934
f 4103 	6630 	4097
f 6664 	6666 	6665
f 6664 	6665 	6663
f 1970 	5468 	5466
f 4097 	4100 	4103
f 6108 	6114 	5500
f 6114 	6115 	5500
f 5327 	5310 	6656
f 5327 	6656 	6666
f 1969 	5470 	5468
f 1969 	5468 	1970
f 6116 	6190 	6115
f 4105 	4103 	4100
f 5323 	6666 	5327
f 6623 	6625 	6548
f 6117 	6190 	6116
f 6117 	6119 	6190
f 5470 	1969 	5472
f 1968 	5472 	1969
f 6696 	6660 	6667
f 6666 	5323 	6665
f 6666 	6668 	5328
f 6666 	5328 	5327
f 6119 	6120 	6190
f 6120 	6122 	6190
f 5476 	5472 	1968
f 6638 	6659 	6639
f 6668 	6666 	6656
f 6122 	6123 	6190
f 5524 	5518 	6635
f 6636 	6635 	5518
f 6633 	5524 	6635
f 6543 	6545 	6627
f 6531 	6533 	6505
f 6533 	6535 	6505
f 6545 	6547 	6625
f 6547 	6548 	6625
f 6548 	6551 	6623
f 6622 	6623 	6551
f 1966 	5478 	5476
f 6707 	5382 	6668
f 6123 	6124 	6190
f 6154 	212 	3339
f 6551 	6554 	6622
f 6669 	6670 	5333
f 6669 	5333 	5332
f 1965 	5480 	5478
f 1965 	5478 	1966
f 6620 	6622 	6554
f 6554 	6557 	6620
f 6618 	6620 	6557
f 6359 	6335 	6671
f 6670 	6671 	6335
f 5480 	1965 	5484
f 1964 	5484 	1965
f 6672 	503 	1334
f 6557 	6559 	6618
f 6616 	6618 	6559
f 6673 	510 	503
f 6673 	503 	6672
f 6671 	6670 	6669
f 6792 	6659 	6716
f 1963 	5487 	5484
f 1963 	5484 	1964
f 6674 	513 	510
f 6674 	510 	6673
f 6590 	6659 	6792
f 6124 	6148 	6190
f 6148 	6151 	6190
f 6151 	6152 	6190
f 3847 	3848 	3852
f 3851 	3852 	3848
f 390 	513 	6674
f 3849 	3851 	3848
f 6152 	6153 	6190
f 6669 	5343 	6671
f 1378 	1377 	6675
f 526 	6675 	1377
f 6153 	6155 	6190
f 5343 	6669 	5332
f 525 	6676 	6675
f 525 	6675 	526
f 6155 	6159 	6190
f 6159 	281 	6190
f 6677 	6671 	5343
f 6677 	5343 	5341
f 6627 	6563 	6543
f 6540 	6543 	6563
f 6505 	6535 	6565
f 2156 	6676 	525
f 281 	283 	6190
f 6565 	6567 	6505
f 6567 	6569 	6505
f 283 	287 	6190
f 6678 	533 	532
f 6678 	532 	6679
f 6569 	6571 	6505
f 6571 	6573 	6505
f 6573 	6575 	6505
f 6671 	6677 	6359
f 6680 	536 	533
f 6680 	533 	6678
f 6577 	6509 	6575
f 6582 	6509 	6577
f 6505 	6575 	6509
f 6583 	6509 	6582
f 1997 	1993 	5503
f 6681 	540 	536
f 6681 	536 	6680
f 5341 	5057 	6359
f 5500 	6115 	6190
f 6677 	5341 	6359
f 1992 	5503 	1993
f 6189 	6265 	6264
f 6264 	6267 	6189
f 5312 	5333 	6670
f 5312 	6670 	6661
f 6682 	543 	540
f 6682 	540 	6681
f 6584 	6585 	6509
f 6585 	6586 	6509
f 6267 	6271 	6189
f 5333 	6670 	6335
f 6271 	6273 	6189
f 6273 	6275 	6189
f 6683 	547 	543
f 6683 	543 	6682
f 6275 	6276 	6189
f 6277 	6189 	6276
f 6586 	6587 	6509
f 6350 	6723 	6351
f 6663 	6684 	5346
f 6663 	5346 	5315
f 1989 	5516 	1990
f 397 	547 	6683
f 6684 	6663 	6661
f 6684 	6661 	6670
f 1987 	5516 	1989
f 6723 	6719 	6351
f 5346 	6684 	6670
f 5346 	6670 	5333
f 5364 	6691 	6649
f 5364 	6649 	5298
f 6509 	6583 	6584
f 6588 	6589 	6509
f 6587 	6588 	6509
f 409 	6679 	532
f 5299 	6650 	5352
f 6685 	5352 	6650
f 6690 	6652 	5300
f 6690 	5300 	5366
f 6277 	6280 	6189
f 6189 	6280 	1502
f 6288 	1502 	6280
f 6288 	6291 	1502
f 6522 	6679 	409
f 6291 	6292 	1502
f 6292 	6294 	1502
f 6326 	6640 	6353
f 6640 	6581 	6353
f 6581 	6641 	6353
f 6579 	6687 	6641
f 6294 	6296 	1502
f 6353 	6641 	6687
f 6643 	6687 	6579
f 6643 	6646 	6687
f 6647 	6687 	6646
f 6686 	1502 	6296
f 2009 	870 	5534
f 6296 	6299 	6686
f 6649 	6691 	6685
f 6649 	6685 	6650
f 1350 	6674 	1348
f 6673 	1348 	6674
f 6652 	6690 	6687
f 6652 	6687 	6647
f 6672 	1343 	6673
f 6563 	6565 	6540
f 6686 	6299 	6305
f 6353 	5356 	5101
f 6537 	6539 	6565
f 6539 	6540 	6565
f 5356 	6353 	6687
f 1083 	1084 	6686
f 6305 	6307 	6686
f 6307 	6308 	6686
f 5353 	5352 	6685
f 5353 	6685 	6688
f 6535 	6537 	6565
f 6308 	6310 	6686
f 1083 	6686 	6310
f 6687 	6689 	5357
f 6687 	5357 	5356
f 6360 	6696 	6361
f 6310 	6313 	1083
f 2156 	2158 	6680
f 6682 	6681 	2160
f 434 	451 	2814
f 5872 	2814 	451
f 6313 	6315 	1083
f 6315 	6316 	1083
f 6490 	6694 	6449
f 6316 	1072 	1083
f 3082 	3442 	3085
f 2027 	2025 	5559
f 6688 	5388 	5353
f 6361 	6696 	6318
f 1072 	1073 	1083
f 6690 	6689 	6687
f 5559 	2025 	2024
f 6680 	6678 	2156
f 6691 	6692 	6685
f 6685 	6692 	6688
f 5360 	5358 	6695
f 6681 	6680 	2158
f 6372 	6375 	6686
f 6375 	6376 	6686
f 6360 	6708 	6696
f 5358 	6697 	6695
f 2158 	2160 	6681
f 6376 	6379 	6686
f 6379 	6381 	6686
f 6358 	6357 	6708
f 3082 	6694 	6490
f 5397 	6692 	6691
f 5397 	6691 	5364
f 6358 	6708 	6360
f 5357 	6689 	6690
f 5357 	6690 	5366
f 1502 	6686 	6381
f 6381 	6383 	1502
f 6698 	6699 	5370
f 6698 	5370 	5369
f 6693 	6449 	6694
f 2850 	2886 	6447
f 6693 	2850 	6449
f 6490 	6501 	3082
f 6695 	6699 	6698
f 6388 	1502 	6386
f 6318 	6696 	6667
f 6679 	6674 	1371
f 1371 	1373 	6679
f 1373 	1378 	6679
f 1354 	1359 	6674
f 1359 	1371 	6674
f 1378 	6675 	6679
f 6693 	6700 	2928
f 6388 	6390 	1502
f 6393 	1502 	6390
f 2041 	2039 	5579
f 5371 	5370 	6699
f 5371 	6699 	6701
f 6694 	6702 	6700
f 6694 	6700 	6693
f 6703 	6704 	5378
f 6703 	5378 	5377
f 5579 	2039 	2038
f 3082 	6702 	6694
f 6393 	6394 	1502
f 6356 	6355 	6705
f 6700 	1564 	2928
f 6356 	6705 	6357
f 2054 	5586 	2038
f 6394 	6396 	1502
f 6702 	1564 	6700
f 2053 	5586 	2054
f 6656 	5385 	6709
f 6357 	6705 	6708
f 2431 	6091 	3055
f 6704 	6703 	6701
f 6704 	6701 	6699
f 3071 	3371 	2814
f 434 	2814 	3371
f 6705 	6696 	6708
f 1350 	1354 	6674
f 6727 	6705 	6355
f 6712 	471 	6711
f 501 	471 	6712
f 2437 	6711 	471
f 2049 	5591 	2051
f 6679 	6522 	6674
f 6712 	6713 	501
f 6712 	6711 	6714
f 6712 	6714 	6713
f 6522 	6506 	6674
f 2047 	5591 	2049
f 6398 	6400 	6686
f 6397 	6398 	6686
f 6705 	6660 	6696
f 6660 	6705 	6659
f 6400 	6401 	6686
f 6701 	6703 	5377
f 6701 	5377 	5371
f 6404 	6408 	6686
f 6401 	6404 	6686
f 3042 	3358 	428
f 427 	2191 	428
f 2995 	428 	2191
f 4 	3 	2191
f 2797 	428 	2995
f 3042 	428 	2797
f 6408 	6410 	6686
f 5308 	5376 	6706
f 2043 	5595 	2044
f 6717 	6715 	6228
f 3006 	6 	5
f 5 	2433 	3006
f 6713 	3006 	2433
f 5385 	6656 	5310
f 3062 	2813 	6714
f 6713 	6714 	2813
f 6372 	6686 	6410
f 5595 	2043 	2042
f 5386 	5311 	6710
f 6654 	6710 	5311
f 2437 	3358 	6711
f 3358 	3042 	6711
f 3062 	6711 	3042
f 6345 	6716 	6352
f 3062 	6714 	6711
f 6718 	4836 	1244
f 6719 	6343 	6342
f 6438 	6435 	6445
f 6422 	6438 	6445
f 6706 	6710 	6653
f 6719 	6716 	6343
f 6345 	6343 	6716
f 6656 	6709 	6707
f 6724 	6721 	6717
f 6717 	6718 	6724
f 6735 	6724 	6718
f 1244 	6737 	6718
f 6654 	6653 	6710
f 1245 	6738 	1244
f 6383 	6386 	1502
f 6396 	6424 	1502
f 6424 	6425 	1502
f 6425 	6426 	1502
f 1249 	6743 	1245
f 5379 	5378 	6704
f 5379 	6704 	6720
f 4035 	6097 	4026
f 6096 	4026 	6097
f 5203 	2809 	6083
f 2808 	6083 	2809
f 5385 	5388 	6722
f 5385 	6722 	6709
f 2187 	2186 	6221
f 6721 	6221 	2186
f 5382 	6707 	6709
f 5382 	6709 	5385
f 6428 	1502 	6426
f 6236 	6221 	6721
f 6350 	6349 	6723
f 6228 	6715 	2166
f 6100 	4017 	4022
f 6234 	6717 	6228
f 6706 	5376 	6710
f 5386 	6710 	5376
f 6347 	6744 	6348
f 6442 	6445 	6435
f 1110 	1115 	6431
f 6431 	6429 	1110
f 6429 	1088 	1110
f 1088 	1090 	1107
f 1090 	1091 	1107
f 1104 	1107 	1091
f 4022 	6101 	6100
f 6348 	6744 	6349
f 6717 	6234 	6233
f 6717 	6233 	6718
f 2818 	6085 	2819
f 6720 	6697 	5358
f 6720 	5358 	5379
f 1115 	6442 	6432
f 6435 	6432 	6442
f 6718 	6233 	4836
f 5385 	6709 	6692
f 5385 	6692 	5397
f 4478 	4481 	6085
f 2818 	4478 	6085
f 6085 	4481 	6083
f 5203 	6083 	4481
f 10 	6725 	9
f 6722 	5388 	6688
f 9 	6725 	11
f 6726 	11 	6725
f 6342 	6351 	6719
f 1697 	1701 	1523
f 6697 	6720 	6704
f 6699 	6695 	6704
f 6697 	6704 	6695
f 6721 	6724 	6236
f 6716 	6727 	6352
f 6354 	6352 	6727
f 6692 	6709 	6722
f 6692 	6722 	6688
f 1520 	1519 	1697
f 6735 	6241 	6724
f 6236 	6724 	6241
f 16 	11 	6733
f 6695 	6698 	5369
f 6695 	5369 	5360
f 6240 	6728 	2611
f 6240 	2611 	2610
f 6729 	6650 	5303
f 5299 	5303 	6650
f 6239 	6730 	6728
f 6239 	6728 	6240
f 6354 	6727 	6355
f 955 	16 	969
f 1523 	1520 	1697
f 1530 	1523 	1701
f 5298 	6649 	6650
f 5298 	6650 	5299
f 6238 	6731 	6730
f 6238 	6730 	6239
f 1701 	1703 	1530
f 969 	16 	965
f 5279 	5282 	6642
f 5279 	6642 	6578
f 6716 	6705 	6727
f 1534 	1530 	1703
f 5282 	6642 	6580
f 5282 	6580 	5276
f 6732 	966 	16
f 966 	965 	16
f 1480 	1534 	1703
f 5288 	5295 	6644
f 5288 	6644 	6645
f 6716 	6659 	6705
f 5302 	6648 	6645
f 5302 	6645 	5288
f 6737 	6242 	6241
f 6737 	6241 	6735
f 6723 	6716 	6719
f 6733 	6732 	16
f 5408 	6650 	6561
f 6738 	6243 	6242
f 6738 	6242 	6737
f 6729 	5412 	6555
f 6741 	6244 	6243
f 6741 	6243 	6738
f 6346 	6739 	6347
f 6734 	6733 	11
f 6740 	4357 	4355
f 6740 	4355 	6742
f 6645 	6549 	5268
f 6645 	5268 	5288
f 6743 	6245 	6244
f 6743 	6244 	6741
f 6742 	4355 	4354
f 6742 	4354 	6745
f 6347 	6739 	6744
f 6734 	11 	6736
f 1367 	6245 	6743
f 6549 	6750 	6298
f 6349 	6744 	6723
f 6745 	4354 	4353
f 6745 	4353 	6747
f 6726 	6736 	11
f 6561 	6650 	6555
f 6747 	4353 	4352
f 6747 	4352 	6748
f 6729 	6555 	6650
f 6245 	1367 	4920
f 6748 	4352 	4351
f 6748 	4351 	6749
f 6746 	6298 	6750
f 6739 	6723 	6744
f 955 	303 	16
f 4983 	2881 	3527
f 6749 	4351 	4350
f 6749 	4350 	6751
f 6715 	6717 	2186
f 2184 	6715 	2186
f 6751 	4350 	6752
f 49 	1012 	6732
f 6578 	6750 	6549
f 6721 	2186 	6717
f 6752 	4350 	4365
f 6645 	6644 	6549
f 6644 	6578 	6549
f 49 	6732 	6733
f 4364 	6753 	6752
f 4364 	6752 	4365
f 6733 	6734 	3170
f 4362 	6754 	6753
f 4362 	6753 	4364
f 6750 	5458 	6746
f 5460 	6746 	5458
f 4361 	6755 	6754
f 4361 	6754 	4362
f 6736 	3293 	6734
f 3170 	6734 	3293
f 4360 	6756 	6755
f 4360 	6755 	4361
f 4360 	1187 	6756
f 1188 	6756 	1187
f 6736 	6726 	3293
f 2611 	6728 	940
f 6766 	4373 	6757
f 938 	940 	6728
f 5299 	6650 	5408
f 6757 	4373 	4372
f 6757 	4372 	6758
f 6739 	6716 	6723
f 6725 	10 	6726
f 6729 	5303 	5412
f 6758 	4372 	4371
f 6758 	4371 	6759
f 4357 	6740 	4371
f 6759 	4371 	6740
f 6750 	6642 	5282
f 6750 	5282 	5458
f 6772 	6364 	6363
f 6640 	6746 	5460
f 6640 	5460 	5278
f 6730 	6731 	938
f 6364 	6772 	6365
f 6760 	4383 	4382
f 6760 	4382 	6761
f 6578 	6642 	6750
f 6365 	6772 	6762
f 6365 	6762 	6366
f 6761 	4382 	4380
f 6761 	4380 	6763
f 16 	303 	69
f 5714 	1618 	4126
f 6640 	6324 	6746
f 6763 	4380 	4379
f 6763 	4379 	6764
f 6367 	6762 	6765
f 6367 	6765 	6368
f 6764 	4379 	4378
f 6764 	4378 	6766
f 6366 	6762 	6367
f 6766 	4378 	4373
f 938 	6731 	929
f 4807 	4525 	4814
f 5630 	2147 	2146
f 4385 	6813 	6767
f 6765 	6739 	6368
f 6368 	6739 	6346
f 4385 	6767 	6769
f 4385 	6769 	4389
f 26 	1886 	6770
f 5328 	5382 	5241
f 6762 	6739 	6765
f 6743 	1249 	1367
f 6741 	1245 	6743
f 6735 	6718 	6737
f 6738 	1245 	6741
f 6737 	1244 	6738
f 4389 	6769 	6771
f 4389 	6771 	4391
f 1886 	1889 	6770
f 6768 	6770 	586
f 6768 	586 	582
f 1930 	862 	6731
f 4391 	6771 	6773
f 4391 	6773 	4392
f 5240 	5241 	5382
f 22 	6770 	6768
f 2750 	2752 	6773
f 4392 	6773 	2752
f 6776 	631 	3222
f 6775 	4418 	4416
f 6775 	4416 	6778
f 2130 	2128 	5600
f 6774 	5382 	6777
f 6811 	640 	631
f 6811 	631 	6776
f 6778 	4416 	4415
f 6778 	4415 	6779
f 6780 	656 	655
f 6780 	655 	6781
f 6779 	4415 	4414
f 6779 	4414 	6782
f 185 	6816 	187
f 6817 	187 	6816
f 6782 	4414 	4413
f 6782 	4413 	6783
f 6781 	655 	654
f 6781 	654 	6784
f 6774 	5240 	5382
f 5382 	5364 	6789
f 5364 	5298 	6789
f 4832 	6789 	5298
f 4832 	4649 	6789
f 6783 	4413 	4412
f 6783 	4412 	6785
f 182 	91 	187
f 6817 	169 	187
f 6784 	654 	652
f 6784 	652 	6786
f 6785 	4412 	4411
f 6785 	4411 	6787
f 6786 	652 	648
f 6786 	648 	6788
f 169 	182 	187
f 6787 	4411 	4383
f 6787 	4383 	6760
f 6788 	648 	647
f 6788 	647 	6791
f 161 	187 	91
f 6601 	6792 	6369
f 6370 	6369 	6792
f 6793 	4421 	6831
f 6791 	647 	646
f 6791 	646 	6794
f 297 	6823 	185
f 6601 	6369 	6289
f 6795 	4423 	4421
f 6795 	4421 	6793
f 6794 	646 	645
f 6794 	645 	6796
f 6777 	5382 	6790
f 6370 	6792 	6371
f 6816 	185 	6823
f 6797 	4429 	4423
f 6797 	4423 	6795
f 6796 	645 	644
f 6796 	644 	6798
f 6371 	6792 	6800
f 6371 	6800 	6373
f 6832 	6830 	297
f 6799 	4432 	4429
f 6799 	4429 	6797
f 6798 	644 	643
f 6798 	643 	6801
f 6802 	4435 	4432
f 6802 	4432 	6799
f 6803 	6374 	6800
f 6373 	6800 	6374
f 6801 	643 	642
f 6801 	642 	6804
f 6805 	4439 	4435
f 6805 	4435 	6802
f 6806 	6377 	6803
f 6807 	4441 	4439
f 6807 	4439 	6805
f 6804 	642 	641
f 6804 	641 	6808
f 4763 	4807 	4814
f 6380 	6806 	6809
f 6380 	6809 	6382
f 6810 	4446 	4441
f 6810 	4441 	6807
f 6808 	641 	640
f 6808 	640 	6811
f 6374 	6803 	6377
f 5619 	2151 	2150
f 6812 	4449 	4446
f 6812 	4446 	6810
f 6377 	6806 	6380
f 3624 	2881 	2154
f 6813 	4453 	4449
f 6813 	4449 	6812
f 5624 	5619 	2149
f 6384 	6809 	6815
f 6384 	6815 	6385
f 452 	6820 	3339
f 6823 	28 	6816
f 6814 	665 	656
f 6814 	656 	6780
f 6813 	4385 	4453
f 5624 	2149 	2148
f 28 	38 	6816
f 6817 	6816 	38
f 6382 	6809 	6384
f 3222 	3228 	6776
f 6834 	4454 	6818
f 4473 	6819 	2313
f 2314 	2313 	6819
f 6794 	6796 	3254
f 6796 	6798 	3249
f 6798 	6801 	3244
f 6808 	6811 	3233
f 3233 	3239 	6808
f 6819 	4473 	4472
f 6819 	4472 	6821
f 3254 	3257 	6794
f 6791 	6794 	3257
f 6781 	1080 	6780
f 6821 	4472 	4471
f 6821 	4471 	6822
f 6716 	6841 	6792
f 5630 	2146 	2145
f 6822 	4471 	4418
f 6822 	4418 	6775
f 3249 	3254 	6796
f 1730 	1728 	6836
f 3244 	3249 	6798
f 4476 	2406 	6825
f 3884 	3885 	1705
f 6826 	1705 	3885
f 6792 	6809 	6803
f 4476 	6825 	6827
f 4476 	6827 	4479
f 3239 	3244 	6804
f 6801 	6804 	3244
f 5568 	2020 	5494
f 4479 	6827 	6828
f 4479 	6828 	4485
f 6804 	6808 	3239
f 6823 	6830 	6824
f 4485 	6828 	6831
f 4485 	6831 	4487
f 6774 	6829 	6503
f 6774 	6503 	5240
f 2000 	5496 	5494
f 2000 	5494 	2001
f 6599 	6792 	6601
f 4487 	6831 	4421
f 6792 	6608 	6590
f 6777 	6833 	6829
f 6777 	6829 	6774
f 6823 	297 	6830
f 5496 	2000 	5498
f 1999 	5498 	2000
f 4454 	6834 	4493
f 6811 	6776 	3228
f 3228 	3233 	6811
f 6834 	4505 	4493
f 1998 	5499 	5498
f 1998 	5498 	1999
f 6608 	6792 	6599
f 4454 	2773 	6818
f 2774 	6818 	2773
f 6835 	4505 	6834
f 6800 	6792 	6803
f 3033 	3041 	6833
f 5499 	1998 	5501
f 1997 	5501 	1998
f 2774 	2773 	6835
f 4505 	6835 	2773
f 6806 	6803 	6809
f 6829 	6833 	3041
f 4300 	3033 	6839
f 6839 	6838 	4300
f 5503 	5501 	1997
f 5872 	451 	28
f 6747 	6748 	5482
f 6748 	6749 	5482
f 6749 	6751 	5488
f 6814 	6780 	1215
f 6820 	6836 	6154
f 6745 	6747 	5479
f 5488 	5482 	6749
f 1992 	5505 	5503
f 6385 	6815 	6387
f 6837 	6387 	6815
f 3162 	3157 	1024
f 1096 	1094 	3131
f 5506 	5488 	6751
f 6751 	6752 	5506
f 6843 	6838 	6789
f 6387 	6837 	6389
f 1991 	5508 	5505
f 1991 	5505 	1992
f 6789 	6838 	6839
f 6789 	6839 	6790
f 6824 	5869 	6823
f 1040 	43 	1021
f 239 	39 	238
f 6840 	6391 	6389
f 6840 	6389 	6837
f 6790 	6839 	6833
f 6790 	6833 	6777
f 5508 	1991 	5511
f 1990 	5511 	1991
f 6391 	6840 	6392
f 6838 	6845 	4298
f 6752 	6753 	5507
f 6841 	6392 	6840
f 1730 	6836 	1702
f 6820 	1702 	6836
f 5516 	5511 	1990
f 1021 	3164 	1024
f 3164 	3162 	1024
f 6363 	6841 	6772
f 1987 	5519 	5516
f 6392 	6841 	6395
f 28 	6823 	5872
f 6845 	6844 	4294
f 5507 	5506 	6752
f 5510 	5507 	6753
f 6753 	6754 	5510
f 1030 	39 	1032
f 1032 	40 	1034
f 1034 	41 	1040
f 5514 	5510 	6754
f 6754 	6755 	5514
f 1163 	1160 	6756
f 6395 	6841 	6363
f 1986 	5523 	5519
f 1986 	5519 	1987
f 1170 	1166 	1191
f 1188 	1191 	1166
f 6837 	6841 	6840
f 1951 	5437 	1986
f 5523 	1986 	5437
f 6843 	4649 	6842
f 6792 	6841 	6809
f 5487 	1963 	5532
f 5532 	1963 	2010
f 1046 	439 	1043
f 4649 	4660 	6842
f 6790 	5382 	6789
f 5532 	2010 	5534
f 2009 	5534 	2010
f 6763 	2740 	6761
f 6764 	6262 	6763
f 6758 	5467 	6757
f 5479 	5477 	6745
f 2740 	6763 	2743
f 6759 	5469 	6758
f 5482 	5479 	6747
f 439 	256 	377
f 6809 	6841 	6837
f 3141 	3135 	1117
f 5547 	2042 	2031
f 6809 	6837 	6815
f 5861 	6832 	6826
f 4981 	2886 	4983
f 6761 	2759 	6760
f 6773 	6771 	6787
f 6760 	2755 	2750
f 5547 	2031 	2030
f 5547 	2030 	5550
f 1087 	1117 	3135
f 3135 	3131 	1087
f 4010 	4011 	6832
f 6841 	6762 	6772
f 2029 	5551 	2030
f 5550 	2030 	5551
f 5861 	6826 	3885
f 6841 	6716 	6739
f 2755 	6760 	2759
f 6762 	6841 	6739
f 5551 	2029 	2028
f 5551 	2028 	5554
f 6757 	6272 	6766
f 6766 	6270 	6764
f 4525 	6844 	6842
f 1929 	6050 	6403
f 5868 	6832 	5861
f 6842 	6844 	6845
f 6842 	6845 	6843
f 2027 	5557 	2028
f 5554 	2028 	5557
f 1518 	1928 	6053
f 6843 	6845 	6838
f 1086 	1079 	1078
f 6056 	6412 	6057
f 6411 	6057 	6412
f 4707 	4292 	6844
f 5557 	2027 	5559
f 6785 	6787 	6769
f 6779 	6782 	6802
f 6769 	6767 	6785
f 6771 	6769 	6787
f 1216 	1086 	1202
f 6057 	6411 	120
f 119 	120 	6411
f 4660 	4814 	6842
f 2024 	5561 	5559
f 6812 	6810 	6783
f 6059 	6413 	6056
f 6412 	6056 	6413
f 6813 	6812 	6783
f 6783 	6785 	6813
f 5872 	6823 	5869
f 5561 	2024 	2023
f 5561 	2023 	5564
f 6058 	6414 	6059
f 6413 	6059 	6414
f 1117 	1113 	3141
f 3148 	3141 	1113
f 1113 	1108 	3148
f 3151 	3148 	1108
f 6767 	6813 	6785
f 25 	23 	6060
f 6415 	6060 	23
f 5869 	6824 	6830
f 2021 	5565 	2023
f 5564 	2023 	5565
f 1108 	1028 	3151
f 3157 	3151 	1028
f 1028 	1024 	3157
f 6414 	6058 	6415
f 5565 	2021 	2020
f 5565 	2020 	5568
f 6787 	6760 	6773
f 6060 	6415 	6058
f 4013 	4014 	6830
f 2001 	5494 	2020
f 2750 	6773 	6760
f 3331 	5597 	28
f 1208 	1214 	1205
f 3334 	303 	1039
f 6802 	6799 	6779
f 6799 	6797 	6779
f 6797 	6795 	6779
f 6778 	6779 	6795
f 6795 	6793 	6778
f 6793 	6831 	6778
f 6831 	6828 	6778
f 6775 	6778 	6828
f 6828 	6827 	6775
f 6805 	6802 	6782
f 5575 	2041 	5579
f 6819 	2372 	2314
f 2038 	5585 	5579
f 6807 	6805 	6782
f 6822 	6775 	2406
f 6782 	6783 	6807
f 1012 	49 	288
f 6810 	6807 	6783
f 1078 	1202 	1086
f 5585 	2038 	5586
f 49 	3490 	288
f 1205 	1216 	1202
f 6827 	6825 	6775
f 6825 	2406 	6775
f 2406 	2403 	6822
f 2403 	2399 	6822
f 2399 	2395 	6822
f 2053 	5587 	5586
f 2774 	6835 	6818
f 5587 	2053 	2052
f 5587 	2052 	5589
f 6834 	6818 	6835
f 2051 	5590 	2052
f 5589 	2052 	5590
f 1218 	1221 	439
f 377 	1043 	439
f 1068 	1013 	12
f 1270 	1212 	1268
f 5590 	2051 	5591
f 2047 	5592 	5591
f 804 	3812 	3811
f 804 	3811 	805
f 802 	3814 	3812
f 802 	3812 	804
f 5592 	2047 	2045
f 5592 	2045 	5593
f 1214 	1208 	1212
f 800 	3816 	3814
f 800 	3814 	802
f 810 	3817 	3816
f 810 	3816 	800
f 809 	3818 	3817
f 809 	3817 	810
f 2044 	5594 	2045
f 5593 	2045 	5594
f 808 	3819 	3818
f 808 	3818 	809
f 367 	368 	3819
f 367 	3819 	808
f 1216 	1205 	1214
f 1208 	1268 	1212
f 6125 	814 	3820
f 5594 	2044 	5595
f 3820 	814 	813
f 3820 	813 	3821
f 3821 	813 	811
f 3821 	811 	3822
f 1221 	1248 	439
f 1248 	1292 	439
f 805 	3811 	811
f 3822 	811 	3811
f 5595 	2042 	5596
f 1046 	1218 	439
f 103 	335 	819
f 112 	822 	108
f 819 	108 	822
f 5596 	2042 	5547
f 822 	112 	114
f 822 	114 	826
f 116 	827 	114
f 826 	114 	827
f 3331 	28 	451
f 5634 	2145 	2130
f 116 	121 	827
f 827 	121 	830
f 830 	121 	834
f 5598 	2130 	5600
f 5600 	2128 	2127
f 6848 	1470 	6847
f 5609 	2152 	2151
f 2150 	2149 	5619
f 5624 	490 	5619
f 5626 	490 	5624
f 1470 	854 	490
f 2145 	5634 	5630
f 5630 	490 	5628
f 5600 	2127 	5601
f 1008 	1410 	176
f 276 	1008 	176
f 1410 	1413 	176
f 269 	267 	295
f 298 	295 	267
f 175 	276 	176
f 2125 	5603 	2127
f 5601 	2127 	5603
f 5603 	2125 	2123
f 5603 	2123 	5605
f 2120 	5606 	2123
f 5605 	2123 	5606
f 258 	251 	267
f 264 	258 	267
f 251 	249 	267
f 249 	237 	267
f 237 	234 	267
f 234 	383 	267
f 382 	298 	267
f 383 	382 	267
f 2120 	2134 	5606
f 5606 	2134 	5607
f 2041 	5575 	2134
f 5607 	2134 	5575
f 174 	269 	295
f 175 	174 	295
f 292 	175 	295
f 290 	175 	292
f 285 	175 	290
f 276 	175 	285
f 2151 	5615 	5609
f 5429 	5464 	1010
f 5534 	6847 	1010
f 5619 	5615 	2151
f 571 	1470 	568
f 5624 	2148 	5626
f 574 	1470 	571
f 568 	1470 	6848
f 2147 	5628 	2148
f 5626 	2148 	5628
f 577 	1470 	574
f 5628 	2147 	5630
f 579 	1470 	577
f 583 	1470 	579
f 588 	1470 	583
f 2130 	5598 	5634
f 567 	1470 	588
f 598 	1470 	567
f 856 	490 	854
f 858 	490 	857
f 674 	5524 	6633
f 5533 	5529 	717
f 850 	1470 	598
f 5535 	5533 	717
f 5541 	5540 	717
f 851 	1470 	850
f 717 	723 	5541
f 5545 	5541 	723
f 5576 	5573 	740
f 5582 	5576 	740
f 740 	745 	5582
f 173 	5582 	745
f 857 	490 	856
f 854 	1470 	853
f 172 	173 	745
f 171 	172 	745
f 745 	764 	171
f 859 	490 	858
f 171 	764 	170
f 6849 	490 	859
f 6850 	490 	6849
f 5609 	490 	6850
f 5619 	490 	5615
f 5615 	490 	5609
f 490 	5605 	3315
f 769 	200 	764
f 200 	170 	764
f 6851 	1413 	6846
f 789 	194 	780
f 780 	195 	772
f 772 	197 	769
f 1400 	1401 	928
f 1421 	1400 	928
f 6846 	1421 	928
f 793 	192 	791
f 791 	193 	789
f 3520 	3521 	1401
f 3502 	3504 	1401
f 180 	178 	1413
f 1421 	6846 	1419
f 3519 	3520 	1401
f 178 	176 	1413
f 812 	191 	793
f 816 	190 	812
f 199 	769 	198
f 818 	189 	816
f 6852 	1413 	6851
f 818 	820 	223
f 820 	833 	223
f 181 	180 	1413
f 2451 	1461 	1010
f 1470 	2449 	1010
f 222 	223 	833
f 836 	222 	833
f 840 	220 	838
f 841 	220 	840
f 844 	219 	841
f 851 	853 	1470
f 862 	6851 	6846
f 845 	218 	844
f 928 	862 	6846
f 1930 	5429 	996
f 1010 	996 	5429
f 6847 	5534 	870
f 1959 	900 	1955
f 895 	1952 	898
f 892 	1941 	895
f 890 	1935 	892
f 4121 	1935 	890
f 872 	6849 	561
f 1961 	1973 	904
f 900 	1961 	904
f 6849 	872 	873
f 1001 	1000 	2090
f 907 	904 	1973
f 909 	907 	2090
f 1973 	2090 	907
f 1000 	985 	2090
f 923 	2090 	985
f 923 	909 	2090
f 869 	6848 	6847
f 869 	6847 	870
f 396 	568 	869
f 6848 	869 	568
f 838 	221 	836
f 220 	841 	219
f 219 	844 	218
f 1121 	218 	845
f 217 	218 	1121
f 1169 	216 	1129
f 1129 	217 	1121
f 1167 	216 	1169
f 1173 	208 	1167
f 1179 	208 	1173
f 1186 	208 	1179
f 5609 	873 	2152
f 1192 	208 	1186
f 1197 	208 	1192
f 873 	6850 	6849
f 6850 	873 	5609
f 921 	922 	2094
f 914 	919 	2094
f 875 	6852 	6851
f 875 	6851 	876
f 876 	6851 	862
f 912 	914 	2094
f 216 	1167 	208
f 919 	921 	2094
f 4115 	4112 	2014
f 180 	886 	885
f 2007 	2014 	4112
f 2014 	2017 	4115
f 4118 	4115 	2017
f 4121 	4118 	1931
f 1931 	1935 	4121
f 886 	180 	181
f 886 	181 	889
f 1941 	892 	1935
f 1952 	895 	1941
f 875 	889 	6852
f 181 	6852 	889
f 1955 	898 	1952
f 234 	896 	383
f 920 	383 	896
f 237 	899 	234
f 896 	234 	899
f 1959 	1961 	900
f 237 	249 	899
f 899 	249 	901
f 922 	1001 	2090
f 901 	249 	251
f 901 	251 	902
f 258 	903 	251
f 902 	251 	903
f 264 	905 	258
f 903 	258 	905
f 1994 	2003 	4267
f 1985 	1994 	4262
f 4267 	4262 	1994
f 4258 	4254 	1982
f 905 	264 	267
f 905 	267 	906
f 906 	267 	269
f 906 	269 	908
f 174 	879 	269
f 908 	269 	879
f 2017 	1931 	4118
f 987 	276 	910
f 276 	911 	910
f 290 	292 	913
f 913 	292 	915
f 898 	1955 	900
f 2090 	2094 	922
f 1197 	912 	2094
f 2094 	2099 	1197
f 217 	1129 	216
f 915 	292 	916
f 208 	1197 	2099
f 2099 	2101 	208
f 2101 	2107 	208
f 917 	382 	918
f 13 	207 	2107
f 918 	382 	383
f 918 	383 	920
f 14 	15 	202
f 312 	202 	15
f 882 	879 	175
f 174 	175 	879
f 882 	175 	176
f 882 	176 	883
f 178 	885 	176
f 883 	176 	885
f 885 	178 	180
# 13838 faces

 #end of obj_0

